journeyid,customerid,productid,visitdate,stage,action,duration
1400,1,3,2024-11-11,Purchase,Purchase,543.7
2691,1,5,2023-06-17,Homepage,View,286.3
1570,1,13,2023-06-24,Purchase,Purchase,167.7
1281,1,13,2024-04-04,Homepage,View,102.1
2076,1,20,2023-03-05,ProductPage,Drop-off,
1226,1,29,2023-04-28,Homepage,Drop-off,
2449,1,45,2024-08-09,Purchase,Purchase,344.8
2696,2,4,2023-01-22,Homepage,Click,448.8
165,2,5,2023-07-13,Checkout,Drop-off,
3062,2,16,2023-03-09,Checkout,Drop-off,
1067,2,20,2023-11-16,Purchase,Purchase,10.8
187,2,28,2024-08-29,Homepage,Click,75.0
2133,2,40,2024-03-31,ProductPage,View,330.4
2913,2,48,2023-09-13,Purchase,Purchase,63.9
2511,3,6,2024-04-30,Checkout,Purchase,251.0
3031,3,10,2023-07-26,ProductPage,Click,20.0
134,3,11,2023-05-11,ProductPage,View,33.0
1831,3,25,2023-01-18,ProductPage,View,147.9
3725,3,37,2024-08-30,ProductPage,AddToCart,196.1
3667,4,1,2023-07-03,Homepage,Click,419.2
905,4,5,2024-05-18,Homepage,Drop-off,
3264,4,6,2023-07-02,Homepage,Click,398.1
3295,4,7,2024-01-09,Homepage,Click,588.9
1587,4,10,2024-11-03,Checkout,Purchase,262.7
3094,4,21,2023-01-19,Purchase,Purchase,255.3
417,4,21,2023-09-11,Purchase,Purchase,582.7
606,4,21,2024-06-05,Purchase,Purchase,458.7
3441,4,23,2023-01-27,ProductPage,Click,574.6
1347,4,26,2024-02-02,Homepage,Drop-off,
2230,4,28,2023-10-24,Homepage,Click,298.7
3921,4,37,2024-06-19,Homepage,Click,484.5
786,4,42,2024-11-30,Checkout,Purchase,301.4
2415,4,45,2024-09-07,Checkout,Purchase,63.6
887,4,46,2024-03-11,Checkout,Purchase,495.8
1846,5,1,2024-11-21,ProductPage,Click,518.5
3005,5,7,2024-10-07,Purchase,Purchase,444.9
3531,5,8,2024-11-15,Checkout,Purchase,376.5
3823,5,11,2024-03-07,Purchase,Purchase,69.1
3660,5,14,2024-08-21,ProductPage,View,597.0
2692,5,15,2023-11-27,Purchase,Purchase,354.8
846,5,23,2023-10-17,Purchase,Purchase,240.5
1377,5,32,2024-11-05,Checkout,Purchase,248.0
1332,5,47,2023-01-14,Checkout,Drop-off,
2138,6,8,2023-12-12,Checkout,Purchase,366.2
2951,6,12,2023-01-07,ProductPage,AddToCart,154.0
347,6,15,2024-02-27,Homepage,Drop-off,
1051,6,30,2024-01-29,Purchase,Purchase,375.3
490,6,31,2024-04-09,Purchase,Purchase,218.2
1874,6,36,2024-09-03,ProductPage,View,201.0
1947,6,43,2023-09-02,ProductPage,AddToCart,344.2
2643,6,44,2023-01-09,Homepage,View,273.1
1097,6,48,2024-08-10,Homepage,View,239.2
2539,6,49,2023-04-09,Homepage,Drop-off,
212,7,5,2024-10-21,Purchase,Purchase,172.4
3642,7,19,2024-04-04,Purchase,Purchase,412.9
1912,7,26,2023-02-04,Homepage,View,264.7
1125,7,37,2023-02-15,Homepage,Drop-off,
1207,7,39,2023-10-07,Homepage,Click,597.5
492,7,45,2024-09-30,Purchase,Purchase,344.3
1795,7,48,2024-11-21,Homepage,View,421.9
1924,8,3,2024-01-26,ProductPage,Drop-off,
3310,8,13,2023-10-09,Checkout,Drop-off,
3445,8,22,2023-07-16,Homepage,View,500.0
1845,9,1,2024-12-17,Homepage,View,592.7
2255,9,3,2024-08-18,ProductPage,Click,39.4
1152,9,20,2024-12-07,Homepage,View,138.0
58,9,23,2024-02-01,Checkout,AddToCart,497.0
2917,9,24,2024-07-25,Purchase,Purchase,45.2
1869,9,25,2023-02-14,Checkout,Drop-off,
3710,9,31,2023-12-23,Checkout,Drop-off,
2111,9,37,2024-03-21,ProductPage,Click,273.6
1212,9,38,2023-10-06,Checkout,Drop-off,
1962,9,41,2024-01-04,Homepage,Drop-off,
3371,9,46,2024-04-08,Checkout,Drop-off,
600,10,22,2024-08-21,Homepage,View,433.2
3338,10,42,2024-08-12,Homepage,Drop-off,
2584,10,44,2023-01-05,ProductPage,View,70.6
1253,10,44,2023-12-13,ProductPage,View,328.5
3879,10,50,2023-04-11,Checkout,AddToCart,159.2
2217,11,1,2024-02-07,Purchase,Purchase,509.4
2504,11,1,2024-07-08,ProductPage,View,500.6
3400,11,4,2024-12-25,Purchase,Purchase,170.5
705,11,7,2023-05-13,Checkout,AddToCart,105.5
2797,11,8,2023-01-14,Homepage,View,563.8
566,11,13,2024-02-20,Checkout,Purchase,526.1
3812,11,24,2024-12-10,Checkout,Purchase,77.3
3551,11,28,2023-11-04,ProductPage,View,512.5
3416,11,29,2023-10-03,ProductPage,Click,215.0
2414,11,34,2024-05-04,Homepage,View,211.0
3089,12,3,2023-09-11,Checkout,Purchase,214.6
1694,12,6,2024-07-05,Purchase,Purchase,585.7
2367,12,11,2023-02-15,Homepage,Click,507.0
265,12,11,2024-09-05,Checkout,Drop-off,
1660,12,22,2023-08-03,ProductPage,View,295.0
413,12,39,2024-08-26,Checkout,Drop-off,
2055,12,45,2024-08-31,ProductPage,View,529.9
3775,13,4,2023-03-29,ProductPage,Click,27.5
784,13,10,2024-05-10,ProductPage,AddToCart,283.2
2629,13,15,2024-03-13,Purchase,Purchase,143.3
1175,13,29,2023-03-13,ProductPage,AddToCart,332.8
2600,13,45,2023-12-01,Purchase,Purchase,486.0
2802,14,14,2024-04-23,Homepage,Click,111.2
3935,14,17,2024-07-07,Homepage,Click,499.0
2231,14,26,2024-02-23,Purchase,Purchase,161.1
2213,15,7,2024-11-10,Homepage,Drop-off,
3461,15,11,2024-06-08,ProductPage,Drop-off,
2128,15,12,2023-07-18,Checkout,Drop-off,
1164,15,18,2024-07-08,ProductPage,Click,246.9
3274,15,31,2024-11-08,Purchase,Purchase,334.7
941,15,33,2023-09-21,Homepage,Click,104.3
2120,15,36,2023-01-28,Purchase,Purchase,545.0
1525,15,45,2024-11-12,ProductPage,View,160.0
2047,15,46,2024-12-18,Checkout,Drop-off,
254,15,49,2023-04-17,Purchase,Purchase,417.1
3116,16,8,2024-10-08,ProductPage,Click,146.2
2268,16,19,2023-05-04,ProductPage,View,159.5
2396,16,22,2024-01-15,Homepage,View,557.4
489,16,31,2023-06-10,ProductPage,View,332.0
3088,16,47,2023-06-12,ProductPage,View,291.1
70,17,1,2023-01-27,ProductPage,AddToCart,447.3
735,17,8,2023-07-29,Checkout,Drop-off,
3693,17,8,2024-06-13,ProductPage,Click,342.6
554,17,9,2023-12-24,Checkout,Purchase,464.6
2995,17,12,2024-07-24,Checkout,Drop-off,
2391,17,21,2023-05-26,Homepage,Click,277.6
1441,17,25,2023-09-29,Checkout,Drop-off,
1510,17,30,2023-02-21,Checkout,Drop-off,
2566,17,33,2023-02-07,ProductPage,Click,149.8
1410,17,37,2023-02-10,Purchase,Purchase,154.1
3958,18,8,2023-09-04,Purchase,Purchase,573.2
1191,18,9,2023-01-06,Checkout,Drop-off,
3735,18,22,2023-02-07,ProductPage,AddToCart,359.4
2528,18,24,2023-06-10,Purchase,Purchase,28.5
1527,18,25,2023-11-17,Homepage,Click,42.3
2189,18,33,2023-09-17,Purchase,Purchase,390.6
3268,18,45,2024-07-24,Checkout,AddToCart,108.2
1020,18,48,2024-01-30,Homepage,Click,384.4
2985,19,6,2024-09-14,Homepage,View,70.6
883,19,13,2023-01-26,ProductPage,Click,191.6
2634,19,14,2023-03-17,Checkout,Drop-off,
2817,19,21,2024-12-02,ProductPage,AddToCart,157.6
3687,19,31,2023-09-24,ProductPage,AddToCart,557.1
437,19,32,2024-06-03,ProductPage,AddToCart,511.4
3581,19,37,2023-09-30,ProductPage,View,375.9
263,19,41,2023-08-19,ProductPage,Click,158.6
2476,19,41,2024-10-04,Homepage,View,139.9
56,19,49,2023-02-16,Checkout,Drop-off,
3460,20,12,2024-12-01,Purchase,Purchase,433.2
2975,20,25,2023-05-26,ProductPage,View,267.4
486,20,25,2023-07-08,Homepage,Click,373.0
674,20,35,2023-07-25,Checkout,AddToCart,491.2
2282,20,49,2024-08-29,Checkout,Purchase,135.2
3110,21,2,2023-08-26,Homepage,View,154.9
1154,21,2,2023-09-08,Purchase,Purchase,154.9
3028,21,9,2024-02-09,Purchase,Purchase,104.6
400,21,9,2024-11-25,Homepage,View,273.1
2473,21,29,2024-01-01,Purchase,Purchase,434.7
1802,21,39,2024-04-20,ProductPage,View,52.9
1839,22,2,2023-12-29,ProductPage,View,39.7
1747,22,7,2023-08-05,Homepage,View,166.8
2963,22,7,2024-06-28,Checkout,Drop-off,
2108,22,8,2024-09-24,Homepage,Click,556.1
3787,22,13,2023-02-26,ProductPage,Click,492.7
3130,22,23,2023-03-02,Purchase,Purchase,427.5
1723,22,32,2023-08-13,Homepage,Click,135.8
1676,22,33,2024-09-20,Purchase,Purchase,302.5
3952,22,34,2024-12-30,ProductPage,Click,247.4
3044,22,35,2024-07-08,Homepage,Drop-off,
1476,22,38,2024-06-16,Checkout,Drop-off,
3072,22,39,2023-04-21,Homepage,Click,222.8
1952,22,43,2023-05-18,ProductPage,Click,103.5
1705,23,1,2024-09-09,ProductPage,View,318.5
817,23,5,2024-02-11,ProductPage,Click,246.8
958,23,9,2024-05-26,Checkout,Drop-off,
1916,23,15,2023-07-30,Purchase,Purchase,40.8
1198,23,21,2023-10-20,Checkout,Drop-off,
1505,23,32,2023-04-13,Purchase,Purchase,283.6
2760,23,39,2023-08-29,Checkout,AddToCart,55.7
115,24,1,2023-05-22,ProductPage,Click,168.3
2066,24,5,2023-09-25,Checkout,AddToCart,448.7
2376,24,7,2024-06-17,Checkout,AddToCart,133.8
3211,24,16,2024-12-31,Checkout,AddToCart,372.4
851,24,21,2023-07-03,Checkout,Purchase,428.8
213,24,22,2024-01-01,Purchase,Purchase,301.0
976,24,28,2024-03-19,Purchase,Purchase,17.7
1106,24,32,2023-01-24,Checkout,Purchase,197.3
3359,24,33,2023-04-21,Purchase,Purchase,435.0
34,24,44,2023-05-29,ProductPage,AddToCart,88.2
2288,24,45,2024-04-23,Purchase,Purchase,545.1
1414,25,12,2023-02-11,Homepage,View,288.5
2785,25,18,2024-03-06,Purchase,Purchase,207.5
2757,25,22,2023-02-23,Purchase,Purchase,150.8
2949,25,41,2023-06-04,ProductPage,View,555.2
3776,25,43,2023-04-21,Homepage,View,82.9
870,26,12,2023-06-01,Homepage,Click,403.5
616,26,37,2023-07-31,Checkout,Drop-off,
2160,26,46,2023-07-26,ProductPage,View,283.3
1132,26,50,2024-02-14,Purchase,Purchase,363.1
1717,27,10,2023-08-09,ProductPage,View,490.5
3884,27,13,2024-03-08,ProductPage,View,361.1
3738,27,27,2024-09-03,Purchase,Purchase,49.2
2226,27,30,2023-07-21,Checkout,AddToCart,125.7
1872,27,39,2024-07-07,Checkout,AddToCart,498.6
894,27,47,2024-06-03,Checkout,AddToCart,385.3
3267,28,5,2024-01-17,Checkout,Purchase,287.4
1630,28,23,2024-04-21,Purchase,Purchase,56.1
2818,28,29,2024-03-30,Checkout,Drop-off,
868,28,41,2024-08-20,Homepage,Click,411.6
1157,28,43,2023-09-12,ProductPage,AddToCart,271.0
3607,28,49,2024-03-18,Purchase,Purchase,367.0
283,29,7,2023-12-31,Purchase,Purchase,588.4
517,29,27,2024-11-09,Homepage,Click,155.1
2291,29,33,2024-11-21,Checkout,Drop-off,
1801,29,48,2023-03-14,Purchase,Purchase,151.6
47,30,6,2024-05-12,ProductPage,View,63.2
2355,30,11,2023-12-15,Purchase,Purchase,576.4
3208,30,23,2023-03-15,Purchase,Purchase,72.8
2711,30,24,2024-06-28,ProductPage,View,491.0
1646,30,26,2023-05-19,ProductPage,View,518.4
3575,30,44,2024-05-04,Checkout,Purchase,36.2
2621,31,9,2023-07-29,Checkout,Drop-off,
929,31,18,2024-09-16,Purchase,Purchase,237.0
594,31,19,2023-07-25,Checkout,AddToCart,239.3
2170,31,20,2023-12-10,Homepage,Click,328.5
1605,31,24,2023-02-02,ProductPage,Click,495.4
2180,31,38,2023-05-01,ProductPage,View,53.3
2441,31,40,2024-05-09,Checkout,AddToCart,452.9
3329,31,41,2023-08-01,Checkout,AddToCart,485.7
2187,31,44,2024-01-18,Homepage,View,12.8
1785,32,10,2024-12-14,Homepage,View,582.7
1975,32,16,2023-08-07,ProductPage,AddToCart,363.9
3965,32,18,2024-03-27,Checkout,Drop-off,
3269,32,28,2024-11-09,ProductPage,View,482.5
1657,32,39,2023-08-03,Checkout,Purchase,111.7
3175,32,44,2024-12-05,Checkout,AddToCart,513.2
2883,32,46,2023-09-23,Checkout,AddToCart,328.9
308,32,50,2023-08-16,ProductPage,View,563.2
26,33,2,2024-01-12,Checkout,Drop-off,
1009,33,3,2023-08-14,Checkout,AddToCart,314.2
241,33,12,2023-06-09,Checkout,Drop-off,
1093,33,18,2024-10-25,Purchase,Purchase,377.4
1865,33,23,2024-02-20,Purchase,Purchase,415.4
2107,33,24,2024-05-31,Checkout,AddToCart,12.6
1158,33,27,2024-01-08,Homepage,View,149.3
3821,33,34,2023-09-04,ProductPage,AddToCart,588.1
1677,33,47,2024-10-04,Purchase,Purchase,236.8
77,34,18,2024-01-25,Purchase,Purchase,401.0
1563,34,20,2023-04-28,Checkout,AddToCart,398.1
2549,34,22,2023-09-10,Checkout,AddToCart,478.5
3075,34,23,2024-08-20,Homepage,View,188.5
1122,34,24,2024-03-29,Checkout,Purchase,155.2
3319,34,29,2023-01-12,ProductPage,Click,588.9
2011,34,33,2024-05-20,ProductPage,Click,577.5
3038,34,36,2023-03-28,ProductPage,AddToCart,175.7
3679,34,43,2023-10-13,Checkout,AddToCart,462.9
1791,34,45,2024-10-23,Homepage,View,61.7
2971,35,1,2023-11-16,ProductPage,View,65.9
2644,35,3,2023-06-07,Checkout,Drop-off,
2875,35,5,2023-03-31,Checkout,Drop-off,
1813,35,20,2024-10-29,ProductPage,Drop-off,
2599,35,23,2023-12-06,ProductPage,Click,69.8
2779,35,25,2023-01-29,Homepage,View,64.5
2042,35,37,2024-08-21,Checkout,Drop-off,
1117,35,46,2024-07-30,Checkout,Drop-off,
3234,36,12,2023-05-19,Checkout,Drop-off,
3919,36,12,2023-11-04,Purchase,Purchase,555.2
622,36,15,2024-01-23,Purchase,Purchase,318.4
3280,36,23,2023-01-25,Checkout,Purchase,342.2
1404,36,31,2024-11-26,Checkout,AddToCart,72.1
2672,37,6,2023-06-15,Checkout,Purchase,167.8
1905,37,15,2023-10-10,ProductPage,Drop-off,
539,37,16,2024-04-17,ProductPage,Click,566.4
3904,37,22,2023-08-04,ProductPage,View,523.8
2325,38,9,2024-06-11,Purchase,Purchase,247.4
1967,38,11,2024-03-12,Purchase,Purchase,480.8
1455,38,17,2024-07-11,Homepage,View,396.1
1761,38,31,2024-08-22,Purchase,Purchase,137.5
2419,38,31,2024-08-31,ProductPage,View,55.5
2403,39,6,2024-11-15,ProductPage,Drop-off,
1681,39,12,2024-01-18,Homepage,View,519.6
860,39,16,2023-06-14,Checkout,Drop-off,
1853,39,17,2023-12-04,Purchase,Purchase,91.3
1784,39,18,2023-07-14,Homepage,Click,300.6
2903,39,18,2024-07-02,Purchase,Purchase,442.3
2238,39,20,2023-08-16,ProductPage,View,316.6
3403,39,32,2023-11-12,Checkout,Purchase,119.0
442,39,37,2023-04-05,Homepage,Click,61.8
1843,40,1,2023-06-02,ProductPage,Click,473.5
3451,40,7,2023-12-06,Checkout,Purchase,323.1
1796,40,12,2023-04-13,ProductPage,View,280.2
2623,40,16,2023-12-22,Checkout,AddToCart,428.3
2041,40,20,2024-09-10,Homepage,Drop-off,
344,40,24,2023-10-31,Homepage,Click,330.6
959,40,24,2024-09-09,Checkout,AddToCart,48.5
1411,40,27,2023-04-09,Checkout,Drop-off,
1094,40,32,2023-08-05,Checkout,Purchase,128.1
1351,40,34,2023-09-15,Purchase,Purchase,249.4
3936,40,40,2023-04-20,Homepage,Drop-off,
3746,41,4,2024-04-02,ProductPage,View,562.4
3518,41,30,2023-01-11,ProductPage,Drop-off,
2094,41,41,2024-04-28,ProductPage,View,476.8
3192,41,47,2023-04-08,Checkout,Drop-off,
1749,41,47,2023-04-13,Homepage,View,172.1
2680,41,49,2024-10-20,Purchase,Purchase,187.2
2326,41,50,2023-02-27,Checkout,Purchase,522.0
2574,42,20,2024-12-30,Purchase,Purchase,405.1
3826,42,22,2024-04-07,Homepage,Click,589.4
778,42,26,2023-12-24,Homepage,View,227.6
1943,42,32,2023-12-07,ProductPage,Click,133.5
2661,42,47,2023-09-10,Checkout,Drop-off,
2185,43,12,2024-03-30,Homepage,View,112.1
2567,43,14,2024-12-04,Purchase,Purchase,95.7
836,43,19,2024-04-24,Purchase,Purchase,187.2
967,43,19,2024-05-28,Homepage,Click,52.1
3215,43,19,2024-09-04,Purchase,Purchase,448.8
449,43,19,2024-10-31,Checkout,AddToCart,233.1
2532,43,23,2024-12-03,Homepage,Click,104.9
2294,43,31,2024-08-08,Homepage,Click,266.3
688,43,36,2024-11-03,ProductPage,AddToCart,174.7
1953,43,45,2023-07-14,Purchase,Purchase,472.4
1012,43,45,2024-03-14,Checkout,AddToCart,33.2
2204,43,48,2023-01-09,ProductPage,Click,582.3
2188,44,9,2023-04-09,Homepage,Click,335.4
3978,44,14,2023-08-25,Checkout,Drop-off,
3909,44,16,2024-07-09,Checkout,Purchase,223.4
914,44,21,2023-04-05,Homepage,View,110.8
166,44,23,2023-11-25,ProductPage,Click,277.9
330,44,38,2024-08-23,Checkout,Drop-off,
3529,45,8,2023-04-02,Checkout,Drop-off,
839,45,12,2023-11-22,Homepage,Click,231.0
286,45,31,2024-12-06,Checkout,Purchase,349.3
3569,45,39,2023-09-17,ProductPage,Click,454.7
1245,45,42,2023-12-09,Purchase,Purchase,297.5
431,45,47,2024-11-01,Purchase,Purchase,105.3
3045,45,49,2024-08-12,ProductPage,Drop-off,
3314,46,17,2023-12-10,Purchase,Purchase,89.4
3472,46,27,2023-02-26,ProductPage,AddToCart,399.7
847,46,29,2023-11-12,Checkout,Purchase,318.8
367,46,34,2024-12-02,Checkout,Drop-off,
3297,46,47,2023-03-05,Homepage,Drop-off,
1337,47,8,2024-07-24,Homepage,Click,239.7
3230,47,11,2024-01-15,Checkout,AddToCart,438.5
3146,47,11,2024-08-16,Homepage,Click,194.7
1756,47,12,2023-09-24,Purchase,Purchase,391.9
1360,47,19,2023-01-29,Purchase,Purchase,470.1
66,47,39,2024-09-25,Checkout,Drop-off,
2673,47,41,2023-03-23,Homepage,Click,43.9
2331,47,42,2024-07-11,Purchase,Purchase,227.9
2893,48,6,2023-01-27,Purchase,Purchase,100.3
1763,48,9,2024-06-21,Homepage,View,206.9
1899,48,21,2023-02-26,ProductPage,Click,174.0
3534,48,28,2023-11-03,ProductPage,Drop-off,
2745,48,29,2024-06-02,Homepage,Click,210.7
39,48,31,2024-11-06,ProductPage,Drop-off,
1622,48,35,2024-12-10,Checkout,Drop-off,
1870,48,40,2023-11-30,Purchase,Purchase,571.3
1668,48,48,2024-02-23,Purchase,Purchase,343.0
1548,49,11,2024-09-02,Purchase,Purchase,217.9
3840,49,15,2023-01-09,Homepage,Click,123.9
2698,49,15,2023-05-14,Purchase,Purchase,365.6
3097,49,26,2024-08-10,Purchase,Purchase,289.9
1573,49,26,2024-12-16,Homepage,View,380.6
1066,49,36,2023-03-02,Homepage,View,598.1
1139,50,15,2024-07-01,ProductPage,Click,90.9
1500,50,16,2023-07-29,Homepage,Click,42.8
3440,50,18,2023-03-23,Purchase,Purchase,597.2
3417,50,19,2024-08-02,Purchase,Purchase,81.7
1988,50,25,2024-05-18,Checkout,Purchase,130.6
1174,50,31,2023-05-12,Checkout,Drop-off,
2007,50,31,2024-05-19,ProductPage,View,94.1
995,50,40,2024-07-04,ProductPage,View,105.5
1860,50,47,2023-09-08,Purchase,Purchase,530.6
564,50,49,2024-11-05,ProductPage,View,481.9
1440,51,9,2023-08-28,Checkout,Drop-off,
2356,51,10,2024-02-21,Checkout,Purchase,58.4
2039,51,15,2023-09-10,Homepage,Drop-off,
1744,51,23,2023-10-19,ProductPage,View,532.4
509,51,25,2023-05-30,ProductPage,Drop-off,
694,51,33,2024-05-22,Purchase,Purchase,398.3
3844,51,35,2024-08-31,ProductPage,View,397.3
370,51,38,2024-11-29,Checkout,Drop-off,
2373,51,48,2024-09-29,Purchase,Purchase,193.6
1876,52,1,2023-03-04,Checkout,Drop-off,
2697,52,1,2023-12-24,ProductPage,View,290.7
384,52,12,2023-09-18,Purchase,Purchase,40.9
1230,52,21,2023-12-04,Checkout,Drop-off,
3906,52,26,2023-04-29,Checkout,Purchase,42.3
1148,52,26,2024-06-11,ProductPage,AddToCart,303.3
1636,52,27,2024-05-20,Checkout,Purchase,221.7
2630,52,31,2024-01-17,ProductPage,AddToCart,571.0
3944,52,32,2023-07-17,ProductPage,Drop-off,
491,52,34,2024-03-16,Checkout,Drop-off,
2384,52,43,2024-06-16,Checkout,Drop-off,
1787,52,46,2024-05-12,ProductPage,Click,166.8
3503,52,47,2024-06-23,ProductPage,AddToCart,232.9
2926,52,47,2024-12-14,Purchase,Purchase,131.6
61,53,6,2024-09-09,ProductPage,View,150.4
1037,53,10,2024-04-17,Homepage,Click,120.3
29,53,12,2023-06-29,ProductPage,Drop-off,
3276,53,16,2024-01-17,ProductPage,View,65.2
2001,53,19,2023-10-03,ProductPage,AddToCart,98.9
901,53,22,2024-07-02,Checkout,Drop-off,
2023,53,34,2024-10-06,ProductPage,AddToCart,208.7
1938,53,35,2023-10-31,Homepage,Click,548.2
3159,53,38,2024-08-24,Checkout,AddToCart,265.7
1324,53,43,2024-01-15,Purchase,Purchase,495.1
1659,53,44,2023-11-04,ProductPage,Click,462.2
278,53,46,2023-04-29,ProductPage,Click,466.8
2976,54,1,2024-05-12,Homepage,Click,249.2
723,54,14,2024-06-26,ProductPage,Click,94.0
274,54,20,2023-09-15,Homepage,Click,567.8
3835,54,33,2024-02-07,ProductPage,AddToCart,205.5
6,54,36,2023-12-21,Checkout,Purchase,266.7
671,54,48,2023-02-23,ProductPage,View,51.8
3383,55,9,2023-08-13,Checkout,Purchase,129.8
3243,55,9,2024-10-06,Homepage,View,492.3
3406,55,10,2024-07-22,ProductPage,Drop-off,
1850,55,17,2023-06-12,ProductPage,View,345.7
3020,55,21,2023-01-17,Purchase,Purchase,569.7
3361,55,36,2023-12-22,Purchase,Purchase,98.1
3767,56,2,2023-11-05,ProductPage,AddToCart,447.5
3160,56,4,2024-05-10,Purchase,Purchase,223.6
3057,56,6,2023-07-04,Homepage,Drop-off,
1003,56,11,2023-12-25,Homepage,View,365.0
3115,56,47,2023-11-10,Purchase,Purchase,355.9
3618,56,49,2023-05-03,Purchase,Purchase,570.6
404,57,3,2024-04-28,ProductPage,View,261.8
2943,57,11,2023-09-13,ProductPage,Drop-off,
1,57,18,2024-07-13,Purchase,Purchase,220.0
3683,57,21,2023-08-22,Homepage,View,535.9
2390,57,21,2024-07-03,Homepage,View,596.1
2718,57,26,2023-07-16,Homepage,View,394.8
1809,57,36,2024-10-10,Homepage,View,60.7
2377,57,43,2024-01-24,Homepage,Click,388.4
2886,57,46,2023-12-06,Checkout,Drop-off,
1182,57,46,2024-12-24,Homepage,Click,520.1
3321,58,6,2023-08-29,Purchase,Purchase,338.9
2921,58,23,2023-08-04,Checkout,Drop-off,
1927,58,27,2024-12-27,Purchase,Purchase,540.9
3659,58,40,2023-05-25,Purchase,Purchase,124.1
2092,58,42,2024-11-06,Purchase,Purchase,102.7
488,58,44,2024-11-15,Checkout,Purchase,217.5
1392,59,3,2024-03-10,Purchase,Purchase,297.4
979,59,5,2024-04-30,Homepage,Click,361.6
506,59,22,2024-10-22,Homepage,View,465.7
1327,59,26,2024-08-27,ProductPage,AddToCart,490.5
1018,59,28,2024-08-09,ProductPage,Drop-off,
1025,59,32,2024-09-01,ProductPage,View,503.2
1092,59,40,2023-11-07,Checkout,Drop-off,
3986,59,43,2023-11-13,Homepage,Click,546.3
3987,59,44,2024-02-21,Checkout,Drop-off,
3586,59,46,2023-05-20,Checkout,Drop-off,
104,60,1,2023-11-15,Homepage,Click,285.5
3402,60,11,2023-06-06,Purchase,Purchase,517.3
2622,60,12,2024-04-20,Checkout,Drop-off,
3609,60,36,2023-02-10,ProductPage,View,240.5
1992,60,37,2024-01-12,ProductPage,Drop-off,
27,60,45,2023-05-10,Homepage,View,76.8
1141,61,23,2023-10-18,Homepage,View,138.5
3573,61,23,2024-08-06,Purchase,Purchase,228.0
94,61,29,2024-10-01,Homepage,Drop-off,
3453,61,31,2024-06-25,Purchase,Purchase,28.1
830,61,33,2023-05-06,Homepage,View,253.4
2523,61,34,2023-11-15,Homepage,Click,268.6
1997,61,40,2024-09-25,Purchase,Purchase,168.3
950,61,49,2023-10-10,Purchase,Purchase,101.7
3399,62,8,2024-04-08,ProductPage,AddToCart,22.5
3740,62,9,2024-02-15,Homepage,View,20.4
2982,62,16,2023-03-20,Purchase,Purchase,168.0
2712,62,18,2024-10-20,Purchase,Purchase,554.9
1849,62,23,2024-12-01,ProductPage,Click,133.9
3790,62,36,2023-06-07,Purchase,Purchase,464.0
862,62,36,2023-06-08,Checkout,AddToCart,343.4
2308,63,1,2023-11-23,Homepage,Click,199.7
997,63,17,2023-05-05,ProductPage,AddToCart,24.5
16,63,19,2024-02-12,ProductPage,Click,244.1
444,63,20,2024-02-19,Purchase,Purchase,506.6
2088,63,24,2023-02-25,Homepage,Drop-off,
673,63,24,2023-03-20,Homepage,Click,107.3
2329,63,26,2024-08-06,ProductPage,AddToCart,516.1
196,63,30,2023-01-27,ProductPage,AddToCart,281.5
1918,63,33,2024-07-01,Purchase,Purchase,372.5
2937,63,37,2023-09-04,Homepage,View,513.2
2618,63,42,2024-11-15,Checkout,Drop-off,
2286,64,2,2024-09-22,Checkout,Drop-off,
125,64,7,2023-09-10,Purchase,Purchase,107.7
785,64,11,2023-10-14,ProductPage,AddToCart,158.2
2690,64,23,2024-01-21,Checkout,Purchase,590.4
1645,64,30,2024-01-15,ProductPage,Click,175.9
2479,64,34,2023-07-17,Homepage,View,465.9
17,64,39,2023-01-09,Checkout,Purchase,184.0
1050,64,42,2024-07-26,Homepage,View,41.2
2909,64,49,2023-08-01,Homepage,View,337.3
3626,64,50,2024-04-18,Checkout,Drop-off,
1115,65,2,2024-08-12,ProductPage,Click,291.3
2162,65,3,2023-12-05,Homepage,Drop-off,
3819,65,10,2023-12-19,Homepage,Click,211.9
3891,65,14,2024-06-25,Purchase,Purchase,368.4
1858,65,16,2023-05-16,Checkout,AddToCart,225.7
1536,65,32,2023-08-27,Checkout,Drop-off,
3277,65,34,2023-04-24,Homepage,View,283.0
2179,65,34,2024-01-15,Checkout,Purchase,331.2
3357,65,34,2024-08-24,Purchase,Purchase,359.4
2411,65,40,2023-08-17,ProductPage,Drop-off,
52,66,2,2024-08-28,ProductPage,AddToCart,435.7
3247,66,6,2024-08-16,Homepage,Click,17.8
617,66,8,2024-11-18,ProductPage,Click,453.9
3927,66,12,2024-01-30,Checkout,Purchase,254.2
1544,66,20,2024-08-21,Purchase,Purchase,221.1
1490,66,21,2024-02-14,Purchase,Purchase,477.7
2771,66,32,2024-06-23,Checkout,Drop-off,
2806,66,37,2024-06-03,Purchase,Purchase,395.8
1978,66,44,2023-11-04,ProductPage,Click,55.2
148,66,45,2024-05-07,Purchase,Purchase,46.3
923,66,49,2023-01-14,ProductPage,Click,523.2
3899,66,50,2024-05-10,Purchase,Purchase,27.1
3422,67,9,2023-10-16,Homepage,View,498.4
1121,67,37,2024-03-04,Checkout,Purchase,94.4
395,67,39,2024-07-06,Homepage,Drop-off,
877,67,45,2023-11-28,Checkout,Drop-off,
368,68,1,2023-01-01,Purchase,Purchase,34.5
2345,68,6,2024-12-16,Purchase,Purchase,390.2
2368,68,9,2024-03-25,Purchase,Purchase,420.3
2704,68,27,2023-07-04,ProductPage,Click,11.6
2438,68,42,2023-06-25,ProductPage,AddToCart,373.9
2939,69,2,2023-08-29,Purchase,Purchase,335.5
1201,69,14,2024-08-02,Purchase,Purchase,522.5
1357,69,18,2023-02-22,ProductPage,Drop-off,
928,69,19,2024-01-11,Checkout,Drop-off,
3816,69,24,2024-02-11,Homepage,Click,166.5
546,69,27,2024-09-18,Checkout,Purchase,496.1
3698,69,32,2023-01-05,Homepage,Click,555.4
613,69,49,2023-03-28,Checkout,Purchase,284.5
1365,70,3,2023-09-12,ProductPage,Click,132.7
2463,70,8,2024-05-05,ProductPage,AddToCart,116.4
1188,70,15,2024-11-22,ProductPage,Click,13.8
2427,70,38,2024-09-11,Checkout,Drop-off,
3559,70,50,2024-06-20,Homepage,View,44.0
271,71,15,2023-03-27,ProductPage,View,215.6
3621,71,18,2023-03-04,ProductPage,View,145.9
3708,71,23,2023-10-18,ProductPage,Drop-off,
755,71,24,2023-10-25,Checkout,Purchase,184.5
3373,71,32,2023-07-12,Homepage,View,395.9
602,71,33,2023-11-24,Checkout,Purchase,311.0
2843,71,37,2024-06-10,Purchase,Purchase,182.3
1483,72,8,2024-12-12,Purchase,Purchase,341.0
1618,72,9,2023-01-28,Checkout,AddToCart,114.3
1320,72,12,2023-04-26,Purchase,Purchase,24.8
3807,72,13,2023-06-07,Purchase,Purchase,461.6
3760,72,22,2023-01-09,Checkout,Drop-off,
433,72,23,2024-03-20,Homepage,View,121.8
3592,72,31,2024-07-30,Purchase,Purchase,292.6
1270,72,33,2024-04-22,ProductPage,Drop-off,
3313,72,36,2024-12-19,Checkout,AddToCart,51.0
2527,72,39,2023-11-09,Homepage,View,502.4
3177,72,44,2023-07-24,Checkout,AddToCart,60.5
528,73,1,2024-11-13,Purchase,Purchase,584.9
829,73,8,2023-03-23,Checkout,Drop-off,
2263,73,9,2023-07-29,Purchase,Purchase,295.0
1643,73,12,2023-05-03,Homepage,Drop-off,
3970,73,16,2024-12-06,ProductPage,Click,38.9
1024,73,19,2024-06-19,ProductPage,Drop-off,
669,73,20,2023-08-09,ProductPage,AddToCart,85.8
2379,73,30,2024-10-23,Purchase,Purchase,116.1
699,73,44,2023-08-16,Homepage,View,470.2
1915,73,48,2023-12-31,Homepage,View,282.3
2126,74,10,2024-08-26,Purchase,Purchase,534.5
1857,74,17,2024-03-23,Checkout,Drop-off,
1089,74,24,2023-03-02,Purchase,Purchase,203.1
3393,74,25,2024-08-04,Checkout,AddToCart,427.4
3023,74,32,2023-04-28,Purchase,Purchase,43.6
2477,74,32,2024-12-07,ProductPage,Click,434.4
424,74,36,2023-06-01,ProductPage,View,173.9
1509,74,38,2024-02-27,ProductPage,Click,80.2
382,74,42,2023-01-08,Checkout,Drop-off,
2670,75,2,2024-06-25,ProductPage,AddToCart,428.0
1427,75,17,2023-05-08,Homepage,Click,421.2
3368,75,31,2024-09-06,Purchase,Purchase,228.8
3784,75,35,2024-01-11,Checkout,Purchase,452.4
806,75,38,2023-04-07,Homepage,Click,175.7
833,76,2,2023-11-18,ProductPage,AddToCart,291.7
720,76,8,2023-12-24,Homepage,View,452.5
2679,76,22,2024-09-25,Checkout,Purchase,578.6
626,76,24,2024-04-04,ProductPage,Click,559.3
1283,76,30,2023-09-13,Homepage,Drop-off,
1818,76,38,2023-02-01,Homepage,Drop-off,
3052,77,10,2023-04-26,Purchase,Purchase,414.2
2970,77,18,2023-12-12,ProductPage,View,573.6
1276,77,40,2024-08-11,Purchase,Purchase,100.8
2659,77,41,2024-02-16,Purchase,Purchase,534.0
1284,77,43,2024-12-04,Checkout,Drop-off,
3426,77,48,2024-01-29,Purchase,Purchase,131.0
2752,78,2,2023-02-20,Checkout,Drop-off,
2408,78,3,2023-11-26,Purchase,Purchase,133.4
3311,78,11,2024-03-01,Homepage,Click,335.9
1794,78,41,2024-07-10,Purchase,Purchase,328.7
1983,79,2,2024-11-09,Purchase,Purchase,12.7
1366,79,4,2023-11-18,Purchase,Purchase,394.8
812,79,17,2023-11-04,Purchase,Purchase,179.7
2059,79,19,2024-05-02,Checkout,AddToCart,431.6
1704,79,19,2024-06-01,Homepage,View,435.5
280,79,20,2024-02-22,ProductPage,View,430.8
3128,79,22,2024-08-04,Purchase,Purchase,240.5
1980,79,32,2024-02-27,Purchase,Purchase,386.2
176,79,37,2024-08-03,Checkout,Drop-off,
2854,79,37,2024-11-24,Checkout,Purchase,107.5
1303,79,42,2024-01-08,Checkout,Drop-off,
2000,80,4,2024-10-19,Homepage,Click,243.9
2322,80,9,2024-02-17,Homepage,View,39.3
866,80,12,2023-10-15,ProductPage,View,449.6
672,80,13,2023-01-05,Homepage,Drop-off,
3173,80,15,2024-04-14,Checkout,Purchase,346.2
553,80,20,2024-01-17,ProductPage,Click,149.5
177,80,39,2024-01-19,ProductPage,Drop-off,
3647,80,40,2024-08-21,ProductPage,AddToCart,461.3
1985,80,43,2023-10-08,Homepage,Click,154.8
2935,80,43,2024-11-15,Homepage,View,454.8
2215,80,46,2024-05-14,ProductPage,Drop-off,
2285,80,49,2023-03-29,Homepage,Click,97.1
2422,81,7,2024-12-06,Checkout,Drop-off,
2095,81,20,2024-08-04,Checkout,Drop-off,
2104,81,39,2024-12-15,Checkout,AddToCart,268.0
2082,81,43,2024-01-29,Purchase,Purchase,419.4
1996,81,44,2023-11-08,Homepage,View,429.6
1317,82,6,2024-07-12,ProductPage,AddToCart,299.8
780,82,21,2023-11-24,Purchase,Purchase,425.4
3324,82,32,2024-11-12,Homepage,View,426.6
3625,82,38,2024-06-27,ProductPage,View,506.9
760,83,3,2023-06-04,Purchase,Purchase,248.5
911,83,5,2023-10-14,Checkout,Purchase,281.8
1014,83,10,2024-11-29,Purchase,Purchase,572.2
2350,83,11,2023-01-19,Homepage,View,109.4
2791,83,12,2023-05-02,ProductPage,View,276.6
3351,83,35,2023-12-11,ProductPage,Click,199.8
1925,83,38,2023-09-19,Homepage,View,100.7
974,83,41,2024-09-12,Homepage,View,281.9
863,84,7,2024-12-22,Homepage,Click,543.7
3139,84,25,2024-04-23,ProductPage,View,571.1
3543,84,26,2023-05-23,Purchase,Purchase,336.2
2242,84,27,2023-06-07,Checkout,Drop-off,
891,84,38,2023-03-01,ProductPage,Click,106.4
1403,84,46,2023-08-29,Homepage,Click,253.5
3860,85,3,2023-07-23,Homepage,View,101.0
2929,85,4,2023-07-28,Checkout,Purchase,144.5
2394,85,4,2023-08-31,Homepage,View,210.0
2705,85,9,2023-05-16,Homepage,Click,22.1
730,85,44,2024-05-20,Homepage,View,373.9
1781,86,3,2023-09-26,Homepage,Click,537.7
2034,86,13,2024-09-27,Purchase,Purchase,49.5
1661,86,21,2024-10-30,Checkout,Drop-off,
3448,86,22,2024-04-01,Homepage,View,42.9
1353,86,30,2023-07-14,ProductPage,Drop-off,
1728,86,36,2023-03-12,Purchase,Purchase,190.8
3011,86,36,2024-06-25,Purchase,Purchase,91.2
644,86,41,2023-12-12,Purchase,Purchase,510.9
3509,86,47,2023-06-21,Homepage,Click,341.6
3600,87,13,2024-05-28,Homepage,View,92.6
2362,87,14,2024-05-16,ProductPage,View,318.8
2338,87,44,2023-02-06,Checkout,Purchase,598.1
1654,88,2,2024-07-27,Purchase,Purchase,215.1
1234,88,4,2023-08-24,Purchase,Purchase,462.5
3658,88,5,2023-11-15,Checkout,Drop-off,
942,88,6,2023-09-30,Checkout,Drop-off,
1808,88,15,2023-02-16,ProductPage,View,173.9
2351,88,21,2024-02-03,ProductPage,Click,323.7
3162,88,24,2023-02-05,ProductPage,AddToCart,461.0
1316,88,37,2024-07-13,Checkout,Drop-off,
2436,88,38,2024-08-30,Purchase,Purchase,146.3
105,88,39,2023-02-17,ProductPage,View,496.9
2998,88,42,2023-10-29,Purchase,Purchase,468.1
931,89,10,2024-08-13,ProductPage,AddToCart,442.4
311,89,11,2023-12-23,ProductPage,View,154.4
3151,89,13,2024-06-12,Purchase,Purchase,395.2
185,89,15,2023-10-14,Homepage,View,517.9
1140,89,18,2024-02-17,ProductPage,AddToCart,243.5
3388,89,26,2023-11-22,ProductPage,Click,307.5
1822,89,27,2023-04-13,Homepage,Click,190.2
481,89,31,2023-05-23,ProductPage,Click,256.2
3203,89,33,2024-10-08,ProductPage,Drop-off,
3975,89,40,2023-10-31,ProductPage,View,162.9
2837,89,46,2024-07-10,Homepage,Click,128.1
3271,89,49,2023-08-09,Checkout,Drop-off,
3527,89,49,2024-01-21,Checkout,Drop-off,
1131,90,17,2023-11-06,Checkout,AddToCart,560.4
2675,90,20,2023-04-03,Purchase,Purchase,50.7
99,90,42,2024-09-13,Homepage,Drop-off,
1322,90,46,2024-12-10,ProductPage,View,349.0
1334,90,49,2023-11-27,Purchase,Purchase,580.6
700,91,9,2023-03-26,Purchase,Purchase,271.6
2310,91,12,2023-12-25,Purchase,Purchase,584.2
819,91,16,2024-08-29,Checkout,Drop-off,
3465,91,17,2023-04-14,Homepage,Drop-off,
3007,91,21,2023-03-02,Homepage,View,75.4
3568,91,28,2024-06-01,Purchase,Purchase,393.8
1344,91,33,2023-06-02,Purchase,Purchase,327.2
3599,91,33,2023-06-16,Checkout,Drop-off,
2803,91,34,2023-03-26,Purchase,Purchase,492.0
2544,91,39,2023-09-12,Checkout,Purchase,170.4
1171,91,41,2023-12-02,Checkout,Drop-off,
2365,92,3,2023-07-26,Homepage,Click,503.4
3628,92,3,2024-03-04,Checkout,Drop-off,
194,92,11,2024-11-19,Checkout,Drop-off,
2470,92,17,2024-07-25,Homepage,Click,238.9
2648,92,24,2023-12-25,Homepage,View,131.8
573,92,25,2024-09-11,Checkout,AddToCart,55.1
3244,92,29,2024-04-18,Homepage,Click,293.3
2488,92,30,2024-10-28,Checkout,Drop-off,
2079,92,32,2024-12-05,ProductPage,View,582.7
304,92,40,2024-03-18,Purchase,Purchase,422.1
2149,92,43,2024-08-03,Homepage,View,597.0
1187,92,47,2023-12-29,Purchase,Purchase,534.2
612,92,47,2024-02-11,Purchase,Purchase,122.3
3722,93,11,2023-08-21,ProductPage,Click,340.9
2922,93,13,2024-01-25,Homepage,View,404.1
3608,93,25,2024-05-10,Purchase,Purchase,201.9
1508,93,38,2024-11-15,Checkout,AddToCart,516.9
1555,93,40,2023-02-16,Checkout,Drop-off,
2173,93,40,2023-08-27,Checkout,Drop-off,
293,93,43,2024-08-03,Homepage,Drop-off,
603,94,2,2024-08-12,Homepage,View,373.9
1772,94,15,2023-12-11,ProductPage,View,262.6
214,94,17,2023-01-14,Purchase,Purchase,533.0
3932,94,23,2024-11-01,Checkout,Purchase,268.5
2859,94,28,2023-02-08,Purchase,Purchase,489.1
2040,94,29,2023-11-18,Checkout,Drop-off,
2701,94,35,2023-10-03,Homepage,Drop-off,
758,94,35,2023-12-02,ProductPage,Drop-off,
168,94,39,2023-11-22,ProductPage,AddToCart,205.4
2901,95,11,2024-02-25,ProductPage,View,277.7
3632,95,24,2023-05-28,Homepage,Click,136.7
2722,95,41,2024-03-30,ProductPage,View,349.7
318,95,43,2023-12-26,Homepage,View,569.8
3928,95,45,2024-09-24,Homepage,Click,102.6
3354,95,50,2024-03-04,Checkout,Drop-off,
3707,96,2,2024-09-22,Purchase,Purchase,578.5
2987,96,16,2023-02-14,Checkout,Purchase,470.1
1194,96,23,2023-12-22,Homepage,View,410.5
652,96,35,2023-12-12,Purchase,Purchase,239.6
3245,96,36,2023-09-27,ProductPage,View,118.5
1325,96,37,2023-01-01,Purchase,Purchase,386.2
1069,97,3,2023-11-06,ProductPage,Drop-off,
1921,97,10,2024-06-13,ProductPage,Drop-off,
3649,97,18,2024-02-24,ProductPage,View,366.7
668,97,27,2024-01-22,Purchase,Purchase,232.8
1286,97,32,2024-07-09,Checkout,AddToCart,365.0
2058,97,50,2024-09-19,ProductPage,Drop-off,
2615,98,4,2023-11-11,Checkout,AddToCart,430.2
3356,98,8,2023-01-17,ProductPage,Drop-off,
85,98,14,2024-04-03,Homepage,Drop-off,
1104,98,20,2023-07-08,Checkout,Drop-off,
2060,98,34,2024-11-30,Purchase,Purchase,177.0
516,98,36,2024-04-19,Homepage,View,119.9
853,98,40,2023-08-01,Purchase,Purchase,136.1
1091,98,48,2023-05-16,Checkout,AddToCart,92.9
2871,99,43,2024-01-18,Purchase,Purchase,142.6
2710,99,46,2024-04-01,Homepage,View,438.0
2900,100,6,2024-06-17,ProductPage,AddToCart,229.8
2748,100,21,2024-03-29,ProductPage,View,554.9
3883,100,21,2024-05-12,Purchase,Purchase,419.1
3370,100,25,2023-07-12,Homepage,View,93.5
1100,100,27,2023-06-05,Purchase,Purchase,550.5
60,100,31,2024-11-07,Checkout,Drop-off,
1615,100,37,2023-10-28,ProductPage,Click,146.2
1894,100,49,2023-07-07,Homepage,Click,34.4
2948,100,50,2023-04-22,ProductPage,View,322.9
2734,100,50,2024-10-05,ProductPage,AddToCart,200.3
828,101,10,2023-06-03,Purchase,Purchase,304.8
952,101,17,2024-04-26,ProductPage,Click,87.8
2714,101,33,2023-02-13,Purchase,Purchase,282.5
2554,101,36,2024-09-22,ProductPage,View,414.0
2050,101,38,2024-03-29,Purchase,Purchase,227.3
2967,101,41,2024-02-10,Homepage,Drop-off,
859,101,47,2024-07-13,ProductPage,View,329.5
1420,102,6,2024-02-29,Checkout,AddToCart,531.8
3822,102,9,2023-10-30,Purchase,Purchase,375.0
3283,102,11,2024-02-28,Homepage,Click,26.6
432,102,13,2023-05-17,ProductPage,AddToCart,89.3
2526,102,14,2023-07-09,Purchase,Purchase,550.9
2418,102,16,2023-11-28,Checkout,Drop-off,
3154,102,17,2023-05-28,ProductPage,AddToCart,120.4
1293,102,28,2024-05-13,ProductPage,Click,321.0
1634,102,30,2023-04-07,ProductPage,Click,200.6
1940,102,31,2024-11-12,Checkout,AddToCart,412.2
3833,102,32,2023-08-10,ProductPage,Click,530.6
1529,102,32,2023-12-13,ProductPage,View,72.6
186,102,34,2024-12-22,Checkout,Drop-off,
2969,102,42,2024-03-30,ProductPage,View,82.3
620,103,1,2024-12-02,Purchase,Purchase,568.5
907,103,6,2023-02-22,Purchase,Purchase,383.7
1786,103,13,2023-10-21,Checkout,Drop-off,
2201,103,21,2024-03-29,Checkout,AddToCart,137.8
1832,103,26,2023-12-03,Homepage,View,424.4
3538,103,47,2024-01-18,Homepage,Drop-off,
3120,103,49,2024-08-06,Checkout,Drop-off,
2572,104,3,2024-03-30,Homepage,View,348.5
1095,104,5,2024-08-29,ProductPage,View,342.6
402,104,7,2023-09-28,Purchase,Purchase,141.1
945,104,37,2023-09-07,Purchase,Purchase,283.0
630,104,49,2024-09-14,Checkout,Purchase,80.3
222,105,3,2023-12-08,ProductPage,Click,83.6
544,105,9,2023-12-09,ProductPage,Click,453.8
2320,105,19,2023-07-07,ProductPage,Drop-off,
1371,105,20,2024-02-18,Checkout,Drop-off,
3179,105,20,2024-09-23,ProductPage,Click,266.7
206,105,21,2024-08-07,Checkout,Drop-off,
38,105,27,2023-04-24,Checkout,AddToCart,18.1
878,105,30,2024-02-27,Homepage,View,433.9
2237,105,41,2024-10-10,Purchase,Purchase,69.2
3332,105,42,2023-02-08,ProductPage,Drop-off,
2062,106,7,2024-08-24,ProductPage,Click,333.2
3508,106,12,2023-03-04,Homepage,Click,408.9
2137,106,13,2024-02-25,Homepage,View,177.0
3552,106,29,2023-05-28,ProductPage,AddToCart,201.8
456,106,36,2024-06-04,ProductPage,View,328.5
1569,106,44,2023-04-13,Purchase,Purchase,114.9
3050,106,44,2023-11-21,Checkout,Drop-off,
3121,106,48,2024-06-15,ProductPage,View,28.6
3170,107,15,2023-09-07,Purchase,Purchase,471.0
3966,107,15,2024-08-19,Purchase,Purchase,353.1
1215,107,16,2023-06-24,Purchase,Purchase,374.3
3437,107,18,2023-10-23,Checkout,Drop-off,
3572,107,20,2023-10-26,Purchase,Purchase,239.4
711,107,24,2024-01-08,Checkout,Drop-off,
2437,107,31,2023-05-14,Purchase,Purchase,467.3
485,107,33,2023-02-15,Purchase,Purchase,408.6
231,107,36,2024-08-17,Purchase,Purchase,461.9
802,107,45,2023-02-18,Homepage,View,86.1
3815,108,17,2023-04-10,Checkout,Drop-off,
3071,108,21,2023-07-22,Homepage,Click,406.1
1852,108,23,2023-09-05,Homepage,Click,585.5
1466,108,23,2024-12-24,Purchase,Purchase,99.3
3138,108,28,2023-09-15,Checkout,Drop-off,
1053,108,29,2024-04-05,Homepage,View,566.6
3532,108,30,2024-09-05,Checkout,AddToCart,11.2
3257,108,37,2023-12-20,Homepage,Click,108.9
2484,108,45,2024-03-20,Checkout,Drop-off,
655,108,47,2024-08-07,Homepage,View,469.7
3689,109,5,2023-06-07,Purchase,Purchase,489.4
869,109,10,2023-12-07,Checkout,Drop-off,
3742,109,18,2024-11-15,Homepage,Click,368.4
3859,109,42,2024-11-14,Purchase,Purchase,326.6
2127,110,8,2024-08-23,ProductPage,Click,490.8
1842,110,15,2024-10-24,ProductPage,AddToCart,21.8
3339,110,20,2023-03-09,Checkout,Drop-off,
1908,110,44,2023-06-08,ProductPage,AddToCart,469.7
1393,111,6,2024-09-21,ProductPage,View,55.9
3450,111,12,2024-05-15,Homepage,View,256.4
2461,111,20,2023-01-13,ProductPage,AddToCart,215.4
2753,111,40,2024-04-26,ProductPage,Drop-off,
2428,112,5,2023-09-25,Checkout,Drop-off,
1542,112,9,2023-08-28,Homepage,Drop-off,
1982,112,27,2023-03-27,Homepage,Click,551.9
1861,112,41,2023-01-31,ProductPage,Click,326.5
1225,112,43,2023-07-18,Checkout,Purchase,518.5
3409,112,44,2024-04-16,Purchase,Purchase,25.9
3878,112,44,2024-11-02,Checkout,Drop-off,
3512,112,47,2023-03-21,Checkout,Drop-off,
3869,112,50,2023-12-30,Homepage,View,502.2
1699,113,8,2023-10-22,Purchase,Purchase,400.8
3391,113,15,2023-11-12,Checkout,Drop-off,
1807,113,17,2023-06-28,Checkout,Drop-off,
327,113,18,2024-09-20,Homepage,View,583.5
112,113,31,2023-05-31,ProductPage,Click,172.2
3478,113,38,2024-10-22,ProductPage,Drop-off,
3193,113,47,2023-10-14,ProductPage,View,522.1
428,113,47,2023-10-18,Checkout,AddToCart,563.7
737,113,50,2024-01-30,ProductPage,Click,401.7
3831,114,1,2024-07-23,ProductPage,Drop-off,
3849,114,20,2024-12-27,Checkout,Drop-off,
542,114,29,2024-04-18,Purchase,Purchase,412.4
3095,114,37,2023-06-20,ProductPage,AddToCart,370.3
3462,114,42,2024-05-07,Checkout,Drop-off,
173,114,43,2024-09-27,Purchase,Purchase,151.3
2882,114,47,2023-03-18,Checkout,AddToCart,444.0
3774,114,47,2023-08-28,ProductPage,Click,499.3
775,114,48,2023-08-08,ProductPage,Click,356.6
962,114,49,2024-08-13,ProductPage,View,329.1
567,115,2,2023-01-24,ProductPage,Drop-off,
3871,115,2,2024-01-30,ProductPage,AddToCart,389.1
2056,115,17,2024-09-14,Checkout,Drop-off,
3046,115,21,2023-06-11,Checkout,Drop-off,
1770,115,22,2024-01-22,Checkout,AddToCart,516.8
3544,115,27,2024-11-10,Homepage,View,221.1
3291,115,30,2023-10-03,Homepage,Click,48.1
251,116,3,2023-10-14,Homepage,Drop-off,
804,116,12,2024-03-10,Homepage,Click,306.0
1513,116,17,2024-02-21,Homepage,Click,242.8
803,116,25,2023-05-21,Purchase,Purchase,416.0
1731,116,29,2024-10-25,ProductPage,View,515.9
2677,116,38,2024-04-05,ProductPage,Click,99.1
3061,116,45,2023-02-23,ProductPage,Drop-off,
2153,116,46,2024-09-15,ProductPage,View,582.8
63,116,49,2023-06-05,Purchase,Purchase,575.8
998,117,5,2023-05-23,Purchase,Purchase,415.1
237,117,15,2023-05-15,ProductPage,AddToCart,226.3
3614,117,30,2024-01-06,Checkout,AddToCart,366.1
3405,117,45,2023-03-22,Checkout,Drop-off,
935,117,45,2024-09-22,ProductPage,Drop-off,
3322,117,49,2023-06-29,Checkout,Purchase,399.3
719,118,3,2023-08-16,Purchase,Purchase,38.2
761,118,7,2024-04-05,Purchase,Purchase,298.5
934,118,22,2023-03-23,Homepage,Drop-off,
3648,118,27,2023-11-16,ProductPage,Click,40.8
356,118,36,2023-11-09,Homepage,Click,399.4
3118,118,37,2024-04-29,Checkout,Purchase,290.9
2519,118,43,2023-08-02,ProductPage,Click,562.4
1197,119,1,2023-05-22,Purchase,Purchase,19.7
24,119,5,2023-09-28,Checkout,Purchase,477.0
2196,119,14,2024-11-28,ProductPage,AddToCart,314.6
1186,119,15,2023-12-11,Purchase,Purchase,389.9
500,119,15,2024-11-12,Checkout,Drop-off,
2272,119,23,2024-10-13,ProductPage,View,413.4
3412,119,25,2024-09-06,Purchase,Purchase,342.4
922,120,3,2024-01-19,ProductPage,Drop-off,
3385,120,15,2024-07-04,Purchase,Purchase,502.5
2221,120,21,2023-10-02,Homepage,Click,403.4
1691,120,21,2024-10-11,Purchase,Purchase,350.6
3715,120,28,2023-09-08,Purchase,Purchase,391.0
3298,120,32,2024-01-07,Homepage,View,133.4
745,120,36,2023-03-09,Purchase,Purchase,138.3
3210,120,37,2024-06-04,Purchase,Purchase,412.0
1720,120,39,2024-05-11,Purchase,Purchase,215.5
697,120,45,2023-08-26,Homepage,Click,259.5
1030,120,49,2024-06-03,Homepage,Click,246.4
3424,121,2,2023-07-20,Homepage,View,115.5
2924,121,32,2023-03-16,Homepage,View,446.2
2853,121,32,2023-07-05,Homepage,View,561.0
2061,121,47,2024-03-31,Checkout,Purchase,145.7
992,121,48,2023-04-14,ProductPage,Drop-off,
2024,122,29,2024-02-02,Homepage,Drop-off,
3579,122,42,2023-02-18,Checkout,AddToCart,171.2
3940,123,9,2023-10-16,Purchase,Purchase,225.7
3394,123,14,2023-08-10,ProductPage,Drop-off,
854,123,36,2023-03-23,Homepage,Drop-off,
3504,124,2,2023-08-29,Checkout,Drop-off,
2490,124,4,2024-06-04,Homepage,View,327.2
585,124,14,2023-07-14,ProductPage,AddToCart,473.8
792,124,30,2024-08-20,Checkout,Drop-off,
3866,125,4,2024-07-10,Checkout,Drop-off,
2423,125,8,2024-06-11,ProductPage,Click,209.7
561,125,11,2024-09-30,Purchase,Purchase,467.2
2319,125,14,2023-06-24,Homepage,View,558.1
1416,125,24,2023-09-22,Purchase,Purchase,514.0
3240,125,24,2024-12-03,Checkout,AddToCart,45.0
1070,125,26,2024-12-19,Checkout,Drop-off,
1610,126,1,2023-11-30,ProductPage,AddToCart,307.7
219,126,10,2024-06-26,Purchase,Purchase,263.0
1550,126,10,2024-12-02,Checkout,AddToCart,334.4
722,126,14,2023-01-28,Purchase,Purchase,134.5
2507,126,34,2024-07-04,Purchase,Purchase,238.6
1363,126,45,2023-06-16,ProductPage,AddToCart,201.4
181,126,47,2023-03-15,Checkout,Drop-off,
2053,126,47,2024-01-23,Checkout,Drop-off,
3176,127,2,2023-05-02,Purchase,Purchase,571.1
708,127,3,2023-10-06,Homepage,Drop-off,
1222,127,4,2024-10-06,Checkout,Drop-off,
3378,127,7,2023-12-02,ProductPage,AddToCart,363.7
2719,127,14,2023-11-25,Purchase,Purchase,313.7
1231,127,20,2023-12-05,Checkout,Drop-off,
2399,127,26,2023-06-17,Purchase,Purchase,25.7
2619,127,31,2023-04-23,Homepage,Drop-off,
1179,127,35,2024-12-10,Checkout,Purchase,19.8
3843,127,40,2023-12-21,Checkout,Drop-off,
2323,128,12,2023-03-28,Homepage,View,536.7
664,128,13,2023-06-18,Checkout,Purchase,293.2
1146,128,15,2024-07-24,Purchase,Purchase,515.7
514,128,18,2024-02-12,Checkout,Drop-off,
1331,128,19,2023-04-06,Purchase,Purchase,54.9
153,128,41,2024-02-12,ProductPage,AddToCart,479.6
2332,128,44,2024-09-15,Purchase,Purchase,591.9
3596,129,9,2023-06-07,Homepage,Click,380.7
1263,129,12,2023-08-06,Checkout,Drop-off,
3205,129,12,2023-12-25,Purchase,Purchase,240.9
2840,129,12,2024-10-23,Homepage,View,155.0
2010,129,12,2024-11-06,Checkout,Purchase,316.8
3309,129,13,2023-10-01,Purchase,Purchase,479.8
2487,129,18,2023-05-31,Homepage,Drop-off,
1011,129,32,2023-04-03,ProductPage,Click,501.1
182,129,35,2023-07-30,Purchase,Purchase,539.6
1497,129,43,2023-05-16,Purchase,Purchase,437.3
2993,129,49,2024-02-21,Checkout,Purchase,313.4
1670,130,3,2023-01-21,Checkout,Drop-off,
478,130,25,2023-09-06,Purchase,Purchase,177.3
2171,130,31,2024-12-19,ProductPage,View,258.3
2302,130,37,2024-05-25,Homepage,View,517.8
1649,130,39,2023-10-20,Purchase,Purchase,24.2
139,130,45,2023-11-06,Purchase,Purchase,454.0
813,130,50,2024-07-10,ProductPage,View,276.3
406,131,7,2023-08-17,Checkout,Purchase,192.3
1218,131,20,2023-04-03,ProductPage,View,268.9
249,131,21,2023-03-13,Checkout,Drop-off,
3131,131,29,2024-08-06,Homepage,View,228.1
3691,131,33,2023-04-25,Purchase,Purchase,257.8
3923,131,34,2023-06-26,Homepage,Click,368.7
2542,131,45,2024-04-29,Purchase,Purchase,259.4
1075,132,6,2023-04-28,Homepage,Click,463.3
3454,132,18,2024-04-28,Homepage,Click,477.9
800,132,35,2024-08-11,Checkout,Drop-off,
2077,132,40,2024-03-15,Purchase,Purchase,59.2
3186,133,7,2024-05-17,ProductPage,Drop-off,
902,133,7,2024-07-12,Homepage,View,347.2
1292,133,12,2023-02-25,Homepage,Drop-off,
1703,133,17,2023-12-07,ProductPage,Drop-off,
704,133,24,2024-02-06,ProductPage,AddToCart,530.6
2801,133,24,2024-06-04,Purchase,Purchase,583.7
776,133,25,2023-06-06,Checkout,Purchase,323.3
3977,133,25,2023-07-13,Checkout,AddToCart,193.9
2940,133,33,2023-12-04,Checkout,Drop-off,
2037,133,37,2023-10-09,Homepage,Click,140.4
1866,134,15,2023-01-08,ProductPage,Click,537.4
3730,134,23,2024-11-24,ProductPage,View,486.0
1488,134,35,2023-12-18,Homepage,Drop-off,
3074,134,35,2024-07-06,Purchase,Purchase,241.6
1798,134,38,2024-10-23,Purchase,Purchase,125.2
3545,134,41,2023-09-22,ProductPage,Click,156.9
1046,134,45,2024-11-06,Homepage,Click,516.3
229,135,6,2023-11-02,Homepage,View,552.4
1507,135,10,2023-12-15,Checkout,Purchase,574.1
2858,135,12,2023-04-06,Homepage,Click,240.6
1223,135,16,2024-09-24,Purchase,Purchase,413.7
1696,135,29,2024-02-13,Checkout,AddToCart,59.2
3903,135,34,2023-05-08,Purchase,Purchase,285.1
3644,135,36,2024-06-08,Purchase,Purchase,518.1
2562,135,45,2023-09-11,Purchase,Purchase,487.9
3694,135,50,2023-06-14,ProductPage,Click,447.0
2110,136,10,2023-01-24,Purchase,Purchase,191.8
3918,136,22,2023-04-30,Homepage,View,35.5
1060,136,30,2023-02-21,Homepage,Drop-off,
2885,136,47,2024-01-10,ProductPage,View,592.6
3348,137,2,2023-01-18,Checkout,AddToCart,567.5
916,137,19,2024-05-21,Purchase,Purchase,364.0
1724,137,30,2024-09-05,Checkout,AddToCart,140.4
3882,137,46,2024-06-16,Checkout,Drop-off,
2101,138,9,2023-03-16,ProductPage,Click,397.5
2834,138,9,2023-04-09,Purchase,Purchase,344.3
2398,138,23,2024-03-14,Checkout,Drop-off,
3085,138,31,2023-08-24,Checkout,Drop-off,
713,138,32,2023-07-30,ProductPage,AddToCart,361.8
190,138,33,2023-08-09,Purchase,Purchase,164.3
2828,138,33,2023-08-22,Checkout,Purchase,110.4
595,138,39,2024-11-04,Homepage,View,277.3
1766,138,44,2023-01-26,ProductPage,Click,414.3
2551,138,47,2024-03-02,Homepage,View,447.2
1167,139,2,2024-12-20,Purchase,Purchase,137.1
3187,139,27,2023-08-16,ProductPage,AddToCart,591.5
1797,139,27,2024-02-01,ProductPage,Click,68.9
1557,139,30,2023-01-22,ProductPage,View,461.9
994,139,32,2024-11-08,Checkout,Drop-off,
3915,139,40,2023-10-28,Purchase,Purchase,104.2
281,139,43,2024-11-06,Checkout,Drop-off,
1957,139,46,2023-05-15,Homepage,View,583.6
822,140,2,2024-08-06,Homepage,Click,358.7
1022,140,5,2024-02-12,Checkout,Drop-off,
918,140,6,2023-02-09,Checkout,Purchase,535.0
3711,140,9,2023-01-30,Checkout,Drop-off,
2480,140,10,2023-06-11,Checkout,AddToCart,70.4
3974,140,24,2024-03-05,Checkout,AddToCart,55.3
3342,140,24,2024-12-29,Checkout,Purchase,43.5
3484,140,29,2023-11-10,ProductPage,View,478.4
2733,140,37,2023-07-12,Purchase,Purchase,134.5
1768,140,43,2024-06-12,Checkout,Drop-off,
3853,140,46,2024-07-09,Purchase,Purchase,175.5
2244,141,1,2023-04-11,Purchase,Purchase,571.6
2318,141,1,2024-09-19,Checkout,AddToCart,328.1
798,141,2,2024-08-03,Purchase,Purchase,455.8
917,141,4,2024-04-15,ProductPage,View,287.3
1085,141,4,2024-06-16,Checkout,Drop-off,
1314,141,6,2023-10-22,ProductPage,Click,396.5
376,141,13,2023-06-26,ProductPage,View,498.1
453,141,19,2023-01-28,ProductPage,View,280.2
446,141,19,2024-09-17,Purchase,Purchase,265.8
396,141,29,2024-02-23,Checkout,Drop-off,
2651,141,48,2024-07-24,Purchase,Purchase,202.9
418,142,13,2023-01-08,ProductPage,Click,155.6
2033,142,17,2024-10-17,Checkout,Purchase,59.0
3580,142,19,2023-04-30,ProductPage,Click,239.1
2880,142,21,2023-08-06,ProductPage,AddToCart,286.6
3241,142,26,2023-08-14,Homepage,View,256.8
703,142,38,2024-04-06,Checkout,Purchase,165.6
2084,142,43,2024-04-02,Homepage,Click,19.8
3803,142,48,2024-09-22,Purchase,Purchase,146.8
1250,143,6,2023-07-14,Homepage,Drop-off,
282,143,12,2023-02-02,ProductPage,AddToCart,422.4
1729,143,17,2023-05-16,Checkout,Purchase,366.3
1790,143,21,2024-01-07,Homepage,Click,385.4
97,143,47,2024-11-15,Homepage,Drop-off,
1686,144,6,2023-02-14,ProductPage,Drop-off,
1986,144,25,2023-03-03,Homepage,Click,148.7
1671,144,27,2024-10-31,Homepage,View,93.7
1368,144,29,2023-06-02,Homepage,Click,304.3
1451,144,39,2024-08-23,Purchase,Purchase,212.2
966,144,45,2024-05-19,Homepage,Click,192.4
2518,145,2,2024-04-22,ProductPage,AddToCart,324.7
892,145,3,2023-06-15,Homepage,View,92.4
2114,145,12,2023-04-13,Homepage,View,379.0
1214,145,18,2023-03-27,Purchase,Purchase,403.1
3471,145,23,2023-03-20,Checkout,AddToCart,538.4
3056,145,44,2024-03-10,Purchase,Purchase,405.2
3449,146,5,2023-03-15,Checkout,Drop-off,
1600,146,16,2024-07-29,ProductPage,Click,204.6
1678,146,21,2023-08-03,Checkout,Drop-off,
3012,146,25,2024-07-29,Purchase,Purchase,286.9
2343,146,42,2024-10-31,ProductPage,View,485.7
3032,146,45,2023-08-02,ProductPage,AddToCart,183.8
3961,147,2,2023-11-20,Checkout,Drop-off,
3560,147,24,2023-01-23,Homepage,Click,551.1
940,147,29,2023-01-30,Purchase,Purchase,312.0
1442,147,29,2023-06-10,ProductPage,Click,460.1
342,147,36,2024-09-15,Homepage,Click,452.4
1882,148,5,2023-10-29,Homepage,Click,82.8
2925,148,17,2024-09-12,Homepage,Drop-off,
2506,148,18,2023-09-13,Homepage,Click,10.9
2002,148,24,2024-04-30,ProductPage,AddToCart,261.8
2494,148,36,2023-02-11,Homepage,View,364.2
1487,148,43,2023-05-09,ProductPage,View,532.1
3034,148,44,2023-11-30,Checkout,Drop-off,
371,148,45,2024-11-11,Homepage,Drop-off,
3149,149,6,2023-05-03,ProductPage,Drop-off,
2897,149,8,2024-03-27,Homepage,Drop-off,
3270,149,18,2023-06-22,Checkout,Drop-off,
1893,149,32,2023-01-25,Purchase,Purchase,357.9
81,150,4,2024-01-18,Homepage,Click,500.5
82,150,6,2024-04-29,Homepage,View,400.0
2676,150,27,2023-01-30,Purchase,Purchase,492.8
73,150,40,2024-06-22,Homepage,Drop-off,
3500,150,40,2024-08-03,ProductPage,View,347.1
1333,150,42,2023-06-05,Homepage,View,185.7
2816,150,42,2024-02-28,ProductPage,AddToCart,591.0
3764,150,43,2023-03-10,ProductPage,Drop-off,
2359,150,48,2024-07-09,ProductPage,View,571.9
764,150,48,2024-10-01,Homepage,View,512.4
3855,151,6,2024-01-01,Checkout,Drop-off,
1040,151,14,2024-09-25,Purchase,Purchase,588.9
1114,151,23,2024-06-08,Purchase,Purchase,509.8
1184,151,37,2023-07-17,Purchase,Purchase,17.9
91,151,38,2024-03-12,ProductPage,View,427.8
759,151,42,2024-12-23,Purchase,Purchase,478.6
2020,151,43,2024-06-30,Purchase,Purchase,194.6
197,151,43,2024-10-02,Purchase,Purchase,110.8
1013,152,3,2024-09-13,Purchase,Purchase,179.7
2499,152,6,2023-03-31,Checkout,Drop-off,
381,152,17,2024-03-04,Purchase,Purchase,427.8
588,152,27,2023-04-07,ProductPage,Click,180.3
414,152,37,2024-04-26,ProductPage,AddToCart,474.5
3254,152,42,2023-07-17,Checkout,Drop-off,
3352,152,44,2023-10-25,Purchase,Purchase,40.6
1523,152,46,2023-03-26,Checkout,Drop-off,
2121,153,10,2024-02-02,Homepage,View,224.7
2265,153,11,2023-07-23,Checkout,Drop-off,
3410,153,11,2024-11-04,Checkout,Purchase,563.9
3235,153,13,2024-11-29,Homepage,View,484.0
3993,153,17,2023-07-29,ProductPage,View,258.6
1248,153,23,2023-04-20,Homepage,View,15.2
926,153,25,2023-04-12,Checkout,AddToCart,565.5
319,153,31,2023-04-30,ProductPage,View,357.9
2090,153,40,2024-11-17,Purchase,Purchase,341.0
1531,153,42,2024-09-04,Purchase,Purchase,367.6
3239,154,16,2023-03-22,Checkout,Drop-off,
1663,154,16,2024-09-26,Homepage,View,355.0
3799,154,21,2023-04-06,Homepage,Click,54.9
3590,154,24,2024-03-22,ProductPage,Click,505.8
3971,154,47,2024-07-24,Homepage,Drop-off,
1258,154,50,2024-09-30,Purchase,Purchase,335.5
1499,155,5,2024-09-19,Checkout,Drop-off,
316,155,18,2024-01-01,Purchase,Purchase,408.4
3661,155,26,2023-08-02,Purchase,Purchase,400.9
3553,155,50,2023-11-21,Checkout,Purchase,253.5
1301,155,50,2024-10-04,Checkout,Purchase,586.0
3279,156,5,2024-03-24,Purchase,Purchase,336.4
203,156,8,2023-04-10,Homepage,Click,222.7
3242,156,8,2023-10-03,Checkout,Purchase,198.7
3456,156,19,2024-06-16,Purchase,Purchase,432.9
1965,156,24,2023-05-29,Checkout,Purchase,275.3
3692,156,25,2023-07-12,Checkout,Drop-off,
1616,156,30,2024-11-16,Homepage,View,396.6
702,156,31,2024-06-21,Checkout,AddToCart,62.2
3584,156,32,2023-11-04,ProductPage,Drop-off,
2435,156,33,2024-08-02,Purchase,Purchase,84.1
392,156,40,2024-06-10,ProductPage,AddToCart,137.0
2361,156,45,2024-03-25,ProductPage,Drop-off,
3374,156,47,2024-05-12,Purchase,Purchase,134.7
3334,156,48,2024-09-29,ProductPage,Click,465.8
3627,157,3,2024-07-08,Checkout,Drop-off,
2686,157,9,2023-10-15,ProductPage,View,312.3
1812,157,11,2023-09-24,ProductPage,Click,37.9
899,157,13,2023-12-10,Purchase,Purchase,405.1
1444,157,15,2024-03-18,Purchase,Purchase,517.3
1576,157,17,2024-04-04,Purchase,Purchase,597.1
985,157,21,2024-05-07,ProductPage,Drop-off,
1599,157,24,2024-10-01,Purchase,Purchase,388.5
172,157,28,2024-01-22,ProductPage,Drop-off,
2508,157,33,2023-03-31,Checkout,AddToCart,474.1
1480,157,43,2024-07-07,ProductPage,AddToCart,514.2
787,157,50,2024-11-09,ProductPage,Click,380.8
3798,158,3,2023-12-27,Checkout,Purchase,454.8
332,158,7,2024-04-12,ProductPage,Drop-off,
1073,158,26,2023-03-13,Homepage,Click,203.2
2029,158,46,2023-11-19,Homepage,View,229.2
3585,159,13,2023-02-01,Checkout,AddToCart,81.4
3827,159,22,2023-04-13,Homepage,Drop-off,
3273,159,26,2024-07-05,Checkout,Purchase,593.2
1885,159,36,2023-03-31,Purchase,Purchase,561.1
634,159,40,2023-08-21,Purchase,Purchase,142.8
3562,159,41,2024-12-18,Checkout,Drop-off,
3231,159,44,2024-09-09,ProductPage,Click,127.9
2855,159,50,2023-05-25,Checkout,Purchase,97.0
298,160,4,2024-11-04,Homepage,Drop-off,
1015,160,5,2023-01-03,ProductPage,AddToCart,48.4
3265,160,21,2023-03-30,Purchase,Purchase,342.6
1595,160,33,2023-10-06,Homepage,Drop-off,
3951,160,33,2024-01-26,Checkout,Drop-off,
1312,160,34,2023-11-21,Homepage,Drop-off,
2660,160,34,2023-12-15,ProductPage,View,162.6
2850,160,44,2024-03-30,ProductPage,Click,121.4
1639,160,46,2024-02-03,Purchase,Purchase,299.4
1192,161,16,2023-08-15,Purchase,Purchase,411.0
1048,161,18,2023-08-03,Checkout,AddToCart,454.8
462,161,20,2023-01-15,Homepage,Drop-off,
2645,161,21,2024-04-12,Purchase,Purchase,150.1
2147,161,21,2024-11-27,Homepage,View,480.9
3300,161,23,2024-05-23,Homepage,Drop-off,
756,161,25,2024-04-25,Homepage,Click,38.8
2456,162,1,2024-09-16,Homepage,Click,586.6
470,162,16,2024-01-05,Purchase,Purchase,220.1
451,162,23,2023-08-14,ProductPage,Click,195.3
3896,162,27,2023-08-20,ProductPage,View,163.0
662,162,36,2024-07-02,Homepage,View,533.9
913,162,44,2023-11-05,Checkout,Drop-off,
1974,162,47,2024-01-20,Homepage,Click,202.7
3200,162,48,2023-04-29,ProductPage,Click,57.0
3238,163,4,2023-04-25,Homepage,Click,110.2
1434,163,6,2024-11-09,Checkout,Drop-off,
2284,163,9,2024-05-11,Homepage,Click,291.1
2955,163,10,2023-01-31,Checkout,Drop-off,
240,163,15,2023-04-07,Checkout,Purchase,15.1
2481,163,18,2024-01-27,Homepage,View,221.9
141,163,22,2023-06-24,Purchase,Purchase,123.7
3350,163,25,2024-08-07,Purchase,Purchase,298.1
2664,163,27,2023-07-15,ProductPage,Drop-off,
3865,163,27,2024-02-05,Purchase,Purchase,42.2
1825,163,34,2023-08-14,ProductPage,Click,330.4
747,163,49,2023-04-14,ProductPage,Drop-off,
1708,163,49,2023-08-14,ProductPage,Drop-off,
1302,163,50,2024-10-21,Purchase,Purchase,57.3
2239,164,15,2024-08-24,ProductPage,View,92.5
2333,164,17,2023-04-18,Homepage,View,54.3
3219,164,18,2023-03-21,Checkout,AddToCart,141.7
3304,164,29,2024-05-04,ProductPage,View,481.7
2738,164,33,2023-04-27,Homepage,Drop-off,
3705,164,35,2024-08-01,ProductPage,Click,407.4
1196,164,41,2023-03-16,ProductPage,Click,68.9
7,164,42,2024-06-16,Purchase,Purchase,173.1
3174,164,48,2024-01-18,Homepage,Click,111.8
1837,165,3,2023-06-07,ProductPage,View,412.9
981,165,4,2023-01-29,Homepage,View,354.5
977,165,36,2024-05-10,Purchase,Purchase,464.7
2666,165,36,2024-05-26,Purchase,Purchase,424.5
2631,165,48,2024-10-16,Checkout,Purchase,590.3
1330,165,49,2023-08-22,ProductPage,Click,253.2
978,166,1,2024-06-28,Checkout,Drop-off,
1824,166,10,2023-01-30,Homepage,Click,380.7
904,166,39,2023-02-22,Checkout,Purchase,472.6
679,166,42,2023-10-12,ProductPage,AddToCart,239.3
3059,166,45,2024-03-22,ProductPage,View,227.6
1289,167,1,2024-10-30,Checkout,AddToCart,21.8
536,167,11,2023-07-11,Homepage,Click,197.6
3288,167,20,2024-09-19,Checkout,Drop-off,
2349,167,20,2024-10-13,Homepage,Click,445.8
2725,167,36,2024-07-27,ProductPage,AddToCart,171.6
568,167,46,2024-04-15,ProductPage,Click,163.1
3459,168,4,2023-05-19,Checkout,Purchase,544.4
3864,168,10,2024-06-22,ProductPage,Click,28.9
3706,168,21,2023-07-27,Homepage,View,136.5
2202,168,25,2023-10-15,ProductPage,AddToCart,405.7
1219,168,39,2024-04-05,Purchase,Purchase,195.4
1693,168,50,2024-12-07,Purchase,Purchase,124.1
1590,169,2,2024-09-28,ProductPage,Click,57.3
1398,169,3,2023-09-22,Purchase,Purchase,128.8
1431,169,8,2023-09-20,Checkout,Drop-off,
30,169,37,2024-05-17,Purchase,Purchase,63.8
3261,169,43,2024-07-13,Checkout,AddToCart,55.5
2381,170,7,2023-01-04,Purchase,Purchase,502.9
2647,170,7,2023-04-01,ProductPage,Drop-off,
832,170,21,2023-03-28,Checkout,Drop-off,
1204,170,23,2023-01-11,Checkout,AddToCart,69.2
2787,170,24,2024-06-09,Purchase,Purchase,140.1
475,170,31,2024-04-18,Purchase,Purchase,335.5
2275,170,43,2024-03-26,Checkout,AddToCart,374.0
1173,170,45,2023-07-19,ProductPage,Drop-off,
3367,171,2,2024-02-22,Homepage,Click,549.3
3991,171,4,2023-09-22,Checkout,AddToCart,128.4
2775,171,42,2023-12-31,Checkout,AddToCart,141.8
2486,171,47,2023-12-23,ProductPage,View,361.6
1546,172,4,2024-02-21,Checkout,Purchase,43.9
823,172,21,2023-01-09,ProductPage,View,301.0
1235,172,23,2023-03-23,Checkout,Drop-off,
943,172,29,2024-05-17,Checkout,Drop-off,
1601,172,30,2024-02-28,Homepage,Drop-off,
1898,172,35,2024-04-03,Homepage,Click,53.0
314,172,39,2024-09-14,Checkout,Purchase,408.4
1264,172,40,2023-11-17,ProductPage,AddToCart,179.7
40,172,42,2024-12-08,Checkout,Drop-off,
158,172,50,2023-08-31,Purchase,Purchase,90.0
438,173,10,2024-03-06,Homepage,Click,33.0
3984,173,14,2024-01-16,Homepage,Drop-off,
372,173,17,2024-08-28,ProductPage,AddToCart,266.1
1580,173,20,2023-11-15,Checkout,Drop-off,
71,173,20,2023-11-27,ProductPage,Drop-off,
3443,173,28,2023-04-27,ProductPage,View,210.8
2298,173,29,2024-01-06,ProductPage,Drop-off,
845,173,44,2023-10-31,Homepage,Click,20.3
1056,173,44,2024-08-23,Checkout,Drop-off,
882,174,12,2024-04-04,Checkout,Drop-off,
2525,174,36,2023-02-18,Checkout,AddToCart,80.4
2613,174,42,2024-11-22,Homepage,Click,70.6
932,174,43,2023-06-16,Purchase,Purchase,310.2
1716,175,10,2023-09-18,Homepage,View,590.5
2756,175,12,2023-08-05,ProductPage,View,407.3
3897,175,12,2024-11-29,Purchase,Purchase,498.3
2148,175,26,2024-11-03,ProductPage,View,371.3
3078,175,35,2024-10-09,ProductPage,Drop-off,
2708,176,2,2024-11-04,ProductPage,Drop-off,
1496,176,6,2023-09-23,Purchase,Purchase,496.0
742,176,12,2024-11-16,Purchase,Purchase,487.8
405,176,25,2024-01-19,ProductPage,Click,384.8
2317,176,27,2024-08-06,Purchase,Purchase,116.4
1064,176,34,2024-09-14,Checkout,AddToCart,72.7
1193,176,41,2023-09-25,Purchase,Purchase,199.8
3727,176,45,2024-05-30,Checkout,AddToCart,285.9
2472,177,2,2024-02-26,Homepage,View,350.3
3331,177,2,2024-06-29,ProductPage,AddToCart,402.4
3137,177,13,2024-10-05,Purchase,Purchase,376.6
1897,177,23,2023-09-12,Checkout,Purchase,594.7
326,177,23,2023-11-12,Purchase,Purchase,439.4
3398,177,23,2023-11-17,ProductPage,AddToCart,256.5
1290,177,27,2023-09-28,Purchase,Purchase,289.1
614,177,29,2023-08-26,ProductPage,Click,513.5
3165,177,30,2024-12-06,ProductPage,Drop-off,
324,177,45,2024-01-03,Checkout,AddToCart,349.2
221,177,50,2024-12-23,Purchase,Purchase,399.0
2881,178,4,2023-06-24,Checkout,Drop-off,
393,178,18,2023-08-20,ProductPage,Click,113.3
3119,178,41,2023-09-18,ProductPage,Click,285.3
144,178,45,2024-08-25,Purchase,Purchase,282.1
852,179,12,2024-04-17,Homepage,Click,444.4
1118,179,23,2023-06-14,ProductPage,Click,460.3
353,179,23,2024-04-08,ProductPage,View,22.6
1880,179,24,2023-05-23,Checkout,Purchase,559.5
527,179,27,2024-03-31,ProductPage,Drop-off,
1458,179,31,2024-06-27,ProductPage,Drop-off,
2287,179,44,2023-08-04,Checkout,Drop-off,
885,179,45,2024-08-08,Checkout,Drop-off,
2469,180,4,2024-11-08,ProductPage,View,547.1
3067,180,8,2023-12-29,Homepage,Click,186.9
1775,180,8,2024-12-24,ProductPage,Drop-off,
3318,180,17,2023-04-21,Homepage,View,108.1
2514,180,41,2023-02-06,Purchase,Purchase,338.5
810,180,41,2023-06-22,Checkout,Drop-off,
288,180,45,2024-02-14,ProductPage,Drop-off,
2973,181,13,2023-12-18,Purchase,Purchase,64.3
1901,181,13,2024-11-12,ProductPage,Click,158.7
1585,181,19,2024-04-11,ProductPage,AddToCart,117.5
103,181,21,2024-01-24,Homepage,Click,182.4
1166,181,23,2024-10-02,Checkout,Purchase,489.0
987,181,30,2023-09-23,Purchase,Purchase,482.5
727,181,33,2023-02-21,ProductPage,View,248.0
2561,181,35,2024-03-12,Checkout,AddToCart,114.4
3221,181,36,2024-05-06,Purchase,Purchase,325.0
1725,181,49,2023-10-25,Checkout,AddToCart,47.8
2439,182,5,2023-06-02,Checkout,Drop-off,
972,182,12,2024-09-04,Checkout,Drop-off,
1017,182,26,2023-04-20,ProductPage,AddToCart,468.1
262,182,27,2024-05-07,Purchase,Purchase,36.0
2595,182,28,2023-08-06,ProductPage,Click,270.4
138,182,50,2023-02-17,Checkout,Drop-off,
98,183,9,2024-12-20,Homepage,View,306.3
858,183,16,2024-03-23,Purchase,Purchase,543.9
28,183,21,2023-06-27,Homepage,Click,280.7
2271,183,21,2024-07-01,Purchase,Purchase,580.2
3846,183,38,2023-09-06,Purchase,Purchase,10.2
1355,184,8,2023-05-14,Purchase,Purchase,29.2
3369,184,12,2023-08-16,Homepage,View,320.0
2163,184,18,2023-07-27,Checkout,AddToCart,90.5
2069,184,33,2023-11-04,ProductPage,Drop-off,
589,184,46,2023-06-25,ProductPage,Click,331.4
3380,184,50,2023-08-01,Purchase,Purchase,80.7
1855,185,6,2024-11-06,Checkout,Drop-off,
909,185,25,2023-01-21,Purchase,Purchase,260.2
2311,185,44,2023-11-17,Purchase,Purchase,457.3
2941,186,1,2023-03-17,Checkout,AddToCart,124.7
23,186,14,2023-11-28,ProductPage,View,231.3
888,186,15,2024-03-27,Homepage,Drop-off,
3003,186,17,2023-06-08,Purchase,Purchase,459.8
912,186,21,2023-09-15,Homepage,Click,227.3
1399,186,22,2024-05-28,Homepage,Click,390.9
3777,186,25,2023-09-27,Purchase,Purchase,145.6
3930,186,26,2024-01-11,Homepage,View,401.4
1464,186,31,2024-03-06,Homepage,Click,366.6
965,186,42,2023-11-08,Checkout,Drop-off,
1655,186,45,2023-03-09,Purchase,Purchase,425.7
3564,186,50,2024-01-15,Purchase,Purchase,369.7
340,187,1,2024-03-24,Purchase,Purchase,369.9
2879,187,19,2024-02-15,Purchase,Purchase,86.1
3992,187,22,2023-01-31,Purchase,Purchase,260.3
1078,187,25,2023-06-03,ProductPage,Drop-off,
646,187,27,2024-09-12,Purchase,Purchase,209.7
3404,187,30,2023-01-14,Checkout,Purchase,401.7
3076,187,36,2023-06-07,Purchase,Purchase,584.8
215,187,41,2023-06-21,Homepage,Click,377.3
2740,187,44,2023-05-10,ProductPage,View,196.4
362,187,50,2024-09-27,ProductPage,Click,493.2
3418,188,16,2023-12-17,ProductPage,Drop-off,
3848,188,23,2024-04-21,Homepage,View,183.0
3497,188,29,2024-12-24,ProductPage,AddToCart,269.1
1111,188,30,2024-11-17,Checkout,Drop-off,
2754,188,33,2024-10-01,Checkout,Purchase,165.1
2603,188,41,2023-01-22,Checkout,Purchase,580.1
1275,189,4,2024-12-13,Checkout,Drop-off,
636,189,13,2023-02-12,Homepage,Click,592.7
2266,189,14,2024-10-23,ProductPage,Drop-off,
2743,189,17,2024-09-13,ProductPage,Drop-off,
2305,189,30,2023-06-01,Purchase,Purchase,360.4
2161,189,30,2024-04-28,ProductPage,Click,329.1
1149,189,33,2023-06-18,Purchase,Purchase,550.0
2693,189,33,2024-07-04,ProductPage,View,533.8
2559,189,46,2024-11-08,Checkout,Drop-off,
2466,190,7,2023-02-20,Purchase,Purchase,183.5
898,190,21,2023-06-01,Purchase,Purchase,140.4
1805,190,27,2023-10-14,Homepage,View,228.1
3068,190,37,2024-01-07,Checkout,Purchase,189.8
1227,190,37,2024-04-28,Checkout,Purchase,306.6
1963,191,4,2024-06-06,Homepage,View,15.2
3517,191,17,2024-10-04,Checkout,AddToCart,274.8
1923,191,26,2023-02-15,ProductPage,View,530.3
3773,191,30,2023-03-28,Homepage,Click,359.2
123,191,31,2023-09-22,Checkout,Drop-off,
1687,191,37,2024-01-26,Purchase,Purchase,76.6
843,192,12,2024-12-21,ProductPage,View,275.9
2607,192,32,2024-07-22,Purchase,Purchase,315.0
1452,193,2,2024-03-30,ProductPage,Click,131.3
1213,193,22,2024-11-08,ProductPage,Drop-off,
9,193,35,2023-05-28,Homepage,Click,216.1
1386,193,37,2023-08-18,Homepage,Drop-off,
1425,193,37,2024-10-01,Homepage,Click,428.2
3854,194,2,2023-11-24,Homepage,Click,133.0
2464,194,8,2023-10-11,Homepage,View,407.0
164,194,9,2024-10-14,ProductPage,View,143.0
2117,194,35,2024-08-04,Purchase,Purchase,473.1
1129,194,39,2023-05-07,Homepage,View,180.7
345,194,39,2023-12-08,Homepage,Drop-off,
155,194,47,2023-01-27,Purchase,Purchase,401.0
1449,195,11,2023-02-25,Checkout,Drop-off,
706,195,19,2024-08-21,Homepage,View,108.3
2558,195,21,2023-09-19,ProductPage,Drop-off,
37,195,38,2023-05-08,Homepage,Drop-off,
200,195,40,2023-08-02,ProductPage,Drop-off,
120,195,44,2023-06-23,Homepage,Drop-off,
3466,195,44,2024-12-01,Homepage,Click,420.3
1417,195,44,2024-12-23,Purchase,Purchase,523.5
1607,196,1,2023-05-05,ProductPage,Click,596.8
149,196,2,2024-05-23,Purchase,Purchase,431.6
3432,196,25,2023-11-03,Checkout,AddToCart,137.2
649,196,26,2023-06-14,Homepage,View,337.3
3055,196,28,2024-08-20,Purchase,Purchase,346.2
410,196,32,2023-03-31,Purchase,Purchase,105.9
533,196,39,2024-07-23,Checkout,AddToCart,97.6
2346,196,42,2024-10-19,Purchase,Purchase,78.3
472,196,48,2024-04-24,Purchase,Purchase,70.2
2500,197,11,2023-02-12,Homepage,Click,564.8
2534,197,12,2024-05-25,Purchase,Purchase,227.7
275,197,15,2024-12-18,Purchase,Purchase,312.2
3181,197,20,2023-01-29,Checkout,Drop-off,
3196,197,36,2023-05-31,Homepage,Click,212.4
1884,197,47,2024-06-07,ProductPage,Click,548.2
895,198,5,2024-03-03,Checkout,Drop-off,
3783,198,16,2024-07-22,Homepage,Click,443.0
1561,198,28,2023-09-10,ProductPage,Click,426.9
2798,198,37,2024-11-14,ProductPage,View,102.0
2468,198,41,2024-05-04,Purchase,Purchase,99.2
1202,198,45,2024-05-04,Purchase,Purchase,76.7
2283,199,2,2023-12-16,Checkout,AddToCart,510.7
1445,199,7,2024-09-07,Homepage,View,272.7
2259,199,15,2023-12-23,Homepage,View,45.1
2405,199,20,2023-05-14,ProductPage,Drop-off,
2934,199,25,2023-02-03,Checkout,Purchase,335.5
2717,199,30,2024-11-16,Homepage,View,492.8
1062,199,31,2024-04-10,Homepage,View,581.4
641,199,42,2023-04-11,ProductPage,Drop-off,
1159,199,44,2024-12-11,ProductPage,Click,197.6
709,199,45,2023-10-25,Purchase,Purchase,404.0
1474,199,49,2024-10-22,Checkout,Purchase,230.6
1300,200,4,2024-03-29,Checkout,Purchase,129.0
2731,200,4,2024-12-04,ProductPage,View,228.9
1306,200,5,2023-02-26,Homepage,Drop-off,
2270,200,31,2023-01-17,Checkout,Drop-off,
3616,200,31,2024-07-25,Homepage,View,99.5
3666,200,39,2023-10-17,ProductPage,Drop-off,
2916,200,46,2024-01-02,Homepage,Drop-off,
62,201,5,2024-07-10,Purchase,Purchase,157.5
607,201,11,2023-03-01,Purchase,Purchase,460.2
441,201,17,2024-05-21,Purchase,Purchase,586.9
170,202,11,2024-12-11,Purchase,Purchase,10.1
1465,202,12,2024-10-22,Purchase,Purchase,264.4
3299,202,13,2024-05-17,Checkout,Drop-off,
3188,202,14,2024-04-13,ProductPage,AddToCart,556.7
18,202,24,2024-01-06,Homepage,View,160.3
576,202,29,2024-09-01,Homepage,View,88.0
72,202,35,2023-12-03,Checkout,Purchase,150.3
1547,202,37,2024-07-16,Purchase,Purchase,262.3
83,202,41,2023-11-22,Purchase,Purchase,134.6
119,202,45,2023-08-06,Purchase,Purchase,426.7
838,202,45,2024-08-24,ProductPage,Drop-off,
2598,202,49,2023-02-07,ProductPage,Drop-off,
2264,203,1,2024-04-01,Homepage,Drop-off,
2016,203,7,2023-12-29,ProductPage,Drop-off,
794,203,14,2024-11-08,Purchase,Purchase,189.8
3979,203,20,2023-11-13,Purchase,Purchase,274.2
2750,203,22,2024-07-07,Homepage,Drop-off,
268,203,26,2024-08-20,ProductPage,Click,392.6
2417,203,36,2023-02-20,Checkout,AddToCart,36.4
2938,203,38,2023-08-08,Purchase,Purchase,153.5
3733,203,45,2023-06-08,Homepage,Drop-off,
1521,204,8,2023-02-02,Homepage,Click,261.6
2225,204,15,2023-08-21,ProductPage,Click,457.0
3365,204,16,2023-02-02,ProductPage,Click,386.1
3153,204,18,2024-05-22,Homepage,View,275.8
1462,204,19,2023-05-05,Purchase,Purchase,380.2
106,204,25,2023-08-15,Homepage,View,38.4
663,204,31,2023-05-09,ProductPage,Click,386.2
2115,204,44,2024-01-22,Homepage,View,113.3
3093,204,46,2024-04-17,Purchase,Purchase,305.7
1823,204,46,2024-08-23,Homepage,Click,499.6
1409,205,13,2023-03-12,Checkout,Purchase,350.6
220,205,13,2023-09-14,ProductPage,View,577.5
2491,205,26,2024-05-12,Homepage,Drop-off,
2260,205,29,2024-12-12,ProductPage,View,28.8
3166,205,30,2024-12-30,Purchase,Purchase,86.9
1319,205,31,2023-11-05,Purchase,Purchase,324.2
2541,205,40,2024-11-25,Checkout,Drop-off,
3574,206,7,2024-09-24,Purchase,Purchase,399.2
654,206,9,2024-10-03,Checkout,Purchase,281.7
1308,206,33,2023-12-12,ProductPage,Click,542.5
2142,206,37,2023-04-21,ProductPage,View,126.4
3109,206,37,2023-07-22,ProductPage,Click,87.0
3218,206,38,2024-03-31,Homepage,View,298.6
2616,206,39,2023-10-06,ProductPage,View,421.1
1666,207,3,2024-06-30,Homepage,View,499.6
436,207,6,2023-12-24,ProductPage,Drop-off,
2867,207,8,2023-08-27,Purchase,Purchase,431.0
493,207,12,2023-01-04,Checkout,Drop-off,
3237,207,12,2024-08-27,ProductPage,AddToCart,229.2
2954,207,12,2024-08-31,Checkout,Drop-off,
389,207,27,2024-03-11,Homepage,View,455.5
3839,207,30,2023-09-03,Homepage,Click,463.2
3486,207,33,2024-09-04,Purchase,Purchase,147.3
1650,207,44,2023-05-02,Purchase,Purchase,517.9
2347,208,2,2024-01-18,Checkout,Purchase,550.5
3920,208,11,2023-06-21,Checkout,AddToCart,195.8
1101,208,11,2023-11-04,Purchase,Purchase,357.5
2809,208,14,2023-07-09,Homepage,View,525.8
2218,208,26,2023-09-23,Homepage,View,35.8
844,208,27,2024-02-09,Checkout,Purchase,52.0
3620,208,29,2024-07-23,ProductPage,View,81.7
1244,208,43,2024-09-08,Purchase,Purchase,373.9
3442,208,46,2023-03-02,ProductPage,AddToCart,87.8
2183,208,49,2023-09-15,Purchase,Purchase,84.5
2915,209,3,2024-05-15,Homepage,Click,169.4
1730,209,4,2023-05-29,ProductPage,AddToCart,542.4
677,209,8,2023-11-18,Homepage,Click,223.1
132,209,13,2023-07-19,Purchase,Purchase,46.5
272,209,23,2023-11-22,Homepage,Click,533.2
1506,209,25,2023-01-13,ProductPage,Drop-off,
3101,209,36,2023-10-13,Purchase,Purchase,308.9
3255,209,41,2023-08-28,Homepage,View,155.3
129,209,43,2024-12-11,Homepage,Click,596.3
3379,209,44,2024-05-22,Checkout,AddToCart,475.5
2164,210,2,2024-12-05,ProductPage,AddToCart,126.1
3080,210,23,2024-10-23,ProductPage,Drop-off,
1621,210,24,2023-04-20,ProductPage,Click,326.3
2375,210,27,2024-06-01,ProductPage,Click,540.9
1006,210,30,2024-03-27,Homepage,Click,472.2
299,210,41,2023-10-07,Purchase,Purchase,345.1
2312,210,41,2024-05-22,Homepage,Click,335.5
2873,210,42,2023-11-26,Homepage,View,563.3
2868,211,11,2024-01-30,ProductPage,Click,150.3
2018,211,14,2023-02-13,ProductPage,Click,353.1
2178,211,15,2024-11-06,ProductPage,Click,420.5
3468,211,25,2024-11-06,Checkout,Purchase,132.0
2139,211,28,2023-02-02,Homepage,Drop-off,
184,211,30,2023-03-23,Checkout,Purchase,266.5
725,211,35,2024-08-13,Checkout,AddToCart,227.5
2957,211,43,2023-05-14,ProductPage,Click,524.7
752,211,44,2023-10-18,Checkout,AddToCart,186.1
2979,211,46,2024-09-28,Purchase,Purchase,90.9
1608,212,20,2024-05-23,Purchase,Purchase,581.9
2262,212,26,2024-03-17,Homepage,Click,138.3
64,212,32,2024-01-23,Checkout,Drop-off,
422,212,34,2023-08-03,ProductPage,AddToCart,381.1
3637,212,38,2024-07-22,ProductPage,Drop-off,
2372,212,39,2024-12-17,Checkout,Drop-off,
2014,212,42,2024-06-08,ProductPage,View,124.7
2471,212,43,2023-07-12,Homepage,Drop-off,
2386,213,27,2024-03-21,Homepage,View,550.0
982,213,35,2024-03-26,ProductPage,Drop-off,
552,213,36,2023-06-28,Checkout,Drop-off,
855,213,42,2023-10-23,Homepage,View,131.4
1081,213,47,2023-11-05,Checkout,Purchase,467.0
3136,213,47,2024-06-02,Homepage,Drop-off,
3670,214,2,2024-10-19,Purchase,Purchase,341.4
3555,214,5,2023-09-10,Purchase,Purchase,25.3
2360,214,44,2024-10-30,Checkout,Drop-off,
3358,214,49,2024-12-17,Homepage,View,434.5
1063,214,50,2023-10-03,ProductPage,Drop-off,
3629,215,2,2023-05-23,Checkout,Purchase,225.8
3802,215,4,2024-04-30,Purchase,Purchase,138.8
1868,215,5,2024-02-03,Checkout,AddToCart,566.4
84,215,14,2024-03-08,ProductPage,Drop-off,
938,215,15,2024-08-06,ProductPage,Drop-off,
686,215,20,2023-11-13,Purchase,Purchase,540.1
3615,215,23,2024-06-10,ProductPage,AddToCart,474.1
8,215,31,2024-06-21,Homepage,View,37.0
2205,215,36,2024-05-24,Purchase,Purchase,236.9
1903,216,12,2023-06-17,Purchase,Purchase,284.3
1856,216,13,2024-11-19,Checkout,Purchase,235.1
3756,216,16,2023-08-04,ProductPage,View,425.3
1922,216,29,2024-10-22,Homepage,View,147.1
2475,216,31,2023-10-27,ProductPage,View,11.5
681,216,32,2023-11-18,Checkout,Purchase,528.3
1765,216,43,2024-11-11,Purchase,Purchase,150.0
1844,217,6,2024-03-31,Purchase,Purchase,407.2
3728,217,11,2023-10-06,Homepage,Click,135.0
2068,217,12,2023-06-09,Homepage,View,62.1
2235,217,21,2024-03-26,ProductPage,Click,592.6
698,217,23,2023-07-20,ProductPage,AddToCart,121.7
1150,217,34,2023-02-13,Homepage,Click,274.2
2912,217,37,2024-06-11,Purchase,Purchase,356.9
767,217,39,2023-08-27,Purchase,Purchase,220.0
1984,217,43,2023-11-19,ProductPage,View,255.3
3507,217,44,2024-04-10,Checkout,Drop-off,
769,217,44,2024-08-07,Checkout,Purchase,170.8
3464,217,47,2024-10-11,Homepage,Click,173.0
3145,218,1,2023-09-03,Purchase,Purchase,388.7
1838,218,6,2023-09-06,Purchase,Purchase,389.2
1133,218,10,2023-01-29,Checkout,Purchase,188.6
2256,218,10,2023-10-19,Checkout,Purchase,575.5
377,218,14,2024-03-05,Checkout,Purchase,347.1
2281,218,19,2023-02-09,Homepage,View,90.8
3550,218,37,2024-02-07,Purchase,Purchase,42.6
224,218,47,2024-02-29,ProductPage,Drop-off,
670,218,49,2024-07-28,ProductPage,AddToCart,181.3
1310,219,14,2023-06-17,Checkout,AddToCart,330.0
2087,219,14,2023-12-22,Homepage,Click,265.4
1873,219,19,2023-05-27,Homepage,View,250.8
1036,219,40,2024-01-30,Purchase,Purchase,156.8
1254,219,42,2023-01-27,ProductPage,View,81.0
531,219,47,2023-02-28,Homepage,Click,179.6
3401,220,3,2024-01-26,Purchase,Purchase,378.7
1624,220,13,2024-08-03,Checkout,Purchase,108.7
1981,220,16,2024-09-24,ProductPage,AddToCart,77.9
848,220,18,2023-01-09,Homepage,View,79.8
948,220,22,2023-03-01,Checkout,AddToCart,256.7
3320,220,29,2023-07-18,ProductPage,Drop-off,
762,220,47,2023-10-02,Homepage,View,204.7
2700,221,24,2023-07-31,Homepage,View,579.6
1189,221,32,2023-07-22,Homepage,Click,548.7
2663,221,36,2023-01-17,Homepage,View,521.3
423,221,45,2024-03-13,ProductPage,View,543.1
1759,221,50,2023-06-17,Checkout,Purchase,16.3
2668,222,12,2023-06-01,Homepage,View,438.8
3861,222,27,2023-02-28,Homepage,Drop-off,
3452,222,30,2023-06-12,Homepage,Click,319.3
113,222,43,2023-09-12,Purchase,Purchase,237.1
2313,223,12,2023-11-20,Homepage,View,251.1
548,223,22,2023-01-31,ProductPage,Click,96.5
2143,223,23,2024-01-24,Checkout,Drop-off,
3467,223,28,2023-04-08,ProductPage,View,40.4
78,223,35,2023-01-19,Homepage,View,281.5
495,223,43,2023-06-26,ProductPage,Click,240.9
3013,223,46,2024-04-17,Purchase,Purchase,185.3
2655,223,49,2024-01-14,Checkout,Purchase,221.3
1180,224,17,2023-06-15,Homepage,Drop-off,
2015,224,17,2023-12-23,ProductPage,View,103.3
2638,224,18,2023-07-01,ProductPage,View,356.7
2578,224,26,2023-09-28,Purchase,Purchase,179.6
729,224,40,2023-09-18,Homepage,Click,179.9
2844,224,41,2023-10-18,Homepage,Drop-off,
1034,225,1,2023-07-11,ProductPage,Click,403.4
2601,225,12,2024-09-17,Purchase,Purchase,518.9
3701,225,34,2023-10-30,Homepage,Drop-off,
557,225,34,2024-11-05,Homepage,View,586.8
3578,225,39,2024-01-19,Purchase,Purchase,346.0
1594,225,48,2023-05-27,Purchase,Purchase,560.8
3794,226,3,2024-03-16,Homepage,View,524.9
505,226,6,2023-03-24,Homepage,Drop-off,
1631,226,6,2023-08-11,Checkout,Drop-off,
1271,226,8,2024-10-22,Purchase,Purchase,136.9
795,226,10,2024-11-24,Purchase,Purchase,524.6
2576,226,11,2023-08-24,Homepage,Click,102.8
816,226,15,2024-11-26,Homepage,Click,41.8
2594,226,17,2023-04-05,Purchase,Purchase,465.7
1764,226,17,2024-01-14,ProductPage,View,587.0
984,226,33,2024-01-18,Purchase,Purchase,46.4
1336,226,44,2023-02-03,Checkout,AddToCart,366.1
1697,227,6,2023-05-30,Homepage,View,93.1
3099,227,7,2023-01-28,Purchase,Purchase,283.7
515,227,10,2023-02-24,Homepage,View,435.4
3250,227,11,2024-07-08,ProductPage,Drop-off,
2150,227,45,2023-11-17,Checkout,Purchase,252.1
2371,227,45,2023-12-20,Purchase,Purchase,59.7
1209,227,46,2023-08-11,ProductPage,Drop-off,
69,227,47,2023-03-29,Purchase,Purchase,253.3
230,227,48,2024-10-14,Checkout,AddToCart,25.5
3982,227,50,2023-10-05,Purchase,Purchase,147.7
547,228,1,2023-05-02,Checkout,Drop-off,
3035,228,2,2024-07-04,Checkout,Drop-off,
3931,228,3,2023-03-26,Purchase,Purchase,65.0
1701,228,7,2023-02-10,ProductPage,Drop-off,
2650,228,18,2024-10-04,Purchase,Purchase,259.6
358,228,23,2023-07-24,Checkout,AddToCart,132.5
1584,228,40,2023-10-03,Purchase,Purchase,152.5
991,228,48,2024-03-01,Purchase,Purchase,582.5
1707,229,1,2023-03-10,Checkout,AddToCart,399.6
79,229,3,2023-09-27,Purchase,Purchase,168.5
986,229,12,2023-03-15,Homepage,Drop-off,
2296,229,25,2024-05-02,Checkout,Drop-off,
2681,229,28,2024-09-02,Checkout,Drop-off,
3493,229,31,2023-12-13,ProductPage,View,541.5
906,229,36,2024-05-18,Checkout,Drop-off,
3636,229,36,2024-08-29,Homepage,View,17.8
3872,229,39,2023-10-23,Homepage,View,323.2
3171,229,50,2023-02-10,Checkout,Drop-off,
2274,230,1,2024-10-27,Homepage,Drop-off,
3624,230,2,2024-07-17,Checkout,AddToCart,50.9
479,230,25,2024-07-26,Checkout,AddToCart,248.2
3122,230,26,2023-12-09,Purchase,Purchase,227.1
3824,230,28,2023-04-06,Purchase,Purchase,175.6
1255,231,2,2024-01-25,ProductPage,View,122.0
211,231,4,2024-12-25,Checkout,Drop-off,
1080,231,19,2023-01-27,ProductPage,Click,249.0
3064,231,20,2023-04-02,Purchase,Purchase,215.1
2988,231,36,2024-05-23,Checkout,Drop-off,
3262,231,38,2024-07-05,Checkout,Purchase,423.2
1815,231,48,2024-03-22,Checkout,Drop-off,
2684,232,1,2024-06-05,Purchase,Purchase,238.6
2596,232,14,2023-06-15,Homepage,Drop-off,
1395,232,15,2024-08-14,Homepage,View,342.3
2130,232,29,2024-02-02,Purchase,Purchase,245.3
387,232,29,2024-02-11,Homepage,Click,315.4
579,232,33,2024-05-15,ProductPage,Drop-off,
2300,232,33,2024-10-24,Purchase,Purchase,204.4
3333,232,48,2023-06-05,Checkout,AddToCart,321.4
1946,233,2,2023-01-09,Checkout,AddToCart,340.4
121,233,6,2024-05-28,Homepage,Drop-off,
2433,233,7,2023-05-31,Purchase,Purchase,46.7
1252,233,8,2023-05-26,Checkout,AddToCart,328.4
2337,233,14,2024-08-04,Checkout,Drop-off,
1342,233,25,2023-11-25,Purchase,Purchase,174.8
3989,233,30,2023-05-22,Purchase,Purchase,379.8
2478,233,31,2023-06-06,Purchase,Purchase,95.2
1055,233,32,2023-01-31,Homepage,Click,110.8
1930,233,46,2023-05-10,Checkout,AddToCart,525.1
1593,234,10,2023-06-20,Purchase,Purchase,309.1
1390,234,14,2023-05-04,Homepage,Drop-off,
3431,234,19,2024-05-06,Homepage,Click,341.1
1035,234,20,2023-11-06,ProductPage,View,70.8
1721,234,22,2024-01-08,Homepage,Drop-off,
2100,234,38,2024-08-12,Purchase,Purchase,153.7
534,234,49,2023-08-18,ProductPage,Drop-off,
2851,235,2,2023-07-28,ProductPage,AddToCart,277.1
3489,235,6,2023-01-11,Purchase,Purchase,418.9
1498,235,11,2023-02-26,ProductPage,View,245.9
483,235,12,2023-08-15,Checkout,AddToCart,387.8
565,235,34,2023-08-06,Homepage,View,218.7
3954,235,34,2024-06-13,Purchase,Purchase,47.5
538,235,49,2023-02-06,Purchase,Purchase,148.8
865,235,49,2024-03-22,ProductPage,Drop-off,
2065,236,3,2024-06-07,ProductPage,Click,461.0
3852,236,8,2023-05-10,Checkout,Drop-off,
2892,236,9,2024-08-22,Checkout,AddToCart,308.3
447,236,12,2023-07-06,Purchase,Purchase,299.9
1929,236,16,2024-12-01,Purchase,Purchase,584.0
2857,236,25,2024-09-24,ProductPage,View,377.0
2904,236,33,2024-12-12,Homepage,View,324.6
2257,236,49,2023-10-24,ProductPage,View,122.7
2778,237,5,2024-03-16,Checkout,Drop-off,
3141,237,11,2024-03-08,Checkout,Drop-off,
3594,237,12,2024-05-05,Purchase,Purchase,391.9
167,237,25,2023-12-18,Purchase,Purchase,16.3
3105,237,28,2023-10-08,Homepage,Drop-off,
3956,237,32,2024-11-05,Homepage,View,414.2
2730,237,39,2023-09-30,Homepage,Click,173.0
128,237,42,2024-07-16,Homepage,View,438.1
3100,237,47,2024-08-20,Purchase,Purchase,471.4
2974,238,7,2024-11-03,Homepage,View,35.7
864,238,10,2023-04-11,Checkout,Purchase,186.5
279,238,32,2023-06-10,Purchase,Purchase,331.9
2783,238,32,2024-07-27,Purchase,Purchase,129.2
343,238,43,2024-03-22,Homepage,View,565.6
2657,238,44,2023-08-18,ProductPage,Drop-off,
2251,238,45,2023-02-02,Checkout,AddToCart,167.2
3488,238,50,2024-10-03,ProductPage,View,414.3
3336,239,25,2023-05-28,Checkout,AddToCart,504.6
3943,239,29,2024-08-17,Checkout,Drop-off,
273,239,31,2024-09-11,Checkout,AddToCart,206.8
2248,239,42,2024-06-16,Checkout,Drop-off,
889,239,44,2023-06-03,Checkout,Drop-off,
217,239,49,2024-10-29,Purchase,Purchase,531.9
2958,240,9,2024-11-26,Purchase,Purchase,555.5
2793,240,13,2023-11-16,ProductPage,View,402.3
2827,240,21,2023-05-20,Checkout,AddToCart,193.8
259,240,25,2023-07-12,Purchase,Purchase,358.4
2735,240,38,2023-02-25,Checkout,Drop-off,
204,240,39,2023-02-27,ProductPage,Click,26.2
1477,240,43,2023-03-19,Purchase,Purchase,261.9
2182,240,47,2024-04-14,Checkout,AddToCart,518.0
592,241,3,2023-11-27,Checkout,Drop-off,
3494,241,13,2023-02-08,Purchase,Purchase,373.7
1746,241,25,2023-11-12,Purchase,Purchase,312.7
3912,241,27,2023-12-12,Purchase,Purchase,179.2
3809,241,45,2023-10-15,ProductPage,Drop-off,
1937,242,17,2024-10-30,Homepage,View,533.9
955,242,19,2024-06-29,Purchase,Purchase,573.8
3549,242,31,2023-06-24,ProductPage,Drop-off,
3752,242,38,2023-05-16,ProductPage,View,344.3
3718,242,39,2023-10-03,Homepage,Click,516.1
2588,242,39,2024-11-05,ProductPage,Click,320.0
1127,243,1,2024-04-12,Homepage,Click,478.6
2106,243,3,2024-10-23,ProductPage,Click,326.8
44,243,12,2024-07-10,Homepage,Click,237.3
2455,243,17,2024-03-28,ProductPage,Drop-off,
3183,243,20,2023-05-18,Checkout,Purchase,348.6
1829,243,21,2023-06-04,Purchase,Purchase,544.4
513,243,21,2023-06-24,ProductPage,Drop-off,
1482,243,36,2023-02-25,Homepage,Click,71.3
3755,243,43,2024-08-14,Purchase,Purchase,14.9
2448,244,1,2023-01-10,ProductPage,Click,459.9
411,244,8,2023-10-13,Purchase,Purchase,287.3
765,244,11,2024-09-10,Checkout,Drop-off,
2824,244,30,2024-07-07,Checkout,Drop-off,
1658,244,31,2023-09-21,ProductPage,Click,404.4
1052,244,31,2024-05-05,ProductPage,View,329.4
3610,244,45,2023-05-03,Checkout,Drop-off,
1469,244,45,2024-12-09,Purchase,Purchase,351.3
2810,245,2,2024-03-29,Homepage,View,480.6
1771,245,5,2023-04-26,Purchase,Purchase,63.4
3513,245,6,2023-12-28,ProductPage,Drop-off,
1906,245,9,2023-11-19,Purchase,Purchase,514.5
811,245,11,2023-01-02,Homepage,View,85.2
1470,245,20,2023-01-10,Purchase,Purchase,480.1
936,245,27,2023-05-11,Checkout,Drop-off,
503,245,33,2023-03-16,ProductPage,View,223.4
2057,245,43,2024-05-16,Checkout,Purchase,165.6
1977,246,6,2024-05-22,ProductPage,Click,346.1
2568,246,7,2023-05-21,Checkout,Purchase,45.0
770,246,14,2024-08-27,ProductPage,AddToCart,85.5
3150,246,15,2024-08-14,Homepage,Click,428.2
429,246,18,2023-10-15,Checkout,Drop-off,
3880,246,21,2023-11-05,Checkout,AddToCart,228.6
3392,246,26,2024-10-27,ProductPage,View,481.4
2199,246,36,2024-09-03,Checkout,Drop-off,
3389,246,46,2024-08-04,Purchase,Purchase,46.9
290,247,7,2023-04-19,Homepage,Drop-off,
3117,247,7,2024-08-29,ProductPage,Drop-off,
3476,247,8,2023-09-22,Homepage,View,423.7
1514,247,19,2024-08-17,ProductPage,View,471.2
625,247,34,2024-05-05,Homepage,View,99.6
951,247,44,2023-06-07,Homepage,Drop-off,
54,247,48,2023-12-06,Purchase,Purchase,594.0
2043,247,50,2024-02-09,Checkout,Purchase,16.2
1237,248,2,2023-08-10,Purchase,Purchase,146.5
1578,248,3,2024-09-02,ProductPage,View,422.6
1375,248,19,2023-05-29,ProductPage,View,15.4
2636,248,29,2024-02-29,ProductPage,Click,380.1
549,248,47,2024-06-20,Checkout,Drop-off,
1945,248,48,2023-03-08,ProductPage,AddToCart,332.5
1626,249,1,2023-02-20,Homepage,Click,90.2
1541,249,5,2023-10-02,Checkout,Drop-off,
3014,249,18,2024-02-17,ProductPage,Click,131.7
1379,249,19,2023-02-20,Purchase,Purchase,147.6
1023,249,31,2023-12-12,Purchase,Purchase,212.4
1155,249,33,2023-10-13,ProductPage,AddToCart,303.4
3195,249,38,2023-04-13,ProductPage,Drop-off,
2952,249,39,2024-06-28,Homepage,View,556.5
2945,249,40,2024-12-05,ProductPage,View,81.4
232,249,45,2023-01-28,ProductPage,View,43.6
1305,249,46,2024-03-24,Checkout,Drop-off,
474,249,47,2023-08-13,Checkout,Drop-off,
3537,249,48,2024-08-11,Checkout,Drop-off,
2483,250,8,2024-08-29,Purchase,Purchase,272.7
2533,250,18,2024-09-16,Homepage,Click,569.5
2739,250,22,2023-06-01,Homepage,Drop-off,
244,250,22,2024-01-01,ProductPage,AddToCart,51.2
993,250,25,2024-12-05,ProductPage,Click,212.0
3712,251,2,2023-07-11,ProductPage,View,147.5
36,251,20,2023-01-06,Purchase,Purchase,39.4
3483,251,23,2023-07-12,ProductPage,Drop-off,
86,251,28,2024-09-13,Homepage,Drop-off,
2556,251,30,2024-01-11,Homepage,Drop-off,
15,251,32,2023-07-21,ProductPage,View,143.2
605,251,39,2023-04-21,Purchase,Purchase,92.4
2707,251,42,2024-10-12,Purchase,Purchase,278.8
2252,251,47,2024-10-22,Purchase,Purchase,139.1
3890,252,2,2024-02-28,Homepage,Click,257.7
743,252,7,2023-03-28,Purchase,Purchase,217.1
3425,252,31,2023-01-03,Homepage,View,482.7
1750,252,31,2023-05-21,ProductPage,View,18.9
2606,252,49,2023-09-08,Checkout,Purchase,275.7
1087,253,14,2023-12-17,Purchase,Purchase,598.8
768,253,24,2024-08-29,Checkout,Drop-off,
3087,253,24,2024-11-14,Checkout,Purchase,256.0
3652,253,38,2023-06-04,Checkout,AddToCart,280.0
3147,253,40,2023-02-18,Purchase,Purchase,301.1
3090,253,41,2023-08-18,Homepage,View,490.1
842,253,41,2024-08-23,Homepage,View,424.2
2608,253,41,2024-12-17,Checkout,Drop-off,
2450,254,9,2023-08-21,ProductPage,View,77.5
1690,254,11,2023-03-18,Purchase,Purchase,174.1
2009,254,11,2024-09-10,Purchase,Purchase,543.4
1540,254,21,2023-09-24,Purchase,Purchase,364.4
1651,254,25,2023-06-24,Checkout,Drop-off,
1109,254,36,2023-05-11,ProductPage,Drop-off,
2229,254,36,2024-09-19,Homepage,Drop-off,
3671,254,45,2023-05-23,Purchase,Purchase,315.9
1489,255,2,2024-01-27,Purchase,Purchase,120.4
2098,255,6,2023-03-27,Checkout,Drop-off,
3980,255,16,2024-02-19,ProductPage,Drop-off,
640,255,26,2023-07-22,Homepage,Click,104.4
3496,255,29,2024-10-15,Purchase,Purchase,203.1
1582,255,41,2023-07-10,Purchase,Purchase,296.4
2132,255,48,2024-10-31,Homepage,View,10.1
3758,256,3,2023-10-04,Checkout,Drop-off,
782,256,7,2024-12-30,ProductPage,View,382.2
3888,256,43,2023-05-12,Checkout,AddToCart,443.4
678,256,47,2024-02-02,Checkout,Purchase,553.3
328,256,47,2024-10-15,Homepage,Click,387.7
285,257,5,2024-05-23,Checkout,Drop-off,
3077,257,14,2023-05-26,Checkout,Drop-off,
45,257,23,2024-01-01,ProductPage,Drop-off,
1228,257,26,2024-05-11,Homepage,View,465.7
1910,257,34,2023-07-02,Checkout,Purchase,500.7
2799,257,35,2023-02-12,Homepage,Click,566.0
3968,257,42,2023-04-24,Checkout,Drop-off,
3390,258,4,2024-10-02,Purchase,Purchase,19.6
360,258,8,2024-12-17,Purchase,Purchase,252.1
3563,258,15,2023-12-16,Purchase,Purchase,148.3
587,258,19,2023-05-23,Homepage,Click,92.6
473,258,23,2024-02-08,ProductPage,Click,196.2
3430,258,28,2023-08-05,Checkout,Purchase,529.6
809,258,33,2024-11-07,Checkout,Drop-off,
2794,258,35,2024-06-29,Purchase,Purchase,456.5
3650,258,37,2024-06-13,ProductPage,View,590.8
140,258,38,2023-11-10,ProductPage,View,279.0
351,258,47,2024-08-21,Checkout,Purchase,30.8
199,259,9,2023-01-03,ProductPage,View,10.0
684,259,10,2023-03-17,ProductPage,Click,64.4
3491,259,25,2023-02-24,Homepage,View,72.0
3877,259,25,2023-04-28,Checkout,AddToCart,295.7
137,259,26,2024-10-12,Homepage,Click,273.2
1577,259,38,2024-03-10,Homepage,View,449.2
3763,260,6,2024-03-12,Purchase,Purchase,154.5
3248,260,7,2024-07-26,Homepage,Click,312.8
255,260,11,2024-03-14,Purchase,Purchase,556.3
2241,260,15,2024-07-17,Purchase,Purchase,280.9
302,260,16,2023-05-21,Homepage,View,125.9
1383,260,23,2023-02-05,Purchase,Purchase,335.2
161,260,24,2024-08-01,Homepage,Drop-off,
2339,260,27,2024-04-05,Purchase,Purchase,91.5
3643,260,29,2023-03-12,ProductPage,Click,555.7
3487,260,32,2023-06-05,ProductPage,AddToCart,509.0
2769,260,47,2023-05-31,ProductPage,Click,464.0
242,261,1,2024-08-09,Checkout,Purchase,158.2
205,261,15,2023-01-24,Purchase,Purchase,478.7
292,261,20,2023-03-16,Homepage,View,357.8
464,261,28,2023-10-20,Checkout,Purchase,34.7
1700,261,33,2024-03-29,Purchase,Purchase,547.7
3973,261,36,2023-07-07,Purchase,Purchase,510.0
3036,261,39,2023-10-25,ProductPage,View,484.5
675,262,13,2023-02-28,ProductPage,Drop-off,
2764,262,21,2023-05-01,Purchase,Purchase,63.2
1574,262,24,2024-05-17,Purchase,Purchase,367.1
3870,262,31,2023-05-19,Checkout,Purchase,481.0
2276,262,32,2024-04-02,Homepage,View,95.5
3501,262,39,2024-12-30,Purchase,Purchase,134.0
2761,262,49,2023-02-18,Purchase,Purchase,462.2
3639,262,49,2024-06-13,Purchase,Purchase,464.4
2931,263,3,2023-08-30,Checkout,Drop-off,
1238,263,4,2023-04-14,Homepage,View,174.7
732,263,6,2023-05-24,ProductPage,AddToCart,513.3
2190,263,15,2023-11-17,Checkout,Drop-off,
2625,263,18,2024-06-16,Homepage,Click,150.9
1958,263,28,2024-03-15,ProductPage,View,354.2
1478,263,43,2023-11-22,ProductPage,Click,231.8
2309,263,48,2023-10-12,ProductPage,Drop-off,
1820,264,1,2024-08-06,ProductPage,Click,593.8
2582,264,2,2024-10-23,Checkout,AddToCart,396.3
3561,264,3,2024-11-13,Homepage,Drop-off,
2727,264,10,2024-04-30,ProductPage,Drop-off,
741,264,22,2024-03-13,Checkout,Drop-off,
771,264,45,2023-07-23,Homepage,Click,264.9
355,265,3,2024-02-15,Homepage,Drop-off,
3033,265,3,2024-12-26,Homepage,Click,292.5
651,265,5,2024-08-23,Homepage,Drop-off,
2944,265,8,2023-06-16,ProductPage,View,452.3
556,265,18,2024-06-26,ProductPage,Click,98.1
2145,265,20,2023-02-16,Purchase,Purchase,16.1
233,265,25,2023-04-30,ProductPage,View,501.1
3684,265,40,2024-10-08,Homepage,View,180.5
3191,265,48,2024-09-15,Homepage,Drop-off,
754,266,7,2023-04-14,ProductPage,Click,156.8
1625,266,14,2024-01-06,ProductPage,Drop-off,
1652,266,30,2023-02-25,Homepage,View,206.8
3189,266,30,2024-05-22,Checkout,Drop-off,
1878,266,38,2024-11-04,ProductPage,View,516.6
2789,266,50,2024-02-09,Checkout,Drop-off,
2703,267,1,2023-09-20,ProductPage,Click,322.4
3811,267,12,2023-03-21,Checkout,Purchase,361.5
3353,267,29,2024-02-28,ProductPage,View,400.6
420,267,37,2024-05-31,Homepage,View,407.1
32,267,39,2024-06-20,Checkout,Purchase,597.7
3337,267,41,2023-01-24,Checkout,Purchase,289.6
114,268,10,2023-05-01,Checkout,Purchase,26.5
2545,268,26,2023-11-27,Checkout,Drop-off,
1454,268,29,2024-10-08,ProductPage,View,327.4
3112,268,32,2023-08-10,Purchase,Purchase,440.7
3645,268,45,2024-07-01,ProductPage,Click,27.6
1031,268,47,2023-06-12,ProductPage,View,505.1
3469,269,1,2023-09-08,Purchase,Purchase,303.4
1460,269,15,2023-06-29,Homepage,View,40.0
1126,269,21,2024-03-09,Checkout,AddToCart,249.9
2726,269,24,2024-05-22,ProductPage,Click,215.7
3905,269,25,2024-05-01,Homepage,Drop-off,
496,269,29,2023-01-04,ProductPage,View,451.2
2624,269,29,2023-12-12,Purchase,Purchase,181.8
180,269,41,2024-10-16,Checkout,Drop-off,
1891,269,45,2024-01-13,Homepage,Click,424.2
325,270,13,2023-01-06,Checkout,Purchase,306.6
2261,270,17,2024-08-24,Checkout,Drop-off,
3916,270,24,2023-03-16,Checkout,Drop-off,
1973,270,25,2024-12-01,ProductPage,Click,451.4
2334,270,28,2023-04-12,Purchase,Purchase,98.1
2462,270,29,2024-08-08,Homepage,View,133.4
3601,270,32,2023-11-16,Checkout,Drop-off,
2899,270,33,2024-03-03,Purchase,Purchase,209.2
1318,270,34,2023-07-16,ProductPage,Drop-off,
939,270,39,2024-08-25,ProductPage,View,12.1
1153,270,40,2024-06-17,Checkout,Drop-off,
3037,270,46,2023-12-29,Homepage,View,127.9
1242,270,49,2024-11-23,ProductPage,View,257.9
3925,271,9,2024-02-22,Homepage,View,83.2
3748,271,14,2023-07-16,Checkout,AddToCart,438.0
2947,271,15,2024-07-06,Purchase,Purchase,384.8
1169,271,23,2024-03-02,Homepage,Drop-off,
3690,271,27,2023-10-18,Homepage,View,295.9
1134,271,33,2023-11-17,Checkout,Drop-off,
983,272,7,2024-09-25,Checkout,Drop-off,
2662,272,20,2024-02-28,Homepage,Drop-off,
687,272,21,2023-09-26,Homepage,View,503.9
1364,272,24,2023-11-08,Checkout,Drop-off,
1459,272,28,2023-08-23,Purchase,Purchase,357.5
3957,272,38,2023-09-14,ProductPage,View,412.6
2395,272,39,2023-05-24,Checkout,Drop-off,
3326,272,41,2024-04-02,Purchase,Purchase,144.9
2452,273,12,2023-01-20,Checkout,Drop-off,
3024,273,31,2023-12-15,ProductPage,View,461.2
2404,273,34,2024-02-08,ProductPage,View,182.8
2994,273,38,2023-01-20,ProductPage,View,542.4
890,273,40,2023-09-16,Purchase,Purchase,407.1
3863,273,43,2024-08-03,ProductPage,Drop-off,
3721,273,44,2024-06-29,Checkout,Purchase,419.0
2166,273,44,2024-11-26,ProductPage,Drop-off,
1045,273,45,2023-05-08,Purchase,Purchase,500.5
3942,273,46,2024-01-19,Homepage,Click,142.4
2513,273,48,2024-03-07,ProductPage,Drop-off,
2529,274,7,2023-10-16,Homepage,Drop-off,
3048,274,11,2024-08-07,Purchase,Purchase,471.6
202,274,20,2023-08-03,ProductPage,Click,224.5
2889,274,25,2023-06-24,Checkout,Drop-off,
2279,274,25,2023-07-12,Purchase,Purchase,276.4
530,274,26,2023-03-04,Homepage,View,554.3
1911,274,27,2023-05-12,ProductPage,Click,13.0
3838,274,28,2023-02-14,ProductPage,Drop-off,
1387,274,29,2023-01-17,Homepage,View,249.2
1800,274,35,2023-08-23,Homepage,View,49.0
1401,274,37,2023-09-05,Checkout,Purchase,75.4
1272,274,39,2023-02-10,ProductPage,Click,196.0
385,274,42,2023-03-18,Homepage,View,144.5
1976,274,43,2023-07-10,ProductPage,Click,11.0
3301,275,1,2023-04-21,Purchase,Purchase,293.9
188,275,2,2024-06-14,ProductPage,View,27.4
2593,275,7,2023-05-19,Checkout,Purchase,266.0
690,275,10,2024-03-03,ProductPage,View,219.9
715,275,14,2023-10-22,Checkout,AddToCart,143.3
2063,275,21,2023-04-18,ProductPage,AddToCart,336.9
2685,275,31,2023-05-17,ProductPage,Click,208.7
1199,275,32,2024-02-16,Checkout,Drop-off,
777,275,34,2024-05-15,Homepage,Click,476.1
3382,275,44,2024-05-01,ProductPage,Click,431.4
2498,276,5,2024-11-21,ProductPage,View,62.4
3479,276,6,2024-10-26,Homepage,Click,272.7
2755,276,13,2023-09-27,Homepage,Click,382.7
1942,276,17,2023-07-08,Homepage,Click,469.7
2610,276,22,2024-02-04,ProductPage,Click,311.9
291,276,24,2024-03-24,Checkout,AddToCart,201.5
701,276,38,2023-12-22,Homepage,View,31.9
1049,276,39,2024-11-07,Homepage,Drop-off,
2932,276,42,2024-01-16,Homepage,Click,434.3
252,276,46,2024-04-13,Checkout,AddToCart,181.8
3714,277,3,2024-06-14,Homepage,Click,364.4
551,277,12,2024-08-28,Purchase,Purchase,342.8
2919,277,18,2024-03-11,Purchase,Purchase,132.7
261,277,21,2023-07-24,Purchase,Purchase,277.4
2658,277,42,2023-06-21,Checkout,Purchase,468.0
2324,278,3,2024-01-03,Purchase,Purchase,446.3
1296,278,4,2023-03-10,Purchase,Purchase,160.4
1603,278,14,2024-02-23,ProductPage,Click,220.9
3129,278,23,2024-07-16,Checkout,Purchase,348.7
2353,278,31,2024-05-19,Homepage,Click,127.0
1900,278,43,2023-10-29,Purchase,Purchase,459.1
1623,278,44,2023-07-27,ProductPage,Click,89.8
2699,278,47,2023-12-11,Checkout,Drop-off,
3296,279,3,2023-03-16,Homepage,View,464.1
1518,279,7,2024-10-10,Purchase,Purchase,403.9
856,279,11,2024-03-09,Homepage,View,543.7
2093,279,15,2023-01-26,Checkout,Purchase,331.2
1076,279,23,2023-11-28,Purchase,Purchase,549.5
2962,279,26,2024-04-03,Purchase,Purchase,583.5
501,279,30,2023-01-29,Purchase,Purchase,160.9
1939,279,32,2023-12-19,Checkout,Purchase,139.2
2195,279,35,2024-10-01,Homepage,Drop-off,
307,279,44,2023-07-11,Checkout,AddToCart,404.5
22,279,45,2023-08-30,ProductPage,AddToCart,348.8
2612,280,1,2023-05-19,Purchase,Purchase,94.2
435,280,5,2023-01-21,Purchase,Purchase,176.7
2052,280,17,2024-09-19,Purchase,Purchase,265.1
2186,280,28,2024-09-23,ProductPage,AddToCart,334.2
2876,280,29,2023-05-01,Checkout,Drop-off,
2628,280,33,2023-05-29,Checkout,Drop-off,
208,281,1,2024-01-19,Purchase,Purchase,153.3
3591,281,10,2023-04-24,ProductPage,View,159.1
1955,281,17,2023-12-19,Checkout,AddToCart,303.1
1032,281,21,2023-01-03,ProductPage,AddToCart,436.0
3305,281,24,2023-07-13,Purchase,Purchase,157.4
2277,281,30,2023-06-22,Purchase,Purchase,329.0
1847,281,34,2024-01-18,Homepage,View,432.9
3520,281,41,2023-03-12,Homepage,Drop-off,
1859,281,42,2023-01-03,ProductPage,Drop-off,
1841,282,4,2023-12-29,Checkout,Drop-off,
2510,282,18,2023-08-22,ProductPage,Click,568.9
504,282,21,2023-01-07,Homepage,Click,373.4
191,282,21,2024-01-16,Purchase,Purchase,438.3
1240,282,42,2023-05-22,ProductPage,Click,196.7
2721,283,7,2023-01-16,Checkout,Purchase,279.3
12,283,13,2024-11-06,ProductPage,View,163.2
2829,283,22,2023-09-13,ProductPage,View,594.0
1538,283,35,2023-07-01,Purchase,Purchase,272.6
522,283,36,2024-05-09,ProductPage,Click,190.9
964,283,38,2023-07-12,Homepage,Drop-off,
3363,283,42,2023-09-12,ProductPage,Click,336.4
1172,283,42,2023-10-29,Purchase,Purchase,312.5
419,284,11,2023-03-12,ProductPage,Click,277.9
150,284,15,2024-03-07,Purchase,Purchase,65.3
908,284,32,2024-09-13,Purchase,Purchase,345.7
1463,284,44,2024-07-06,Purchase,Purchase,308.9
2626,284,46,2023-01-20,ProductPage,Click,87.8
3323,285,18,2023-04-23,ProductPage,Click,186.3
3184,285,18,2024-03-18,ProductPage,AddToCart,412.4
1419,285,26,2024-07-19,Checkout,Drop-off,
1989,285,32,2023-07-25,ProductPage,Click,75.7
3284,285,34,2023-02-09,Checkout,Drop-off,
193,285,42,2023-03-14,Checkout,Drop-off,
1854,285,42,2023-05-09,Checkout,Drop-off,
834,286,5,2023-12-28,ProductPage,Click,498.1
1376,286,16,2024-12-30,Checkout,AddToCart,359.0
3199,286,18,2023-11-22,ProductPage,View,446.1
1819,286,24,2024-03-03,Purchase,Purchase,535.6
1309,286,24,2024-06-28,Homepage,View,565.3
949,287,4,2024-11-18,Purchase,Purchase,140.2
1629,287,15,2024-03-31,Checkout,Purchase,109.2
124,287,23,2023-04-23,Checkout,Drop-off,
3027,287,24,2023-05-02,Purchase,Purchase,180.9
383,287,33,2023-03-20,Checkout,Drop-off,
2841,287,37,2023-08-02,Checkout,Drop-off,
788,287,37,2023-12-10,Purchase,Purchase,397.9
369,288,3,2024-06-03,Homepage,View,223.4
920,288,6,2024-03-24,ProductPage,Click,338.4
3832,288,14,2024-11-03,Checkout,Purchase,598.1
744,288,18,2024-09-14,Homepage,Click,266.8
639,288,26,2024-05-04,ProductPage,View,165.6
21,288,32,2024-07-12,Purchase,Purchase,199.9
1077,288,33,2023-03-14,Homepage,Click,416.9
2860,288,33,2023-11-13,Purchase,Purchase,117.5
313,288,41,2023-09-30,Purchase,Purchase,347.0
76,288,42,2024-08-31,Checkout,Purchase,593.1
733,288,48,2023-08-23,Checkout,Drop-off,
1632,288,49,2023-07-19,Purchase,Purchase,336.8
198,289,3,2024-02-12,Checkout,Purchase,439.8
92,289,4,2024-02-01,Homepage,Drop-off,
2772,289,5,2023-08-11,Checkout,AddToCart,302.5
876,289,17,2023-03-04,Purchase,Purchase,397.2
619,289,34,2024-06-21,Homepage,Drop-off,
427,289,44,2023-10-03,Purchase,Purchase,356.2
1086,289,48,2024-07-05,ProductPage,View,454.1
2702,290,4,2024-12-11,ProductPage,AddToCart,523.5
1162,290,7,2023-10-29,Homepage,Click,477.5
2535,290,14,2023-06-13,Checkout,Purchase,389.5
1936,290,24,2024-09-18,Checkout,Drop-off,
1374,290,31,2023-03-06,Homepage,Click,202.5
1233,290,43,2023-05-30,Purchase,Purchase,459.3
3281,290,43,2023-06-03,ProductPage,Drop-off,
1099,290,44,2024-11-14,Homepage,Click,445.6
409,291,4,2024-02-12,Homepage,Click,291.2
1864,291,6,2023-05-05,Checkout,AddToCart,573.4
2105,291,23,2023-10-23,Homepage,Drop-off,
2458,291,30,2023-04-01,Purchase,Purchase,252.9
1727,291,35,2024-01-03,Checkout,Drop-off,
2489,291,38,2024-03-11,ProductPage,Drop-off,
107,291,41,2024-04-17,ProductPage,Click,91.8
3926,291,42,2024-04-09,Purchase,Purchase,290.0
335,291,45,2024-12-21,Checkout,Purchase,246.1
1614,292,15,2024-06-19,Checkout,AddToCart,418.9
3287,292,19,2023-11-12,Homepage,Click,487.2
2669,292,26,2023-08-11,Checkout,Drop-off,
3635,292,27,2023-06-03,ProductPage,Click,569.8
1788,292,34,2023-07-13,Purchase,Purchase,398.4
157,292,36,2023-01-15,Homepage,Drop-off,
1559,292,37,2023-02-15,Purchase,Purchase,566.7
2412,292,48,2024-04-19,Purchase,Purchase,235.2
2540,293,13,2023-12-18,ProductPage,AddToCart,565.0
3983,293,19,2024-02-20,Checkout,AddToCart,483.2
1358,293,24,2023-07-21,Purchase,Purchase,15.9
2780,293,27,2023-06-12,ProductPage,AddToCart,263.3
2067,293,39,2023-09-25,Checkout,Purchase,337.4
1156,293,39,2024-07-03,Homepage,Click,35.0
1886,293,47,2023-09-14,Purchase,Purchase,395.2
1475,293,48,2024-05-27,Homepage,Click,559.6
927,293,49,2023-01-24,Purchase,Purchase,98.0
861,294,10,2024-03-03,Homepage,View,200.4
1598,294,20,2023-03-17,ProductPage,View,204.7
3981,294,20,2023-06-03,Homepage,View,17.1
1609,294,20,2024-08-02,Purchase,Purchase,290.4
772,294,32,2023-01-05,Checkout,Drop-off,
1412,294,42,2023-10-04,Homepage,Click,567.1
266,294,43,2023-05-31,Purchase,Purchase,292.6
2989,294,48,2023-01-06,Purchase,Purchase,450.0
3372,294,49,2024-04-05,Homepage,Click,385.6
1170,295,1,2024-06-11,Purchase,Purchase,439.4
1987,295,1,2024-10-29,ProductPage,AddToCart,73.1
1130,295,2,2023-02-20,Homepage,Click,211.9
2782,295,6,2023-04-26,Purchase,Purchase,199.2
2005,295,18,2024-02-05,ProductPage,Drop-off,
2927,295,19,2023-01-26,ProductPage,Drop-off,
1405,295,19,2023-04-22,Checkout,Purchase,504.5
455,295,39,2024-09-03,Checkout,Purchase,248.6
1964,295,44,2023-08-23,Homepage,Click,515.2
1378,296,16,2024-10-20,ProductPage,View,297.5
1972,296,18,2023-05-15,Checkout,Purchase,561.4
2363,296,25,2023-01-24,ProductPage,Drop-off,
1754,296,25,2023-02-12,Homepage,Click,252.0
1323,296,41,2023-02-06,Checkout,Purchase,170.4
1821,297,23,2023-05-28,Homepage,View,253.1
2112,297,35,2024-04-20,ProductPage,AddToCart,591.3
2723,297,42,2024-08-30,ProductPage,View,65.6
2516,297,50,2023-08-31,Purchase,Purchase,218.2
1892,298,8,2024-11-18,ProductPage,View,449.5
2157,298,20,2024-06-02,Checkout,Drop-off,
3125,298,20,2024-12-20,Purchase,Purchase,541.8
1552,298,31,2024-12-08,Homepage,View,590.4
519,298,37,2024-10-04,ProductPage,Click,431.8
46,298,38,2023-10-07,Purchase,Purchase,570.6
874,298,41,2024-02-09,ProductPage,Click,97.5
2191,298,46,2024-03-07,ProductPage,AddToCart,596.4
3910,298,48,2023-01-17,Homepage,Click,480.3
2184,299,18,2024-06-07,Purchase,Purchase,262.3
526,299,35,2023-05-30,ProductPage,Click,582.5
3969,299,36,2024-01-26,ProductPage,Click,370.8
1558,299,42,2023-02-07,ProductPage,View,243.6
1752,299,49,2023-04-13,Homepage,Click,326.0
3223,300,8,2024-02-10,ProductPage,View,290.4
2097,300,11,2024-12-27,Purchase,Purchase,70.8
3998,300,15,2023-06-13,Homepage,View,476.8
3717,300,16,2023-07-26,Checkout,Drop-off,
3092,300,30,2023-07-17,Checkout,Drop-off,
1889,300,44,2024-06-07,Homepage,Click,580.7
1279,300,45,2024-07-13,ProductPage,Click,277.7
1407,300,49,2024-01-04,Homepage,Drop-off,
1274,301,9,2023-11-27,Homepage,View,227.6
386,301,9,2024-02-22,ProductPage,View,367.9
2961,301,14,2023-04-17,ProductPage,Drop-off,
1553,301,18,2023-03-26,ProductPage,Drop-off,
736,301,40,2023-12-26,Purchase,Purchase,578.0
3307,301,48,2024-08-07,ProductPage,AddToCart,37.9
3381,302,1,2023-04-20,Purchase,Purchase,249.5
1715,302,14,2024-09-04,Purchase,Purchase,263.6
525,302,15,2024-07-20,Homepage,Drop-off,
2207,302,17,2023-11-18,Homepage,View,410.9
2420,302,40,2023-03-02,Purchase,Purchase,501.0
1745,302,40,2024-08-31,Checkout,Drop-off,
2502,303,9,2023-06-22,Homepage,View,542.2
1446,303,21,2023-11-11,Purchase,Purchase,231.5
3817,303,30,2024-10-15,ProductPage,View,418.5
3967,303,39,2024-11-04,ProductPage,Click,443.1
225,303,42,2024-08-17,Homepage,View,37.9
2096,303,43,2024-11-04,Homepage,Click,540.4
312,303,44,2023-08-28,ProductPage,View,148.8
1243,304,3,2024-11-26,Purchase,Purchase,217.4
2640,304,4,2023-06-22,Checkout,AddToCart,35.4
3204,304,11,2023-05-18,Homepage,Drop-off,
3950,304,15,2024-01-27,Homepage,Click,322.0
2413,304,36,2023-09-10,Purchase,Purchase,200.1
454,304,43,2024-12-14,Purchase,Purchase,540.0
2965,305,11,2024-07-09,Purchase,Purchase,416.2
1534,305,26,2024-05-03,ProductPage,View,398.0
2358,305,27,2024-10-27,Purchase,Purchase,157.1
2604,305,29,2024-04-16,Homepage,View,259.3
3750,305,30,2023-11-11,Purchase,Purchase,374.5
1902,305,33,2024-08-21,Purchase,Purchase,59.3
3026,305,42,2023-01-25,Checkout,AddToCart,483.6
545,305,42,2024-02-17,Homepage,View,592.8
1680,305,44,2024-11-06,Homepage,Click,108.5
1236,305,46,2023-03-11,ProductPage,Drop-off,
2597,306,1,2023-11-13,ProductPage,Click,168.8
2557,306,4,2023-06-29,Purchase,Purchase,397.6
2836,306,10,2024-01-16,Homepage,View,209.7
426,306,12,2024-10-27,Purchase,Purchase,559.6
399,306,23,2023-05-12,Purchase,Purchase,145.0
3477,306,26,2024-07-04,Homepage,View,212.9
3911,306,30,2024-06-23,Purchase,Purchase,427.7
2135,306,32,2024-08-12,Purchase,Purchase,594.1
260,306,34,2023-12-17,ProductPage,AddToCart,141.2
2762,306,47,2024-07-21,Checkout,AddToCart,437.5
3292,307,3,2024-02-01,Purchase,Purchase,130.6
373,307,6,2024-03-01,Homepage,Click,517.8
3786,307,9,2024-06-26,Checkout,Purchase,85.6
3439,307,15,2023-10-14,Homepage,View,562.6
3588,307,34,2023-10-22,Purchase,Purchase,28.2
1516,307,35,2024-01-26,Checkout,AddToCart,338.5
3079,307,38,2024-07-15,Homepage,View,138.5
3734,307,46,2023-07-25,Homepage,View,357.7
4000,307,46,2024-06-02,Purchase,Purchase,534.4
2592,307,48,2023-11-21,Purchase,Purchase,553.6
3474,307,48,2024-01-06,Purchase,Purchase,380.5
2074,308,1,2023-01-10,Homepage,Click,60.1
1589,308,1,2023-09-08,Checkout,Drop-off,
667,308,1,2024-04-22,Checkout,Drop-off,
1993,308,5,2023-01-16,Checkout,Drop-off,
364,308,7,2023-12-02,Checkout,Purchase,557.6
1372,308,14,2023-07-28,ProductPage,Click,560.2
1954,308,16,2024-02-20,ProductPage,View,498.1
448,308,26,2024-11-07,Checkout,Drop-off,
599,308,35,2023-01-06,ProductPage,Click,367.6
631,308,38,2024-01-19,Homepage,Click,106.8
179,308,40,2024-03-25,Homepage,Click,45.8
3945,308,43,2024-03-09,ProductPage,Click,599.4
1239,308,50,2023-07-03,ProductPage,View,205.8
2446,309,38,2024-11-09,ProductPage,View,551.0
169,309,46,2023-05-02,ProductPage,Click,408.4
511,310,4,2023-01-03,Homepage,Click,211.5
2444,310,10,2023-07-02,Purchase,Purchase,410.9
100,310,11,2024-10-15,ProductPage,Click,252.9
374,310,16,2023-03-21,Checkout,AddToCart,48.9
88,310,17,2024-04-28,Purchase,Purchase,450.6
305,310,30,2023-11-04,Checkout,Drop-off,
1890,310,38,2024-06-21,ProductPage,Drop-off,
2742,310,43,2023-04-17,Homepage,Drop-off,
682,310,46,2024-07-13,ProductPage,View,133.3
3613,310,47,2024-05-03,ProductPage,Drop-off,
267,311,14,2024-01-17,ProductPage,AddToCart,232.8
2953,311,17,2023-06-11,Homepage,Click,242.1
2021,311,25,2023-06-10,ProductPage,Click,248.5
3206,311,28,2023-06-10,Homepage,View,421.3
2431,311,29,2023-08-28,Purchase,Purchase,495.3
996,311,42,2024-06-30,Homepage,Click,488.9
1341,311,44,2023-03-09,Checkout,Drop-off,
3429,312,3,2024-01-29,Purchase,Purchase,429.8
276,312,13,2023-03-13,ProductPage,View,582.5
3720,312,16,2024-03-09,ProductPage,Click,254.2
3498,312,16,2024-07-30,ProductPage,Click,222.4
471,312,19,2023-05-25,ProductPage,Click,299.4
3768,312,24,2024-02-16,ProductPage,Drop-off,
3278,312,32,2023-09-01,ProductPage,Click,56.8
1343,312,37,2023-08-25,Checkout,Drop-off,
354,312,47,2024-10-15,Homepage,View,557.2
1216,312,47,2024-11-07,ProductPage,View,83.5
1665,313,3,2024-10-30,Checkout,Purchase,174.9
1637,313,17,2023-03-12,Purchase,Purchase,516.4
1291,313,26,2023-08-16,ProductPage,View,530.2
807,313,30,2023-07-02,Purchase,Purchase,124.6
2632,313,36,2023-11-18,Homepage,Click,163.1
1090,313,39,2023-06-30,Homepage,Click,203.9
2026,313,41,2024-03-18,Homepage,View,511.5
2759,314,8,2023-04-06,Checkout,Drop-off,
1565,314,19,2024-12-30,Purchase,Purchase,204.0
693,314,23,2024-11-01,ProductPage,View,200.6
1071,314,26,2023-10-30,Checkout,Purchase,546.5
1142,314,26,2024-03-27,Purchase,Purchase,549.0
1737,314,40,2023-07-21,Purchase,Purchase,33.3
1956,314,40,2023-10-01,ProductPage,Click,56.9
3328,315,3,2024-03-22,ProductPage,Drop-off,
1190,315,5,2024-06-26,Purchase,Purchase,156.8
375,315,11,2024-05-05,ProductPage,Click,375.5
2327,315,19,2023-04-02,ProductPage,Drop-off,
1881,315,27,2023-04-08,Homepage,Click,26.7
339,315,29,2024-10-01,Homepage,View,299.3
3770,315,38,2023-10-03,Purchase,Purchase,226.7
3123,315,40,2023-09-01,Homepage,View,391.8
1960,315,42,2023-04-19,Purchase,Purchase,53.0
1591,315,45,2024-06-22,Homepage,Click,87.4
122,315,45,2024-12-01,Homepage,View,63.7
1041,316,2,2023-06-14,Homepage,Click,487.6
3428,316,7,2023-02-16,Homepage,Click,251.2
3019,316,9,2023-11-19,Purchase,Purchase,94.4
2552,316,18,2024-06-25,Homepage,Click,137.4
3058,316,25,2024-04-05,ProductPage,AddToCart,592.9
3948,316,44,2023-02-01,Homepage,Click,236.1
3021,317,3,2024-01-10,Checkout,AddToCart,428.5
3290,317,4,2023-08-13,Purchase,Purchase,340.0
3685,317,5,2024-08-22,Homepage,Click,72.6
3554,317,10,2023-03-28,Purchase,Purchase,177.7
2342,317,29,2024-07-04,Homepage,Drop-off,
2923,317,45,2024-08-22,ProductPage,Click,434.4
1181,317,46,2024-07-10,Homepage,Click,590.2
3152,317,47,2023-04-16,Homepage,Click,235.6
3167,318,4,2024-08-14,Checkout,Drop-off,
1486,318,16,2024-07-15,ProductPage,Drop-off,
1999,318,19,2024-10-30,ProductPage,View,362.7
53,318,21,2024-05-19,Checkout,Purchase,175.4
3630,318,32,2023-07-06,ProductPage,Drop-off,
388,318,40,2024-08-01,ProductPage,View,109.5
884,319,3,2024-10-28,Purchase,Purchase,530.3
41,319,14,2023-10-17,Homepage,Click,367.4
1438,319,22,2024-03-12,Purchase,Purchase,484.7
2209,319,28,2023-03-18,Checkout,Purchase,279.1
1851,319,32,2023-07-12,Checkout,AddToCart,119.7
2674,319,45,2023-01-24,Purchase,Purchase,279.7
1520,319,48,2024-08-20,Homepage,Click,281.2
2820,320,10,2024-03-27,Homepage,Drop-off,
1648,320,23,2023-05-13,Purchase,Purchase,300.6
2374,320,30,2024-08-31,ProductPage,View,213.5
2732,320,39,2024-07-08,Checkout,Drop-off,
3597,320,44,2023-02-21,ProductPage,View,271.7
2167,320,50,2024-10-13,ProductPage,View,557.6
1389,321,6,2024-08-21,ProductPage,Click,554.7
1543,321,8,2023-08-01,Purchase,Purchase,340.6
1871,321,9,2023-05-15,ProductPage,View,201.9
401,321,12,2024-07-25,Purchase,Purchase,350.2
2336,321,14,2023-11-13,Purchase,Purchase,216.3
790,321,16,2024-06-13,Checkout,Purchase,253.6
3434,321,17,2024-02-01,Homepage,Drop-off,
3256,321,28,2024-02-18,Purchase,Purchase,299.8
3515,321,30,2024-10-08,Checkout,Drop-off,
1935,321,33,2023-03-25,ProductPage,Drop-off,
459,321,35,2023-07-16,Homepage,Drop-off,
618,321,38,2024-01-18,Homepage,Click,266.6
3168,321,41,2024-09-10,ProductPage,Drop-off,
2004,321,43,2023-04-15,Checkout,AddToCart,244.1
1524,321,44,2023-08-21,Purchase,Purchase,582.6
2959,322,2,2024-10-15,Homepage,View,93.7
421,322,9,2023-01-31,Homepage,Click,25.8
2920,322,16,2024-10-05,Purchase,Purchase,582.0
1783,322,26,2024-11-16,Checkout,AddToCart,154.5
3505,322,37,2024-01-16,Homepage,Click,333.7
1116,322,41,2023-05-01,ProductPage,Click,396.6
5,322,42,2023-12-02,Checkout,Purchase,433.2
2830,322,45,2023-12-15,Purchase,Purchase,551.0
2224,323,4,2023-04-13,Checkout,AddToCart,77.1
1826,323,7,2024-04-05,Checkout,Purchase,487.9
1408,323,20,2023-02-13,Purchase,Purchase,312.8
3761,323,23,2024-06-26,ProductPage,View,204.8
710,323,26,2023-12-01,Homepage,View,205.9
1110,323,26,2024-03-19,Checkout,AddToCart,388.4
3220,323,28,2024-12-25,Checkout,Drop-off,
3198,323,39,2023-03-16,Checkout,AddToCart,381.4
90,323,41,2023-10-07,Purchase,Purchase,116.7
510,323,44,2023-08-02,Homepage,View,508.6
1713,323,47,2023-02-13,Homepage,View,533.6
1733,323,47,2023-10-03,ProductPage,AddToCart,311.7
338,324,10,2023-05-29,Checkout,Drop-off,
969,324,22,2023-04-01,Homepage,View,318.6
783,324,22,2024-08-25,Purchase,Purchase,197.2
2297,324,25,2023-06-10,Checkout,Drop-off,
1043,324,37,2024-02-06,Checkout,Drop-off,
227,325,14,2023-02-21,Checkout,Drop-off,
988,325,14,2024-02-27,Checkout,Drop-off,
999,325,17,2024-11-23,Checkout,Purchase,359.3
3098,325,18,2023-09-27,ProductPage,Click,540.0
2219,325,22,2023-12-31,ProductPage,AddToCart,512.0
3876,325,23,2023-01-31,Purchase,Purchase,339.1
108,325,28,2024-02-18,Purchase,Purchase,32.3
216,325,41,2023-12-27,Purchase,Purchase,380.1
3681,325,41,2024-01-02,ProductPage,View,325.9
309,325,45,2023-02-23,Checkout,AddToCart,408.3
463,326,1,2024-03-31,Checkout,Drop-off,
2315,326,2,2023-07-09,ProductPage,Drop-off,
2028,326,2,2024-06-08,Checkout,AddToCart,104.8
484,326,2,2024-09-25,ProductPage,View,363.7
970,326,3,2024-06-30,Purchase,Purchase,415.5
2524,326,6,2024-06-12,ProductPage,View,133.0
3060,326,16,2023-02-17,ProductPage,Drop-off,
236,326,20,2023-07-22,Checkout,Drop-off,
1644,326,27,2023-07-09,Homepage,Click,508.9
1613,326,45,2023-01-10,Checkout,AddToCart,439.1
1108,327,14,2023-01-12,ProductPage,AddToCart,187.2
445,327,14,2024-10-08,Checkout,Purchase,235.5
1502,327,18,2023-10-04,Homepage,Drop-off,
145,327,26,2023-06-24,Purchase,Purchase,235.1
59,327,47,2023-03-30,Purchase,Purchase,458.6
2022,327,47,2023-06-28,Purchase,Purchase,227.2
2665,327,49,2024-07-07,Purchase,Purchase,99.4
3041,328,4,2024-01-05,Purchase,Purchase,44.4
933,328,6,2024-01-07,Checkout,Drop-off,
3655,328,6,2024-05-18,ProductPage,View,584.5
2035,328,7,2023-11-03,ProductPage,AddToCart,296.2
841,328,10,2024-03-07,Purchase,Purchase,481.9
3570,328,14,2023-11-24,Homepage,Drop-off,
1711,328,19,2023-08-12,Purchase,Purchase,152.1
1612,328,21,2023-10-11,Checkout,Drop-off,
258,328,32,2024-10-26,Checkout,AddToCart,558.0
2089,328,33,2024-02-08,Homepage,View,592.1
3065,328,39,2024-04-07,Homepage,Click,322.2
1004,328,47,2023-12-10,Purchase,Purchase,419.0
2200,328,48,2023-08-27,Homepage,View,192.2
875,329,2,2023-05-25,ProductPage,View,210.5
3929,329,8,2024-01-18,Homepage,View,72.0
1107,329,10,2023-04-23,Checkout,Drop-off,
1262,329,19,2023-05-09,Checkout,Purchase,379.6
2521,329,25,2024-12-07,Homepage,View,511.4
2821,329,28,2024-07-20,Homepage,Click,494.2
2689,329,43,2024-11-06,Homepage,View,12.8
2811,329,45,2023-03-02,Homepage,View,115.0
142,330,3,2024-05-12,Homepage,View,185.8
2013,330,8,2023-11-30,Checkout,AddToCart,29.9
1592,330,10,2024-08-24,Checkout,Drop-off,
2565,330,20,2023-08-07,Purchase,Purchase,394.8
2155,330,20,2023-12-07,ProductPage,Drop-off,
2896,330,21,2024-11-18,Purchase,Purchase,403.6
3039,330,26,2023-02-22,Purchase,Purchase,586.6
234,331,6,2023-06-19,Homepage,Click,341.0
1667,331,6,2024-08-09,Checkout,AddToCart,106.2
3587,331,15,2024-01-01,Homepage,Click,517.0
195,331,23,2024-04-04,Purchase,Purchase,123.4
2426,331,26,2023-10-05,Purchase,Purchase,451.3
1282,331,30,2023-12-22,Checkout,Purchase,254.9
1792,331,42,2024-11-03,Purchase,Purchase,578.0
1611,331,43,2023-03-04,Homepage,View,455.4
3066,331,44,2023-05-05,Purchase,Purchase,552.7
1084,331,45,2023-03-08,Purchase,Purchase,347.3
666,331,45,2023-07-22,ProductPage,Click,138.1
3340,331,45,2024-03-04,ProductPage,AddToCart,170.2
1385,332,5,2024-12-03,ProductPage,View,53.2
2352,332,8,2023-11-12,Purchase,Purchase,223.0
2992,332,11,2024-06-21,Purchase,Purchase,18.4
1430,332,26,2024-01-15,Checkout,Drop-off,
2536,332,27,2023-07-04,Checkout,AddToCart,486.7
2216,332,29,2024-04-16,Homepage,Drop-off,
2585,332,32,2024-01-19,ProductPage,Click,280.9
2159,332,46,2023-10-30,Purchase,Purchase,455.0
3622,333,2,2024-09-23,Purchase,Purchase,378.1
2116,333,4,2023-11-27,Purchase,Purchase,81.8
609,333,16,2024-03-22,ProductPage,View,258.9
2878,333,20,2024-02-10,ProductPage,View,159.2
2652,333,22,2023-11-07,Checkout,Drop-off,
924,333,22,2024-08-30,Purchase,Purchase,248.4
1774,333,23,2024-10-09,Checkout,Purchase,165.8
523,333,25,2023-08-25,Purchase,Purchase,543.3
656,333,36,2024-01-30,Homepage,View,530.6
507,333,42,2024-07-05,ProductPage,Drop-off,
297,334,3,2024-01-20,Checkout,Drop-off,
2910,334,12,2024-10-19,Checkout,Purchase,295.9
1211,334,24,2024-04-26,Checkout,Drop-off,
2767,334,30,2023-12-13,ProductPage,Drop-off,
270,334,50,2023-06-28,Homepage,Drop-off,
796,335,6,2024-10-24,Purchase,Purchase,284.8
1047,335,16,2024-06-23,Checkout,Purchase,214.5
2406,335,18,2023-09-11,Homepage,Click,251.8
2960,335,22,2024-09-22,ProductPage,Drop-off,
3016,335,25,2024-11-30,ProductPage,View,426.8
591,335,27,2024-02-17,Homepage,View,546.4
31,335,29,2024-01-12,Homepage,View,404.6
1695,335,47,2023-02-19,Checkout,Drop-off,
415,335,48,2023-03-23,Purchase,Purchase,346.8
3081,335,48,2024-01-20,Homepage,Click,172.4
1120,336,3,2024-03-27,Purchase,Purchase,190.6
1124,336,12,2024-11-30,Homepage,View,252.1
3212,336,14,2023-05-15,Homepage,View,350.6
3994,336,16,2023-10-27,ProductPage,AddToCart,55.3
1424,336,40,2023-01-18,Checkout,Drop-off,
1362,336,46,2024-08-24,Purchase,Purchase,147.6
3672,336,47,2024-07-30,Checkout,Purchase,473.1
2861,336,48,2023-06-30,Checkout,Drop-off,
146,337,10,2023-01-22,Purchase,Purchase,403.3
3933,337,14,2024-09-05,Homepage,Click,86.6
2078,337,28,2023-05-20,Homepage,View,537.2
726,337,30,2024-11-06,Homepage,View,556.7
2611,337,32,2024-06-22,Checkout,AddToCart,17.7
2773,337,36,2023-06-23,Checkout,Drop-off,
2019,337,47,2023-06-03,Purchase,Purchase,573.6
2933,337,47,2024-08-09,ProductPage,Drop-off,
3972,337,49,2024-10-25,ProductPage,Drop-off,
1370,337,50,2024-04-13,ProductPage,View,27.7
2870,338,4,2023-10-18,ProductPage,AddToCart,363.2
3202,338,6,2023-04-08,Purchase,Purchase,157.4
2246,338,17,2023-11-11,Purchase,Purchase,546.3
3868,338,17,2024-10-30,Homepage,View,166.1
2250,338,20,2024-02-08,Homepage,Drop-off,
2457,338,34,2023-03-13,Purchase,Purchase,111.4
135,338,35,2024-01-18,Checkout,Purchase,353.5
919,338,38,2023-02-04,Checkout,Drop-off,
1971,338,40,2024-01-08,Purchase,Purchase,250.8
3263,338,43,2024-10-18,Purchase,Purchase,532.0
1896,338,44,2023-08-07,ProductPage,View,490.7
461,338,45,2023-10-11,Checkout,Drop-off,
1105,338,45,2024-04-22,Purchase,Purchase,450.7
558,338,50,2024-08-01,Homepage,View,106.8
357,339,17,2023-09-09,Purchase,Purchase,223.3
3266,339,18,2023-04-06,Purchase,Purchase,381.9
3751,339,35,2024-04-18,Homepage,Drop-off,
207,339,37,2023-03-22,Purchase,Purchase,132.5
3737,339,48,2024-04-23,Checkout,Drop-off,
1038,340,4,2023-04-23,Homepage,Drop-off,
779,340,7,2024-11-15,Checkout,Drop-off,
661,340,32,2024-09-20,Homepage,Click,294.6
1307,340,43,2023-03-21,Checkout,Drop-off,
650,340,45,2023-08-17,Homepage,Click,298.2
1777,341,4,2024-04-12,ProductPage,Drop-off,
582,341,6,2024-11-14,Homepage,View,434.0
378,341,9,2023-12-18,Checkout,Purchase,511.6
2580,341,9,2024-07-01,Purchase,Purchase,524.4
1692,341,19,2024-10-22,ProductPage,Click,337.5
1260,341,22,2024-03-08,Purchase,Purchase,187.5
971,341,24,2024-03-07,Homepage,View,344.9
3111,341,41,2023-09-05,ProductPage,AddToCart,577.4
1485,341,47,2023-03-04,ProductPage,View,322.7
228,342,5,2024-12-31,ProductPage,AddToCart,540.8
352,342,17,2024-10-28,ProductPage,View,491.8
1345,342,24,2024-02-12,ProductPage,AddToCart,17.2
3795,342,25,2023-07-17,Checkout,Purchase,547.3
3729,342,47,2023-11-11,Purchase,Purchase,528.9
3049,343,20,2023-06-15,Purchase,Purchase,24.4
2991,343,32,2024-05-16,Purchase,Purchase,184.3
2862,343,37,2023-01-27,Purchase,Purchase,327.7
2044,343,38,2024-09-01,Checkout,Drop-off,
3789,343,48,2024-06-11,Purchase,Purchase,255.8
1928,344,9,2023-06-19,Homepage,Drop-off,
3656,344,24,2023-05-16,Homepage,Click,558.9
2123,344,24,2023-09-25,Checkout,Purchase,325.7
739,344,26,2024-03-08,Homepage,View,366.1
3407,344,46,2024-09-19,Purchase,Purchase,57.4
2198,344,49,2023-01-12,Checkout,AddToCart,30.3
1840,344,50,2023-07-25,Purchase,Purchase,563.9
2124,345,1,2023-02-13,Purchase,Purchase,550.2
1511,345,4,2024-03-07,ProductPage,AddToCart,115.8
893,345,9,2024-01-22,ProductPage,View,469.3
3084,345,9,2024-12-28,ProductPage,Click,78.1
2512,345,11,2024-09-07,Checkout,Drop-off,
284,345,20,2023-04-07,Purchase,Purchase,495.3
2808,345,32,2024-03-23,Checkout,Purchase,504.5
2560,345,46,2024-09-10,Purchase,Purchase,33.5
239,345,48,2023-12-26,Purchase,Purchase,343.5
201,345,48,2024-07-23,ProductPage,AddToCart,402.9
2968,345,50,2023-03-17,Checkout,Drop-off,
1887,346,6,2023-06-03,Homepage,View,126.6
793,346,8,2024-02-05,Purchase,Purchase,270.7
3253,346,11,2023-03-30,Purchase,Purchase,18.8
718,346,14,2024-02-05,Purchase,Purchase,261.2
1339,346,21,2024-12-18,Homepage,Click,188.5
1833,346,25,2024-11-29,Checkout,AddToCart,419.8
766,346,30,2024-12-20,Purchase,Purchase,116.4
2232,346,35,2023-08-10,Purchase,Purchase,488.8
2443,346,38,2024-11-12,ProductPage,AddToCart,79.6
3528,346,43,2024-02-10,Homepage,View,394.2
577,347,7,2023-02-05,Homepage,View,502.8
3682,347,13,2024-09-02,Checkout,AddToCart,204.5
683,347,33,2023-05-20,Purchase,Purchase,409.3
116,347,38,2023-03-04,Purchase,Purchase,113.8
2083,347,39,2024-08-25,Purchase,Purchase,81.2
2581,348,19,2023-10-07,Homepage,Click,86.6
508,348,32,2023-02-19,Homepage,Click,392.4
1354,348,37,2023-01-15,Checkout,Drop-off,
1439,348,37,2023-02-27,Homepage,Click,196.7
75,348,41,2024-01-31,Purchase,Purchase,536.9
3716,349,4,2024-10-23,ProductPage,Drop-off,
2569,349,7,2023-07-04,Homepage,Drop-off,
3947,349,8,2023-03-15,Purchase,Purchase,185.9
3107,349,9,2023-09-17,Purchase,Purchase,518.5
2453,349,10,2023-09-06,ProductPage,Click,43.1
1361,349,11,2024-12-14,Purchase,Purchase,507.9
571,349,11,2024-12-21,Homepage,View,226.3
2713,349,34,2023-01-01,Purchase,Purchase,477.5
1210,349,44,2023-05-05,Purchase,Purchase,72.6
323,350,3,2023-08-20,Purchase,Purchase,487.0
633,350,13,2024-05-25,ProductPage,View,145.2
2392,350,18,2023-07-15,ProductPage,Drop-off,
1933,350,27,2023-03-20,Homepage,Drop-off,
2064,350,38,2024-05-20,ProductPage,AddToCart,78.5
3565,350,42,2023-11-26,Purchase,Purchase,305.1
1879,350,44,2024-01-01,Homepage,Click,511.3
1734,350,45,2023-06-25,Homepage,View,258.7
1579,350,46,2023-06-14,Purchase,Purchase,533.9
1447,350,46,2024-08-26,Checkout,Drop-off,
1151,351,6,2024-01-15,Homepage,Click,335.7
2833,351,8,2024-12-05,Purchase,Purchase,151.9
1951,351,15,2023-08-18,Purchase,Purchase,205.1
2151,351,18,2024-10-05,Homepage,Click,241.1
366,351,23,2023-03-15,Checkout,AddToCart,378.1
3006,351,28,2023-04-17,ProductPage,Click,467.4
289,351,32,2023-05-07,Checkout,Drop-off,
110,351,32,2023-10-10,Homepage,Drop-off,
1979,351,34,2023-10-13,ProductPage,Drop-off,
2936,351,41,2024-10-19,Homepage,View,157.3
127,351,45,2024-04-15,Checkout,Purchase,96.3
320,351,46,2023-01-20,Homepage,Drop-off,
1836,351,49,2023-11-04,Purchase,Purchase,547.6
2017,352,14,2024-12-31,Purchase,Purchase,161.2
1042,352,15,2023-08-04,Homepage,Click,123.7
457,352,21,2023-10-14,Checkout,Drop-off,
3022,352,24,2024-12-30,Checkout,Purchase,79.2
2070,352,28,2023-06-07,Homepage,Drop-off,
68,352,48,2023-06-01,Homepage,View,459.2
3633,353,13,2024-04-16,Checkout,Drop-off,
33,353,18,2024-05-03,Purchase,Purchase,268.5
2382,353,22,2024-01-30,Purchase,Purchase,160.3
2383,353,32,2024-03-02,ProductPage,View,86.3
3617,354,1,2024-03-01,Purchase,Purchase,121.8
586,354,3,2023-09-21,Checkout,AddToCart,422.4
159,354,10,2023-05-26,ProductPage,Drop-off,
3030,354,20,2024-01-03,ProductPage,Click,232.6
2236,354,22,2024-07-02,Homepage,View,198.3
13,354,33,2023-04-24,Purchase,Purchase,537.3
728,354,34,2023-12-02,Homepage,Drop-off,
1373,354,35,2023-11-01,Checkout,AddToCart,194.0
2716,354,38,2023-08-10,Purchase,Purchase,312.7
1664,354,44,2023-07-30,Checkout,Purchase,108.3
3000,354,44,2024-12-07,Purchase,Purchase,89.7
1735,354,45,2024-08-13,Homepage,Click,350.0
3114,354,46,2024-10-19,Homepage,Click,442.9
3836,355,8,2023-08-11,Purchase,Purchase,61.2
1448,355,46,2023-10-12,Homepage,Click,253.5
502,355,48,2024-03-18,Homepage,Click,240.1
2465,356,14,2024-01-12,Purchase,Purchase,530.9
87,356,15,2023-12-09,Purchase,Purchase,497.3
2813,356,18,2024-06-16,Homepage,View,403.9
3558,356,31,2024-05-21,Purchase,Purchase,553.5
850,356,36,2023-06-02,Checkout,Drop-off,
1949,356,44,2023-03-19,Purchase,Purchase,288.2
2531,356,44,2023-10-04,Purchase,Purchase,513.6
102,357,5,2023-02-26,Checkout,Purchase,393.6
1710,357,5,2023-07-23,Homepage,View,248.7
2977,357,11,2024-08-13,Homepage,View,421.5
2211,357,16,2024-05-05,Checkout,Drop-off,
1280,357,24,2024-07-20,ProductPage,Click,69.0
1596,357,25,2023-04-20,Checkout,Purchase,121.8
1702,357,25,2023-08-17,Checkout,Purchase,434.2
3589,357,38,2024-06-20,Purchase,Purchase,502.6
264,357,38,2024-07-02,ProductPage,Drop-off,
1297,357,39,2024-03-11,ProductPage,Click,237.0
2848,357,47,2023-01-07,Purchase,Purchase,253.0
2790,357,47,2023-03-02,ProductPage,View,345.7
287,358,9,2023-05-19,Purchase,Purchase,394.8
3,358,9,2023-10-31,Homepage,View,42.8
881,358,15,2024-05-05,Homepage,View,573.1
2181,359,2,2023-06-19,Checkout,Drop-off,
1926,359,2,2024-02-20,Purchase,Purchase,35.6
3463,359,7,2023-03-24,Purchase,Purchase,258.2
2460,359,8,2023-11-21,Purchase,Purchase,173.9
3201,359,11,2024-05-20,ProductPage,Click,79.5
963,359,26,2024-04-01,ProductPage,Drop-off,
3438,359,35,2024-03-26,Checkout,Drop-off,
973,359,47,2024-05-29,ProductPage,View,97.7
440,359,48,2023-12-01,Checkout,Purchase,90.3
2144,360,2,2024-09-27,Purchase,Purchase,144.9
910,360,11,2023-02-20,Purchase,Purchase,98.1
3674,360,16,2024-07-05,ProductPage,View,427.9
2154,360,19,2023-12-19,Purchase,Purchase,362.7
1165,360,19,2024-09-13,Purchase,Purchase,476.8
3867,360,48,2024-12-12,Homepage,Click,180.2
1712,361,5,2023-04-03,Checkout,Drop-off,
1789,361,9,2023-07-24,Homepage,View,265.5
3772,361,11,2024-01-13,Checkout,Purchase,485.2
2908,361,12,2024-12-24,ProductPage,Click,243.1
2654,361,13,2023-08-02,Checkout,Purchase,476.6
434,361,15,2023-06-10,Checkout,Drop-off,
3677,361,17,2023-10-08,Homepage,Drop-off,
3641,361,20,2023-11-18,Purchase,Purchase,486.6
957,361,28,2024-09-02,Checkout,Purchase,206.9
3042,361,31,2024-05-08,ProductPage,View,415.6
3144,361,33,2024-06-25,Homepage,Click,102.5
2550,361,41,2023-01-02,Homepage,View,185.0
1944,361,47,2024-07-09,Purchase,Purchase,531.4
2385,362,5,2023-07-17,Purchase,Purchase,385.4
1948,362,22,2024-06-06,Checkout,Drop-off,
1673,362,23,2023-05-06,Homepage,Drop-off,
3053,362,33,2024-11-09,Purchase,Purchase,277.9
416,362,34,2023-11-22,ProductPage,Drop-off,
840,362,37,2024-09-30,Purchase,Purchase,231.8
1123,363,5,2023-11-21,ProductPage,View,486.6
3744,363,30,2024-08-20,Checkout,Drop-off,
1950,363,31,2024-06-10,Homepage,Drop-off,
2571,363,33,2024-04-11,Checkout,Drop-off,
2766,364,4,2023-11-18,Homepage,Drop-off,
1834,364,11,2023-08-18,Checkout,Drop-off,
805,364,11,2024-08-23,Checkout,Drop-off,
2747,364,13,2024-12-18,Homepage,Click,85.3
3446,364,22,2024-09-06,ProductPage,Drop-off,
3955,364,26,2024-01-14,Checkout,AddToCart,574.2
1491,364,32,2024-04-06,ProductPage,Click,81.6
1722,364,40,2024-03-20,Checkout,Drop-off,
707,364,42,2023-05-09,Homepage,Click,42.9
1560,364,46,2023-05-25,Checkout,Purchase,532.8
1136,364,50,2023-10-14,Purchase,Purchase,75.5
1998,365,11,2023-05-07,Homepage,View,319.1
925,365,19,2023-05-10,Checkout,Purchase,59.0
3953,365,21,2024-12-16,Checkout,Purchase,317.9
380,365,40,2023-10-22,ProductPage,Click,80.0
3723,366,29,2024-11-20,Checkout,AddToCart,368.4
628,366,35,2023-07-09,Purchase,Purchase,338.1
497,366,41,2023-07-19,Homepage,View,201.7
2831,366,43,2024-06-16,Checkout,Purchase,525.4
2895,366,47,2023-09-30,Purchase,Purchase,78.6
1883,366,48,2023-02-18,Purchase,Purchase,532.7
3785,366,49,2024-11-17,Homepage,Drop-off,
820,367,1,2024-05-31,Homepage,Click,190.9
1402,367,26,2024-02-06,Purchase,Purchase,528.9
3293,367,39,2023-08-25,Purchase,Purchase,542.8
3140,367,41,2023-04-07,Purchase,Purchase,366.1
3495,367,43,2024-04-24,ProductPage,Drop-off,
1662,367,47,2023-06-04,Purchase,Purchase,495.0
162,367,48,2024-10-23,Purchase,Purchase,56.7
3780,367,49,2023-02-12,Homepage,Drop-off,
3102,368,3,2023-12-06,Homepage,Click,314.4
321,368,8,2024-09-20,Purchase,Purchase,71.2
1350,368,15,2023-01-30,ProductPage,View,380.4
1265,368,15,2023-10-25,ProductPage,Drop-off,
3830,368,20,2023-11-23,Checkout,AddToCart,459.1
712,368,26,2024-08-17,ProductPage,Click,148.7
2223,368,27,2023-09-27,ProductPage,AddToCart,75.4
1418,368,34,2023-03-13,Homepage,View,266.1
3960,369,6,2023-01-23,Homepage,Drop-off,
532,369,13,2023-05-27,Homepage,Click,265.1
2620,369,17,2024-09-18,Purchase,Purchase,194.3
245,369,22,2023-10-06,Homepage,View,285.3
1848,369,26,2024-09-02,Homepage,View,213.2
3355,369,31,2023-07-27,Checkout,AddToCart,148.5
3157,369,39,2023-05-16,ProductPage,Click,275.0
721,369,44,2023-10-05,Checkout,Drop-off,
2249,369,47,2024-11-08,Checkout,Drop-off,
480,370,4,2024-08-04,Checkout,AddToCart,294.9
20,370,5,2023-01-08,Homepage,Click,287.4
477,370,17,2023-12-18,ProductPage,Click,397.8
2193,370,27,2023-04-20,Checkout,Drop-off,
1391,370,30,2023-01-13,Checkout,AddToCart,449.2
109,370,30,2023-12-15,Homepage,View,421.8
944,370,47,2024-07-07,Checkout,Drop-off,
643,370,48,2023-11-18,Checkout,AddToCart,553.1
717,370,49,2023-06-20,Purchase,Purchase,454.4
2389,371,5,2024-06-24,Checkout,Drop-off,
3913,371,15,2024-06-16,ProductPage,Click,393.6
96,371,19,2023-01-26,Checkout,Drop-off,
3228,371,19,2024-10-15,ProductPage,View,118.0
3732,371,24,2024-09-07,Checkout,Purchase,558.1
1758,371,34,2023-07-30,ProductPage,View,525.4
3646,371,37,2023-08-18,Checkout,Drop-off,
2822,371,46,2023-03-04,Purchase,Purchase,519.2
748,371,46,2024-12-31,ProductPage,Click,70.3
2888,371,47,2023-04-14,Checkout,Drop-off,
2125,371,48,2023-06-29,ProductPage,Drop-off,
3133,371,50,2024-08-26,Homepage,View,407.6
1501,371,50,2024-10-14,Purchase,Purchase,150.2
331,372,2,2024-09-27,Homepage,Drop-off,
716,372,11,2023-06-04,Checkout,AddToCart,558.1
689,372,27,2023-03-13,ProductPage,View,332.7
3797,372,37,2023-04-15,ProductPage,Click,109.3
2306,372,41,2024-04-30,Purchase,Purchase,343.6
1990,372,49,2024-06-25,ProductPage,Click,501.8
3344,373,3,2024-10-17,Purchase,Purchase,41.7
1203,373,4,2024-02-02,Checkout,Purchase,171.3
3148,373,8,2023-12-20,Checkout,Drop-off,
3665,373,19,2024-12-26,Purchase,Purchase,523.6
2765,373,29,2024-08-16,ProductPage,View,438.9
2482,373,34,2024-10-13,ProductPage,View,82.9
562,374,1,2024-08-31,Homepage,Click,73.2
2807,374,10,2024-12-12,Homepage,View,160.7
1266,374,15,2023-05-10,Purchase,Purchase,161.0
989,374,16,2024-08-13,Checkout,Purchase,598.7
2049,374,19,2024-09-02,Homepage,Drop-off,
1495,374,29,2023-01-13,Purchase,Purchase,405.8
3602,374,38,2023-12-23,Homepage,View,522.0
1074,374,39,2024-10-29,Checkout,Purchase,377.8
3688,374,42,2024-01-18,Homepage,Click,13.0
3556,375,4,2024-01-06,ProductPage,Click,221.5
3902,375,4,2024-07-07,ProductPage,View,450.6
1757,375,5,2024-12-01,Purchase,Purchase,576.0
25,375,13,2024-12-15,Checkout,Drop-off,
1135,375,27,2023-01-24,Checkout,Drop-off,
621,375,27,2023-08-12,ProductPage,Click,19.4
604,375,32,2024-11-29,Homepage,Click,131.7
3158,375,38,2023-02-04,Homepage,View,137.1
1054,375,39,2024-09-05,Checkout,Purchase,423.9
2451,375,47,2023-07-19,Homepage,View,104.3
2314,376,1,2023-04-07,ProductPage,Click,190.1
1583,376,4,2023-07-19,Checkout,Purchase,513.1
3209,376,6,2024-01-17,Checkout,AddToCart,170.4
3996,376,7,2023-02-21,ProductPage,Click,305.5
623,376,13,2024-03-18,Homepage,View,156.7
2846,376,16,2023-01-14,Homepage,Drop-off,
541,377,1,2024-12-09,ProductPage,View,527.6
2158,377,14,2024-12-12,Homepage,View,405.6
1533,377,16,2023-09-11,Checkout,Purchase,568.3
2054,377,26,2023-11-18,Homepage,View,306.4
1367,377,28,2023-06-09,Purchase,Purchase,513.9
3542,377,33,2023-05-03,Purchase,Purchase,165.9
2706,378,4,2023-08-13,Purchase,Purchase,508.7
1867,378,7,2024-07-20,Homepage,Drop-off,
2981,378,25,2023-08-30,Purchase,Purchase,136.3
3029,378,25,2024-10-15,Purchase,Purchase,451.9
3731,378,28,2023-09-07,Homepage,View,99.5
3765,378,32,2023-06-04,Purchase,Purchase,145.6
452,378,36,2024-10-09,ProductPage,View,213.7
990,378,42,2024-01-05,Purchase,Purchase,107.8
3885,378,44,2024-02-16,Checkout,AddToCart,199.7
1326,378,49,2023-12-31,ProductPage,Click,582.2
750,379,3,2024-02-23,Checkout,Purchase,449.5
3571,379,13,2024-12-02,Homepage,Drop-off,
450,379,15,2023-11-21,Checkout,AddToCart,194.6
3312,379,15,2024-12-01,Checkout,Purchase,230.3
3749,379,21,2024-01-05,Purchase,Purchase,199.5
466,379,22,2023-05-18,Checkout,Purchase,477.2
880,379,38,2024-08-02,ProductPage,View,536.8
306,379,43,2024-05-10,Purchase,Purchase,375.2
2366,380,7,2024-06-11,Homepage,Click,179.1
1176,380,11,2023-03-08,Checkout,Drop-off,
337,380,11,2024-03-20,ProductPage,View,66.8
801,380,16,2023-01-09,Purchase,Purchase,274.2
3275,380,18,2023-06-28,Homepage,View,358.1
3851,380,26,2023-01-08,Checkout,Drop-off,
2027,380,32,2024-11-14,ProductPage,Drop-off,
849,380,33,2024-08-18,Checkout,Drop-off,
3063,380,35,2023-10-10,Homepage,Click,57.9
408,380,38,2023-08-27,Homepage,View,288.0
1719,380,43,2024-04-18,ProductPage,AddToCart,255.6
3375,380,45,2024-07-13,ProductPage,Click,575.9
2369,380,49,2024-12-14,Homepage,Click,547.0
2864,381,3,2024-06-15,Homepage,View,20.6
3736,381,4,2024-05-30,Purchase,Purchase,102.5
3754,381,5,2024-02-03,ProductPage,View,428.7
3419,381,6,2024-08-15,Homepage,Click,323.3
2653,381,7,2023-05-10,Homepage,Drop-off,
1602,381,19,2024-07-21,Purchase,Purchase,569.6
3113,381,38,2024-01-24,Purchase,Purchase,542.7
2071,381,40,2023-02-21,Homepage,Click,181.9
2380,381,50,2023-06-09,Homepage,View,82.6
487,382,1,2023-01-12,Checkout,Drop-off,
3873,382,13,2023-08-22,ProductPage,View,282.4
1208,382,13,2024-03-06,ProductPage,AddToCart,122.8
1568,382,15,2024-11-03,Purchase,Purchase,200.1
2649,382,18,2023-02-18,Purchase,Purchase,492.3
2485,382,40,2023-10-16,Checkout,Drop-off,
821,382,45,2024-05-04,Purchase,Purchase,166.6
35,382,46,2024-07-29,Checkout,AddToCart,229.0
637,382,49,2024-03-30,Homepage,Click,458.0
1932,383,1,2023-11-15,Checkout,Drop-off,
2835,383,9,2024-05-14,Checkout,Purchase,329.7
3017,383,15,2024-04-02,ProductPage,View,482.5
3249,383,37,2024-09-05,Checkout,Purchase,262.7
1827,383,43,2024-12-20,Homepage,Click,82.8
3316,384,14,2024-02-12,Checkout,AddToCart,67.2
1057,384,20,2024-03-08,Purchase,Purchase,161.5
3086,384,29,2023-10-11,Purchase,Purchase,190.8
1000,384,36,2024-03-04,Purchase,Purchase,597.5
2865,384,37,2024-08-30,ProductPage,View,235.5
569,384,47,2024-04-07,Checkout,Drop-off,
2301,385,5,2023-10-24,Purchase,Purchase,347.7
2348,385,5,2024-05-19,Purchase,Purchase,388.7
2869,385,7,2023-08-20,Purchase,Purchase,454.5
789,385,11,2023-10-21,Checkout,AddToCart,130.4
1726,385,18,2024-07-19,Checkout,Drop-off,
2222,385,19,2024-07-23,Purchase,Purchase,327.2
1562,385,21,2023-09-13,Homepage,View,56.2
430,385,25,2024-09-20,Purchase,Purchase,270.4
753,385,26,2024-06-30,Homepage,Click,524.9
2495,385,26,2024-12-02,Purchase,Purchase,119.7
2942,385,28,2023-04-03,Checkout,Drop-off,
3294,385,34,2024-05-19,Purchase,Purchase,299.2
3887,385,35,2023-04-17,Homepage,View,426.3
1862,385,36,2023-01-07,ProductPage,View,391.8
1816,386,15,2023-01-02,Homepage,Click,545.3
2570,386,18,2024-12-15,ProductPage,AddToCart,444.1
1503,386,23,2023-06-26,Purchase,Purchase,373.7
3745,386,29,2024-10-29,Checkout,Drop-off,
3091,386,34,2024-03-31,Homepage,Click,186.9
3898,386,35,2024-08-01,ProductPage,Drop-off,
3126,386,46,2023-11-11,ProductPage,Drop-off,
2103,386,50,2024-07-22,Purchase,Purchase,252.4
3009,387,19,2023-09-06,Purchase,Purchase,535.9
1995,387,25,2024-01-26,Checkout,Drop-off,
3286,387,26,2023-05-09,Purchase,Purchase,460.2
680,387,26,2023-11-07,ProductPage,Click,23.9
1959,387,27,2023-03-07,Homepage,Click,53.0
1597,387,37,2024-07-23,Purchase,Purchase,119.8
111,387,39,2023-10-27,Checkout,Drop-off,
1102,387,41,2024-01-15,ProductPage,View,69.3
1161,388,25,2023-06-09,Checkout,Drop-off,
3018,388,26,2024-02-05,Homepage,Click,125.1
1200,388,31,2023-01-07,Checkout,Purchase,339.1
1001,388,46,2023-05-14,Checkout,Drop-off,
1421,389,6,2024-05-01,Checkout,Drop-off,
3937,389,8,2024-04-07,Checkout,Drop-off,
93,389,9,2023-12-19,Checkout,Purchase,568.7
3818,389,11,2024-01-25,Purchase,Purchase,292.7
2590,389,19,2024-10-20,Checkout,AddToCart,281.2
2131,389,20,2024-09-01,ProductPage,Click,190.4
3857,389,21,2023-04-21,Checkout,Purchase,178.0
3895,389,21,2024-02-03,Homepage,Click,336.0
3413,389,28,2023-02-23,Homepage,View,168.1
3990,389,32,2024-06-02,ProductPage,Drop-off,
74,389,34,2024-01-18,Homepage,Click,309.0
2832,389,44,2023-09-08,Checkout,Drop-off,
1799,389,44,2024-03-09,Checkout,Purchase,171.6
2421,390,3,2023-02-14,Checkout,Drop-off,
1762,390,7,2024-11-02,Checkout,Purchase,179.8
1742,390,8,2023-09-04,Purchase,Purchase,289.9
248,390,13,2024-06-30,ProductPage,View,159.0
3678,390,15,2023-04-03,ProductPage,View,56.8
1751,390,15,2023-08-31,Homepage,Drop-off,
1249,390,16,2023-02-15,Purchase,Purchase,397.8
2146,390,22,2023-05-03,Homepage,Click,326.9
3362,390,29,2023-09-12,ProductPage,Drop-off,
3134,390,36,2024-07-08,Homepage,Drop-off,
1059,390,37,2024-01-13,ProductPage,Drop-off,
2911,390,37,2024-04-01,ProductPage,View,459.4
2614,390,42,2023-11-27,Purchase,Purchase,294.0
171,390,44,2024-02-17,Homepage,Click,390.6
624,390,49,2023-09-13,Checkout,Drop-off,
3788,391,2,2024-01-31,ProductPage,AddToCart,135.6
3939,391,4,2024-08-24,Homepage,View,543.7
2429,391,7,2024-02-01,ProductPage,Click,203.0
2577,391,8,2023-03-21,Homepage,Click,73.6
3217,391,13,2024-07-05,ProductPage,View,61.2
2537,391,14,2024-10-20,Homepage,Click,121.2
277,391,18,2023-11-09,Purchase,Purchase,226.8
574,391,24,2024-09-13,Homepage,Drop-off,
1628,391,36,2023-07-04,Homepage,Click,304.5
1619,392,8,2024-06-23,ProductPage,View,540.0
2522,392,8,2024-08-21,Homepage,Click,163.1
3949,392,16,2024-02-05,ProductPage,AddToCart,502.3
3384,392,23,2024-04-10,ProductPage,Click,514.3
3285,392,41,2023-02-20,ProductPage,View,498.3
3874,392,41,2023-12-16,Purchase,Purchase,220.8
3557,392,45,2023-03-21,Purchase,Purchase,250.2
469,392,45,2024-09-10,ProductPage,View,101.2
2852,393,2,2024-08-23,Checkout,Drop-off,
3043,393,13,2023-08-04,Checkout,AddToCart,517.1
269,393,17,2024-03-22,Homepage,Drop-off,
1806,393,19,2023-06-01,Purchase,Purchase,577.2
1656,393,23,2024-02-16,ProductPage,Drop-off,
1706,393,30,2024-04-26,ProductPage,Drop-off,
2587,393,40,2024-09-06,Purchase,Purchase,277.0
629,393,41,2023-11-10,Homepage,Click,335.9
791,394,10,2024-04-14,Checkout,AddToCart,309.4
3739,394,20,2023-11-27,Checkout,Drop-off,
1005,394,21,2024-06-29,Purchase,Purchase,494.7
334,394,23,2024-09-10,ProductPage,Click,73.1
946,394,28,2024-08-02,Homepage,Click,98.8
559,394,30,2023-01-04,Checkout,Drop-off,
590,394,33,2023-02-04,Purchase,Purchase,480.8
2573,395,12,2023-05-16,Purchase,Purchase,26.7
3475,395,13,2023-08-19,Purchase,Purchase,366.7
520,395,16,2023-12-14,Purchase,Purchase,518.6
2341,395,22,2024-12-05,Checkout,Drop-off,
3155,395,26,2023-04-02,Homepage,Drop-off,
1863,395,34,2024-08-19,Checkout,AddToCart,598.6
2907,395,38,2023-04-22,ProductPage,View,81.2
2073,395,44,2024-12-16,Homepage,Click,191.2
3603,395,48,2024-11-20,Homepage,View,548.8
2085,396,1,2023-04-08,Checkout,Drop-off,
3704,396,7,2023-08-26,Checkout,Purchase,319.9
3997,396,15,2024-04-19,Homepage,Click,259.5
3236,396,19,2023-09-12,ProductPage,AddToCart,56.9
3347,396,24,2024-09-19,Checkout,Drop-off,
3779,396,25,2023-07-26,ProductPage,Click,258.8
3985,396,31,2024-09-04,Purchase,Purchase,467.4
3546,396,44,2023-09-05,ProductPage,Click,194.8
55,396,45,2023-10-10,ProductPage,View,166.3
3510,396,45,2024-06-29,Checkout,AddToCart,311.6
1422,397,6,2023-12-09,ProductPage,Drop-off,
118,397,6,2024-08-14,ProductPage,AddToCart,57.1
2866,397,10,2023-01-25,Purchase,Purchase,32.1
3548,397,11,2024-08-13,ProductPage,Click,372.5
2589,397,41,2023-05-31,Purchase,Purchase,452.0
1359,397,45,2024-03-03,Purchase,Purchase,110.7
724,397,47,2024-02-28,ProductPage,Drop-off,
1311,397,48,2023-05-02,Purchase,Purchase,398.5
1381,398,3,2024-09-14,Purchase,Purchase,564.1
3583,398,7,2023-01-01,Homepage,View,128.7
2563,398,12,2024-03-28,Checkout,Drop-off,
2119,398,14,2023-03-02,Homepage,Click,512.2
610,398,15,2023-11-22,Purchase,Purchase,277.1
2520,398,26,2023-06-30,Homepage,Click,515.0
1268,398,37,2024-11-08,ProductPage,Click,295.6
2918,398,41,2024-06-02,Purchase,Purchase,375.6
2258,398,46,2024-08-25,Homepage,View,178.7
49,398,47,2023-02-05,ProductPage,Click,318.4
691,398,47,2023-07-18,Checkout,Purchase,577.9
2210,399,3,2024-11-01,Purchase,Purchase,130.5
3631,399,17,2024-06-19,ProductPage,Click,333.4
749,399,18,2024-04-21,Homepage,Click,382.1
2038,399,28,2024-11-16,Homepage,View,204.1
1016,399,32,2023-09-17,Homepage,Click,275.0
3741,399,45,2024-07-04,Checkout,Purchase,554.1
3327,400,7,2024-07-03,Checkout,Drop-off,
48,400,8,2023-08-29,Purchase,Purchase,331.6
209,400,10,2024-03-16,Purchase,Purchase,42.3
738,400,12,2024-12-09,ProductPage,AddToCart,364.3
1779,400,13,2023-12-17,Checkout,Purchase,444.6
1919,400,19,2023-06-11,Checkout,AddToCart,350.5
1206,400,26,2023-12-28,Purchase,Purchase,19.1
1033,400,31,2023-05-18,Purchase,Purchase,512.8
1641,400,32,2024-04-27,Purchase,Purchase,259.2
1814,400,43,2023-10-31,Purchase,Purchase,95.7
2805,400,46,2023-12-08,Checkout,Drop-off,
1456,400,46,2024-05-14,Purchase,Purchase,403.9
3862,400,46,2024-08-31,Homepage,Click,236.1
1397,400,50,2024-11-29,Homepage,Click,482.5
3593,401,8,2023-06-29,Checkout,Drop-off,
1753,401,20,2023-11-23,ProductPage,View,260.8
2627,401,24,2023-08-13,ProductPage,Click,180.2
348,401,29,2024-03-19,ProductPage,Drop-off,
2247,401,31,2023-03-23,Checkout,Purchase,308.1
1572,401,36,2024-05-02,Homepage,Click,535.3
2538,401,37,2024-12-14,Homepage,Click,228.5
632,401,39,2023-08-25,Homepage,Click,554.5
3156,402,2,2023-12-06,Homepage,Drop-off,
597,402,10,2024-01-07,Purchase,Purchase,22.4
3709,402,11,2024-12-14,Purchase,Purchase,239.6
3917,402,16,2023-12-19,ProductPage,AddToCart,537.0
3216,402,24,2024-08-16,Purchase,Purchase,96.7
1966,402,28,2023-05-04,Purchase,Purchase,406.1
2777,402,28,2024-02-21,Checkout,AddToCart,123.8
1769,402,46,2023-11-28,Purchase,Purchase,580.4
578,403,6,2023-12-31,Homepage,View,567.5
1640,403,11,2023-06-11,ProductPage,Click,361.2
1205,403,16,2024-08-17,Checkout,AddToCart,183.1
2847,403,21,2023-08-24,Checkout,Drop-off,
19,403,23,2023-08-17,ProductPage,Click,114.8
1617,403,23,2024-05-12,Checkout,Drop-off,
1471,403,44,2023-11-05,Homepage,View,495.1
1904,403,49,2024-06-26,Homepage,Click,275.1
3841,404,8,2023-04-17,ProductPage,Drop-off,
2397,404,8,2024-07-11,Homepage,Click,382.2
815,404,15,2023-12-01,ProductPage,Drop-off,
1352,404,16,2024-10-16,Homepage,Click,167.3
3251,404,17,2023-01-29,ProductPage,Click,176.0
714,404,17,2024-12-02,Homepage,Click,24.9
3814,404,26,2023-08-01,ProductPage,Click,181.5
2928,404,26,2024-01-26,ProductPage,Click,185.1
3900,404,28,2024-07-08,Homepage,View,402.4
1895,404,31,2023-04-12,Homepage,Click,471.8
1907,404,36,2023-07-01,Purchase,Purchase,31.1
3523,404,48,2023-12-06,Homepage,View,250.3
1103,405,8,2024-10-27,ProductPage,Click,544.7
1160,405,12,2024-01-02,ProductPage,View,469.9
2407,405,15,2024-05-11,Checkout,Purchase,541.7
1113,405,23,2024-10-14,ProductPage,Click,213.2
2174,405,24,2023-04-02,Checkout,Drop-off,
746,405,47,2024-01-04,Purchase,Purchase,496.1
3828,405,47,2024-05-05,ProductPage,View,170.2
1567,406,6,2023-02-06,Checkout,AddToCart,598.6
3700,406,8,2023-06-23,Checkout,Purchase,479.4
3346,406,14,2024-12-10,Purchase,Purchase,76.0
1586,406,50,2024-05-02,ProductPage,View,253.1
3490,407,2,2023-09-22,Purchase,Purchase,189.1
1380,407,10,2023-07-09,Checkout,AddToCart,407.3
3180,407,14,2023-01-23,Purchase,Purchase,302.2
2863,407,15,2024-01-13,Homepage,Drop-off,
2,407,23,2024-07-31,Purchase,Purchase,363.8
3697,407,24,2023-02-18,ProductPage,View,259.1
1388,407,29,2023-10-13,Checkout,Purchase,465.4
3073,407,31,2023-05-19,Purchase,Purchase,309.7
1295,407,41,2023-12-08,ProductPage,Drop-off,
1315,407,42,2024-11-18,Checkout,AddToCart,229.1
2687,407,43,2024-06-09,Homepage,Click,188.0
3771,408,8,2023-02-21,Purchase,Purchase,83.4
2253,408,11,2023-03-19,Checkout,Drop-off,
1914,408,46,2024-04-03,Homepage,View,265.0
1830,409,4,2024-09-13,Purchase,Purchase,197.0
1888,409,19,2023-10-24,ProductPage,View,438.9
3850,409,21,2024-07-05,Purchase,Purchase,49.6
3769,409,30,2024-05-29,Checkout,Purchase,530.0
2715,409,34,2023-09-13,Homepage,Drop-off,
1321,409,37,2023-01-13,Homepage,Click,121.8
1709,409,37,2023-02-03,Purchase,Purchase,87.1
3260,409,41,2023-11-27,Homepage,Drop-off,
1065,409,42,2024-07-18,ProductPage,View,564.6
3470,409,50,2023-05-19,ProductPage,Drop-off,
3229,410,13,2023-01-07,Purchase,Purchase,129.9
3837,410,20,2023-11-30,Checkout,AddToCart,362.6
2842,410,21,2023-05-06,Homepage,View,341.9
3530,410,21,2024-02-27,Checkout,Drop-off,
3386,410,21,2024-11-04,Homepage,Click,149.5
2906,410,31,2024-02-20,Purchase,Purchase,322.9
2364,410,32,2023-01-17,Purchase,Purchase,159.1
183,410,32,2024-11-24,Purchase,Purchase,534.4
2768,410,37,2023-06-28,ProductPage,AddToCart,371.4
2795,410,40,2024-01-17,Checkout,AddToCart,305.6
611,410,40,2024-02-06,Checkout,Purchase,37.7
253,411,29,2024-05-29,Checkout,Drop-off,
3703,411,34,2024-08-22,Homepage,Drop-off,
3856,411,37,2024-04-03,Homepage,Drop-off,
3753,412,5,2023-05-30,ProductPage,Drop-off,
1920,412,11,2023-12-11,ProductPage,Click,69.4
2330,412,20,2024-09-16,Purchase,Purchase,165.6
3713,412,34,2023-10-20,ProductPage,View,146.7
1517,412,38,2024-03-15,ProductPage,Click,539.1
1970,413,25,2023-03-26,Homepage,Click,485.6
827,413,29,2023-07-17,Homepage,Click,540.2
1760,413,33,2024-11-09,Checkout,Drop-off,
2493,413,37,2024-04-07,Checkout,Purchase,180.1
3207,414,2,2024-08-29,Checkout,Drop-off,
2273,414,10,2023-04-15,Homepage,View,435.5
2517,414,11,2023-07-24,Purchase,Purchase,83.6
250,414,24,2024-03-16,Purchase,Purchase,23.5
3995,414,26,2023-10-24,ProductPage,Drop-off,
2240,414,42,2023-06-30,Purchase,Purchase,210.6
3605,414,45,2024-10-25,ProductPage,Drop-off,
3533,414,49,2024-09-09,Purchase,Purchase,58.1
1537,415,1,2023-05-31,ProductPage,Click,273.8
3169,415,9,2024-12-24,Homepage,Click,141.3
1241,415,18,2023-03-13,ProductPage,Click,446.0
1269,415,24,2024-08-26,Checkout,Purchase,61.5
3938,415,26,2024-08-25,Homepage,Drop-off,
1299,415,45,2023-09-04,Homepage,View,322.1
3606,415,45,2023-09-09,Checkout,AddToCart,210.6
1683,416,2,2024-08-23,Homepage,View,504.2
954,416,5,2024-07-07,ProductPage,View,294.4
1259,416,9,2023-01-19,Checkout,AddToCart,52.0
1718,416,17,2023-06-26,Purchase,Purchase,163.1
2086,416,24,2024-09-20,ProductPage,Click,211.6
3083,416,25,2024-07-20,Purchase,Purchase,56.2
1755,416,31,2024-01-15,Purchase,Purchase,332.1
3653,416,34,2023-04-03,Purchase,Purchase,469.6
1185,416,39,2024-04-17,ProductPage,View,474.2
601,417,4,2023-03-20,Homepage,View,216.3
1472,417,4,2023-04-23,Purchase,Purchase,234.0
425,417,5,2024-07-25,Checkout,Drop-off,
2401,417,14,2023-07-10,ProductPage,View,163.0
3804,417,15,2023-11-09,Homepage,Drop-off,
2299,417,17,2023-12-30,Checkout,Drop-off,
1039,417,21,2023-01-15,Checkout,Drop-off,
3619,417,21,2023-07-22,ProductPage,View,171.9
1653,417,22,2024-07-30,Homepage,View,103.0
1604,417,25,2024-08-02,Homepage,Click,240.0
2564,417,36,2023-12-01,Purchase,Purchase,388.4
1627,417,38,2024-08-15,Purchase,Purchase,31.6
3106,417,40,2024-04-10,Purchase,Purchase,81.7
163,417,43,2023-04-28,Purchase,Purchase,50.8
596,417,45,2024-08-28,Purchase,Purchase,474.5
1556,418,1,2024-03-04,Purchase,Purchase,509.4
3875,418,2,2024-03-20,Purchase,Purchase,187.3
2424,418,10,2023-02-06,ProductPage,AddToCart,77.4
540,418,10,2023-09-18,Purchase,Purchase,48.0
808,418,16,2024-01-13,Purchase,Purchase,290.4
152,418,19,2023-08-13,Purchase,Purchase,177.2
136,418,19,2024-09-20,Homepage,View,155.1
3962,418,25,2023-12-28,ProductPage,AddToCart,272.6
1539,418,31,2024-02-22,Homepage,Click,578.5
2986,418,40,2023-10-29,ProductPage,AddToCart,324.3
3845,418,43,2023-06-13,Homepage,Click,594.3
1738,418,44,2023-01-26,Purchase,Purchase,494.0
2152,418,50,2023-07-27,Homepage,View,541.6
2008,418,50,2023-09-22,Checkout,Purchase,396.5
3808,419,7,2024-03-17,Checkout,Purchase,412.4
192,419,12,2024-02-29,Homepage,Click,297.9
3132,419,13,2023-01-08,Purchase,Purchase,14.7
160,419,13,2024-12-26,Purchase,Purchase,180.0
151,419,19,2023-07-13,Checkout,Purchase,437.5
2678,419,19,2024-12-07,Homepage,View,422.6
349,419,20,2024-01-05,Purchase,Purchase,344.4
1571,419,21,2023-05-22,ProductPage,View,583.5
645,419,23,2024-05-13,Purchase,Purchase,530.4
3894,419,26,2024-04-27,Homepage,Click,258.2
1384,419,36,2023-11-29,Homepage,Click,85.1
2459,419,48,2023-10-04,Homepage,View,442.3
1804,420,14,2023-08-28,Checkout,Purchase,42.7
1058,420,41,2024-06-13,Checkout,Drop-off,
2387,421,7,2024-04-08,Purchase,Purchase,17.3
2796,421,8,2024-07-08,Purchase,Purchase,455.0
1793,421,14,2024-02-22,Homepage,View,10.3
3010,421,16,2023-10-11,Checkout,AddToCart,248.8
2454,421,23,2023-01-08,ProductPage,View,38.8
2688,421,34,2023-12-03,Checkout,Drop-off,
3759,421,34,2024-08-05,Purchase,Purchase,32.6
3222,421,34,2024-11-23,ProductPage,View,520.2
2724,421,38,2024-11-02,Homepage,Click,98.1
3657,421,43,2024-07-24,Homepage,Drop-off,
2344,421,44,2024-06-05,ProductPage,Drop-off,
731,421,46,2023-03-28,Purchase,Purchase,209.9
921,421,50,2023-07-06,Checkout,AddToCart,362.0
2440,422,8,2024-09-06,ProductPage,Click,273.2
3638,422,18,2024-07-30,ProductPage,Click,346.8
1780,422,19,2024-11-24,ProductPage,Click,181.2
529,422,20,2024-08-22,Checkout,Purchase,476.8
961,422,27,2024-03-22,Checkout,Purchase,358.4
960,422,41,2023-06-01,Checkout,Purchase,61.3
1535,422,47,2023-11-21,Homepage,View,519.9
3540,423,2,2023-04-20,Homepage,View,448.7
665,423,8,2024-02-05,Homepage,Click,235.6
3421,423,21,2024-04-18,ProductPage,View,210.0
468,423,36,2023-03-02,Homepage,Click,36.0
1145,423,37,2023-03-18,Homepage,Drop-off,
3272,423,40,2024-02-11,Homepage,View,505.2
1294,423,40,2024-05-09,ProductPage,AddToCart,195.4
3194,423,41,2024-03-05,Homepage,View,166.1
1811,424,3,2024-10-06,Checkout,Drop-off,
2321,424,20,2023-12-23,Purchase,Purchase,79.3
3946,424,44,2024-05-21,Homepage,View,489.9
1027,425,1,2024-01-15,Homepage,View,391.7
2990,425,5,2023-02-19,Homepage,Drop-off,
397,425,17,2023-02-13,Checkout,Drop-off,
696,425,20,2023-08-10,Checkout,AddToCart,129.2
2233,425,36,2023-10-16,Checkout,Purchase,586.5
1875,425,47,2023-02-10,Checkout,Purchase,269.6
1028,426,7,2024-02-12,Purchase,Purchase,544.0
3104,426,8,2023-01-23,Checkout,Purchase,253.8
2609,426,9,2023-06-22,Checkout,Drop-off,
3669,426,16,2023-06-09,Homepage,Drop-off,
3345,426,20,2024-09-17,Checkout,AddToCart,131.7
2694,426,23,2024-05-15,Checkout,Drop-off,
2295,426,25,2024-03-25,Checkout,Drop-off,
2234,426,28,2024-03-05,Purchase,Purchase,111.3
3535,426,34,2023-03-03,Checkout,AddToCart,307.5
3959,426,35,2023-05-01,Checkout,Purchase,445.4
2012,426,43,2023-08-06,Checkout,Drop-off,
879,427,2,2023-11-09,Purchase,Purchase,205.1
2113,427,9,2024-10-11,Purchase,Purchase,31.5
1246,427,19,2023-01-15,Checkout,Drop-off,
518,427,22,2023-07-15,Homepage,View,280.3
3197,427,50,2023-11-08,Purchase,Purchase,45.4
3458,428,8,2023-04-01,Checkout,Drop-off,
398,428,9,2023-11-24,ProductPage,Click,324.0
333,428,11,2024-09-20,Homepage,Click,391.9
3001,428,15,2024-06-21,ProductPage,AddToCart,484.3
2006,428,16,2023-06-15,Purchase,Purchase,295.5
3796,428,16,2024-09-25,Checkout,AddToCart,408.7
3889,428,22,2024-01-25,ProductPage,Click,564.2
642,428,24,2024-08-10,Checkout,Purchase,430.9
1423,429,2,2024-03-06,ProductPage,View,395.7
2357,429,3,2023-03-25,Homepage,Drop-off,
1433,429,8,2024-06-29,Homepage,Click,356.4
647,429,9,2024-04-11,ProductPage,View,389.6
1257,429,31,2024-02-28,Checkout,AddToCart,288.0
2586,429,33,2024-09-22,Homepage,Click,104.2
3213,429,36,2023-07-17,Purchase,Purchase,148.7
2208,429,43,2024-11-16,Homepage,View,440.1
3522,429,44,2024-08-25,Homepage,Click,574.2
3595,429,45,2023-03-30,Purchase,Purchase,117.7
3668,429,49,2023-02-05,Checkout,Purchase,311.9
2763,430,5,2024-11-01,Homepage,Drop-off,
117,430,6,2023-09-17,Purchase,Purchase,108.9
3360,430,14,2023-05-24,ProductPage,AddToCart,271.0
1002,430,22,2023-08-13,Purchase,Purchase,529.9
1991,430,24,2023-08-04,Purchase,Purchase,277.7
3302,430,31,2023-01-03,Purchase,Purchase,348.5
2165,430,33,2024-12-30,Checkout,AddToCart,452.4
2856,430,36,2024-09-19,Homepage,View,286.9
2416,430,37,2023-08-27,Homepage,Click,209.3
1685,430,38,2023-04-12,Homepage,Click,349.3
3366,430,39,2023-11-02,Checkout,Drop-off,
535,430,44,2024-01-25,Checkout,Drop-off,
476,431,1,2023-10-03,ProductPage,AddToCart,360.1
3047,431,2,2023-09-03,Homepage,Click,596.6
3127,431,5,2024-12-10,Purchase,Purchase,249.0
2637,431,9,2023-11-14,Purchase,Purchase,274.9
799,431,17,2024-02-02,Checkout,Purchase,311.2
1679,431,35,2024-03-19,Checkout,Drop-off,
147,431,44,2024-01-25,ProductPage,Drop-off,
126,431,48,2024-06-20,ProductPage,AddToCart,379.6
3480,431,49,2023-04-24,Homepage,Click,70.1
575,432,9,2023-03-30,Checkout,Drop-off,
2874,432,14,2024-09-10,Purchase,Purchase,584.4
1684,432,16,2024-03-05,ProductPage,AddToCart,228.3
2646,432,28,2023-06-13,Homepage,Drop-off,
2543,432,30,2024-02-21,Homepage,Drop-off,
2393,432,36,2023-03-08,Checkout,Purchase,204.2
1515,432,39,2023-08-26,ProductPage,AddToCart,307.1
1606,432,41,2023-01-09,ProductPage,Click,576.5
814,433,18,2024-07-26,Checkout,Drop-off,
3246,433,36,2023-08-12,Purchase,Purchase,173.1
2122,433,38,2023-11-19,Checkout,Drop-off,
223,434,13,2023-05-03,Purchase,Purchase,580.9
2046,434,16,2023-07-01,Homepage,View,459.7
1428,434,20,2023-04-26,Purchase,Purchase,280.4
178,434,20,2024-11-13,Checkout,Purchase,31.7
390,434,22,2023-01-31,Homepage,Click,417.6
218,434,22,2023-07-07,Homepage,View,158.7
1453,434,41,2024-09-19,Purchase,Purchase,297.3
2289,435,20,2024-01-26,Homepage,View,495.5
2641,435,25,2024-04-01,ProductPage,View,272.0
210,435,34,2024-03-12,ProductPage,View,478.3
2497,435,42,2023-11-04,ProductPage,Drop-off,
685,435,46,2024-08-10,Purchase,Purchase,182.0
1369,436,4,2023-07-23,Purchase,Purchase,201.3
1554,436,5,2024-07-13,Purchase,Purchase,91.6
174,436,6,2024-01-29,ProductPage,Drop-off,
2996,436,6,2024-05-06,Checkout,Purchase,465.2
2197,436,26,2024-01-05,Purchase,Purchase,487.3
296,436,39,2024-09-25,Homepage,View,197.5
1277,436,43,2024-05-08,Homepage,View,235.6
2045,436,46,2023-11-08,Purchase,Purchase,270.7
1633,436,49,2023-02-05,Homepage,Drop-off,
1530,437,5,2023-07-06,ProductPage,View,170.6
3696,437,7,2023-10-25,Purchase,Purchase,53.1
615,437,9,2023-06-18,Purchase,Purchase,98.7
3541,437,17,2024-02-03,ProductPage,Drop-off,
3792,437,19,2023-03-05,Checkout,Drop-off,
975,437,25,2024-03-18,Homepage,Drop-off,
2316,437,27,2023-08-05,ProductPage,AddToCart,515.2
3516,437,30,2024-04-14,Purchase,Purchase,533.0
3233,437,34,2024-05-04,Checkout,Drop-off,
3178,438,2,2023-02-19,Homepage,View,57.3
3539,438,3,2023-03-20,Homepage,Drop-off,
593,438,19,2024-05-30,Homepage,View,445.8
1782,438,27,2024-05-21,ProductPage,Click,194.8
1061,438,36,2024-03-11,Purchase,Purchase,34.0
238,438,37,2023-03-22,Homepage,View,593.9
3976,438,42,2023-01-23,Purchase,Purchase,163.9
3457,438,48,2024-05-25,ProductPage,Click,247.7
3762,439,1,2024-10-19,Homepage,Click,265.2
130,439,6,2023-05-15,Checkout,Purchase,296.9
2292,439,10,2024-02-04,Purchase,Purchase,172.6
3164,439,11,2023-03-07,Homepage,View,112.0
3387,439,13,2023-06-29,ProductPage,View,141.6
1128,439,36,2024-02-08,Homepage,View,485.0
3521,439,40,2024-07-25,Purchase,Purchase,20.0
2972,439,40,2024-08-11,ProductPage,AddToCart,575.6
2388,439,45,2023-05-26,ProductPage,Click,260.6
3651,439,45,2024-12-17,Homepage,View,344.7
3829,440,1,2023-09-18,Checkout,Purchase,239.8
2978,440,1,2024-02-10,ProductPage,Drop-off,
3695,440,8,2024-08-11,ProductPage,Drop-off,
1220,440,9,2024-01-18,Homepage,Drop-off,
1467,440,15,2023-10-22,Checkout,Purchase,164.8
3142,440,15,2024-03-30,Checkout,Drop-off,
1010,440,16,2023-08-22,Purchase,Purchase,166.8
2642,440,18,2023-12-10,Checkout,Purchase,240.8
175,440,20,2023-11-28,Purchase,Purchase,171.7
2129,440,22,2023-04-13,Purchase,Purchase,509.3
2656,440,25,2023-09-21,ProductPage,View,354.7
3907,440,26,2023-12-31,Purchase,Purchase,380.5
2430,440,48,2024-08-02,ProductPage,AddToCart,517.5
512,441,1,2024-01-31,Purchase,Purchase,140.9
2467,441,11,2023-07-10,Checkout,AddToCart,162.3
2051,441,27,2024-02-05,ProductPage,Drop-off,
1479,442,2,2023-09-05,Checkout,AddToCart,247.4
2293,442,4,2023-12-06,Homepage,View,98.9
379,442,6,2023-02-07,Checkout,Drop-off,
3813,442,11,2024-07-20,Checkout,Purchase,377.8
3502,442,12,2023-09-28,Homepage,View,524.7
2515,442,23,2024-02-10,Checkout,Drop-off,
1177,442,34,2023-08-19,ProductPage,Click,297.2
3547,442,44,2023-06-18,Homepage,View,95.6
2671,442,44,2023-09-04,Checkout,Drop-off,
1736,442,45,2023-04-25,Homepage,Click,458.6
1178,442,47,2023-02-01,Homepage,View,355.6
956,443,11,2024-02-15,Purchase,Purchase,541.3
3224,443,13,2023-06-15,Purchase,Purchase,113.4
2758,443,15,2024-10-24,Purchase,Purchase,481.3
494,443,24,2024-05-16,Purchase,Purchase,347.0
676,443,24,2024-07-26,Homepage,View,240.8
2819,443,29,2024-09-21,Homepage,View,248.1
2720,443,34,2023-01-09,Homepage,Drop-off,
2786,443,36,2023-07-28,ProductPage,Click,221.3
757,443,37,2024-10-28,ProductPage,View,184.0
3676,443,39,2024-05-10,Homepage,View,97.3
3536,443,43,2023-08-12,Homepage,View,478.7
1288,443,49,2024-08-08,Checkout,Drop-off,
2032,444,6,2024-07-31,ProductPage,Click,526.0
1743,444,7,2024-10-07,Homepage,Click,445.3
3963,444,22,2024-03-07,Homepage,Drop-off,
300,444,26,2023-09-16,Homepage,Drop-off,
2118,444,33,2023-07-06,Purchase,Purchase,311.4
1675,444,40,2024-05-16,Checkout,Drop-off,
572,444,42,2024-05-23,Homepage,View,53.2
3433,444,47,2023-11-30,Homepage,Click,147.4
1247,445,5,2024-04-28,ProductPage,Drop-off,
359,445,11,2024-02-15,Checkout,AddToCart,335.3
2639,445,13,2023-05-02,Purchase,Purchase,226.5
3447,445,13,2024-07-23,Purchase,Purchase,500.1
301,445,46,2023-06-01,Homepage,Click,346.2
3185,446,23,2023-01-09,Homepage,Click,561.0
3686,446,29,2023-08-19,Checkout,Drop-off,
3330,446,50,2023-08-21,Homepage,Click,319.4
3847,447,35,2024-11-03,Checkout,Drop-off,
2136,447,45,2023-08-03,ProductPage,Click,259.5
1778,448,3,2023-07-11,Purchase,Purchase,227.7
3886,448,5,2024-08-05,Homepage,View,304.2
3190,448,11,2024-06-19,Purchase,Purchase,117.5
317,448,21,2024-07-16,ProductPage,View,163.3
2695,448,28,2024-06-04,ProductPage,Click,136.6
797,448,40,2024-09-07,ProductPage,Drop-off,
3163,448,45,2023-01-09,Checkout,AddToCart,302.4
2031,449,1,2023-01-04,Purchase,Purchase,406.7
937,449,11,2023-05-21,ProductPage,Drop-off,
394,449,17,2024-09-19,Checkout,Drop-off,
1278,449,24,2024-05-17,Checkout,Drop-off,
2102,449,30,2023-01-16,ProductPage,View,558.8
3376,449,36,2024-01-23,Checkout,Drop-off,
3922,449,44,2023-02-13,Homepage,Click,14.7
3941,450,9,2023-01-22,Purchase,Purchase,439.1
3054,450,27,2023-04-06,Checkout,Purchase,569.9
3577,450,28,2023-01-14,Homepage,View,127.9
3004,450,30,2023-05-16,Homepage,View,78.9
3805,450,41,2023-10-09,ProductPage,Drop-off,
774,450,41,2024-11-26,Purchase,Purchase,113.2
627,450,48,2023-08-16,Checkout,Drop-off,
608,450,49,2024-07-27,Checkout,Drop-off,
3782,451,1,2024-04-30,ProductPage,Drop-off,
857,451,2,2023-12-20,ProductPage,Click,535.4
3415,451,9,2023-11-24,ProductPage,Drop-off,
867,451,22,2024-12-08,ProductPage,View,229.7
1394,451,33,2024-04-11,Checkout,Purchase,335.8
310,451,34,2024-12-01,Homepage,Click,530.3
2839,451,37,2023-01-26,ProductPage,Drop-off,
80,451,44,2024-01-29,Homepage,Click,574.3
3576,451,47,2023-05-14,Purchase,Purchase,252.7
3499,451,47,2023-08-24,Homepage,Click,148.5
1183,452,5,2023-06-24,Homepage,Click,298.1
407,452,10,2023-07-14,Checkout,Drop-off,
2884,452,20,2023-01-13,Homepage,Drop-off,
2048,452,21,2024-05-31,Purchase,Purchase,418.6
1044,452,21,2024-12-31,Purchase,Purchase,281.4
2602,452,30,2024-05-26,Checkout,Purchase,356.2
1994,452,36,2024-05-05,Homepage,View,389.2
1436,452,37,2023-08-04,ProductPage,Click,351.1
1526,452,39,2023-12-12,Homepage,Click,332.0
1672,452,40,2024-11-27,ProductPage,Click,532.7
3778,453,12,2023-11-05,Checkout,AddToCart,63.2
2447,453,12,2024-01-20,Homepage,View,218.3
3924,453,17,2023-08-11,Homepage,View,207.0
3566,453,17,2024-02-26,Homepage,View,296.6
2770,453,35,2023-07-24,ProductPage,Drop-off,
2141,453,41,2023-05-12,Homepage,View,556.5
2898,453,49,2023-01-20,ProductPage,Drop-off,
1473,454,3,2023-05-08,Purchase,Purchase,460.1
294,454,6,2024-06-16,ProductPage,Click,336.1
1348,454,7,2023-09-05,Checkout,Purchase,559.5
2902,454,8,2023-12-13,ProductPage,Click,399.9
1877,454,9,2024-08-28,Homepage,Drop-off,
499,454,23,2023-01-22,Checkout,Drop-off,
1714,454,25,2024-01-06,Checkout,Drop-off,
2950,454,32,2023-08-03,Homepage,Click,108.8
3002,454,43,2023-06-15,Purchase,Purchase,479.5
226,455,8,2023-07-07,ProductPage,Click,193.8
1147,455,9,2024-05-02,ProductPage,Click,357.1
2442,455,22,2024-01-16,Checkout,Drop-off,
1545,455,25,2023-09-25,Checkout,Drop-off,
2194,455,31,2024-08-11,Checkout,Drop-off,
3640,455,38,2024-03-30,Homepage,Drop-off,
89,456,1,2023-01-17,Homepage,Click,77.6
1917,456,2,2023-11-17,Homepage,View,322.2
3893,456,2,2024-01-22,Checkout,Drop-off,
1740,456,4,2024-12-23,Checkout,Drop-off,
1261,456,9,2024-02-02,ProductPage,Drop-off,
1450,456,14,2024-05-28,Purchase,Purchase,130.3
2815,456,15,2023-04-13,Homepage,Drop-off,
1285,456,20,2023-01-07,Checkout,Drop-off,
3662,456,20,2023-05-15,ProductPage,AddToCart,424.5
3525,456,21,2024-10-10,Purchase,Purchase,16.0
2328,456,36,2023-08-18,ProductPage,Click,574.0
3680,456,38,2023-09-13,ProductPage,View,345.7
50,457,7,2023-08-22,Checkout,Drop-off,
873,457,12,2023-09-19,Checkout,Drop-off,
3040,457,15,2023-10-16,Homepage,Drop-off,
3069,457,24,2024-08-16,Checkout,Drop-off,
980,457,30,2024-04-24,Homepage,Click,461.5
1968,457,33,2023-01-08,Purchase,Purchase,49.8
235,457,38,2024-10-06,Purchase,Purchase,492.3
95,457,42,2023-02-09,ProductPage,AddToCart,12.5
1941,457,50,2024-08-26,Checkout,AddToCart,224.7
2278,458,2,2024-05-18,Checkout,Drop-off,
1635,458,3,2024-04-19,Purchase,Purchase,281.6
4,458,4,2024-09-23,Purchase,Purchase,401.5
1575,458,6,2024-09-06,ProductPage,View,63.9
1588,458,10,2024-03-26,Purchase,Purchase,186.9
824,458,25,2023-04-14,ProductPage,View,561.4
1817,458,27,2023-05-28,Purchase,Purchase,118.4
2378,458,30,2023-05-20,Purchase,Purchase,126.0
2997,458,35,2023-07-28,Checkout,Drop-off,
2579,458,41,2024-06-13,Checkout,Drop-off,
2825,459,20,2023-04-06,ProductPage,View,416.5
1435,459,20,2023-04-15,Checkout,Drop-off,
3408,459,25,2023-12-24,Purchase,Purchase,409.5
1828,459,47,2023-10-02,Checkout,Drop-off,
3604,459,50,2023-10-15,Homepage,Drop-off,
653,460,4,2024-05-13,Purchase,Purchase,186.1
3436,460,11,2023-03-20,Homepage,Click,566.2
900,460,23,2024-02-22,Homepage,Drop-off,
303,460,32,2023-10-04,Homepage,Click,457.6
1810,460,36,2023-10-24,Checkout,Drop-off,
1429,460,39,2024-06-23,ProductPage,Click,225.8
2890,460,42,2023-09-10,Purchase,Purchase,41.6
550,460,46,2023-07-26,Purchase,Purchase,392.7
886,461,7,2024-06-07,Homepage,View,369.3
1638,461,8,2023-02-23,ProductPage,View,310.1
2872,461,16,2023-11-24,Checkout,AddToCart,498.2
3182,461,34,2023-05-22,Homepage,Drop-off,
256,461,43,2024-07-21,ProductPage,AddToCart,117.2
1143,462,1,2023-07-10,ProductPage,AddToCart,334.6
3598,462,4,2023-01-19,ProductPage,View,71.6
2432,462,5,2024-01-12,Checkout,Drop-off,
11,462,12,2024-07-28,Purchase,Purchase,326.9
1776,462,21,2024-04-05,Purchase,Purchase,402.7
3485,462,25,2023-12-04,Checkout,Purchase,300.4
482,462,27,2024-03-27,Homepage,Drop-off,
2030,462,29,2023-10-28,ProductPage,View,415.2
3793,462,29,2023-12-17,Homepage,Click,424.8
659,462,40,2024-09-06,Homepage,Drop-off,
3259,462,50,2023-03-14,Homepage,Click,167.6
2930,462,50,2023-03-14,Homepage,View,341.3
3934,463,1,2023-07-06,Checkout,Drop-off,
3663,463,8,2023-04-01,Purchase,Purchase,90.3
555,463,12,2023-08-25,Checkout,Drop-off,
1313,463,12,2024-02-11,Purchase,Purchase,569.1
2501,463,17,2024-05-20,Purchase,Purchase,72.7
2605,463,30,2023-12-09,Purchase,Purchase,597.0
3427,463,35,2023-01-06,Homepage,View,568.8
2168,463,43,2023-11-28,Checkout,AddToCart,235.9
1144,463,44,2023-02-21,Homepage,View,425.8
1298,463,47,2023-03-03,Purchase,Purchase,432.5
734,464,5,2024-03-11,Checkout,Drop-off,
2080,464,6,2024-08-17,Purchase,Purchase,301.7
3325,464,8,2024-03-29,ProductPage,Click,595.4
1494,464,16,2024-11-06,Checkout,Drop-off,
1767,464,45,2024-10-31,Homepage,Drop-off,
3675,464,50,2024-12-18,Purchase,Purchase,412.0
3226,465,1,2024-01-29,ProductPage,Click,344.2
1698,465,1,2024-05-27,Checkout,Purchase,146.1
2425,465,8,2024-08-10,Purchase,Purchase,311.9
560,465,9,2024-05-05,Purchase,Purchase,102.8
1689,465,45,2023-09-02,ProductPage,Click,540.9
465,465,49,2023-04-01,ProductPage,Drop-off,
3008,466,2,2024-06-04,Purchase,Purchase,333.2
341,466,33,2024-11-21,Purchase,Purchase,599.5
363,466,33,2024-12-01,Purchase,Purchase,114.7
2984,466,38,2023-06-04,Purchase,Purchase,471.7
3747,466,38,2024-05-06,ProductPage,Drop-off,
2575,466,39,2023-04-14,Purchase,Purchase,224.5
2792,466,39,2023-12-04,Purchase,Purchase,91.8
563,466,50,2023-05-29,ProductPage,Click,79.8
1835,467,5,2024-01-22,Purchase,Purchase,431.4
3335,467,14,2024-12-05,Purchase,Purchase,406.3
1195,467,15,2024-12-26,ProductPage,Drop-off,
2176,467,17,2023-08-21,ProductPage,View,389.3
2400,467,23,2024-09-12,ProductPage,AddToCart,31.7
1493,467,25,2023-10-06,Checkout,Purchase,203.6
3999,467,28,2023-03-11,Purchase,Purchase,307.3
1437,467,33,2023-09-15,Purchase,Purchase,543.6
1021,467,43,2023-06-28,ProductPage,AddToCart,319.4
1528,467,44,2023-12-24,Checkout,Purchase,192.5
2964,467,50,2023-03-20,ProductPage,View,475.1
1346,468,9,2024-05-19,Purchase,Purchase,564.1
2814,468,17,2023-01-09,Checkout,Purchase,568.0
1415,468,23,2023-11-10,ProductPage,Click,487.4
2804,468,27,2023-02-17,Purchase,Purchase,110.1
773,468,33,2023-02-13,Homepage,View,455.0
2914,468,37,2023-01-06,Purchase,Purchase,287.7
1338,468,46,2024-11-02,Purchase,Purchase,550.4
1432,468,47,2023-01-20,Homepage,Click,484.2
2220,468,49,2024-02-17,ProductPage,Click,189.8
3800,468,50,2024-03-14,Purchase,Purchase,466.0
2335,469,3,2024-04-20,ProductPage,Click,300.4
2290,469,6,2023-02-09,ProductPage,AddToCart,410.1
3634,469,8,2023-05-21,Homepage,Drop-off,
2509,469,8,2024-01-28,Purchase,Purchase,281.2
835,469,9,2023-07-24,ProductPage,Drop-off,
1803,469,17,2023-12-03,Homepage,Click,302.8
3901,469,24,2024-12-14,ProductPage,View,249.9
2729,469,47,2024-10-19,Checkout,Drop-off,
1273,469,50,2024-10-17,Purchase,Purchase,191.9
1748,470,4,2024-06-25,Homepage,View,277.9
3411,470,9,2024-11-24,Purchase,Purchase,69.0
2736,470,11,2024-07-21,Purchase,Purchase,505.3
1913,470,14,2024-06-08,Purchase,Purchase,419.3
2109,470,35,2023-03-19,Checkout,Purchase,504.3
154,470,43,2024-03-05,Purchase,Purchase,414.5
2492,471,7,2023-06-14,Checkout,Drop-off,
537,471,19,2023-11-07,Checkout,AddToCart,295.5
1443,471,22,2023-02-23,Checkout,Purchase,178.2
2505,471,24,2023-03-20,ProductPage,View,167.8
930,471,27,2024-04-14,Checkout,Drop-off,
3082,471,34,2024-05-23,ProductPage,Drop-off,
1519,471,40,2023-02-16,ProductPage,AddToCart,39.5
3317,471,48,2023-04-29,Homepage,Drop-off,
143,472,9,2023-11-26,ProductPage,AddToCart,538.5
2025,472,11,2023-04-15,ProductPage,View,539.3
1406,472,13,2024-01-27,Checkout,AddToCart,270.8
581,472,14,2024-11-02,Purchase,Purchase,286.2
915,472,18,2023-02-28,Checkout,Purchase,450.2
2709,472,20,2024-09-03,Checkout,AddToCart,484.6
583,472,41,2023-11-02,Purchase,Purchase,205.2
1304,472,46,2024-01-02,ProductPage,View,433.5
3858,472,47,2024-11-04,ProductPage,Drop-off,
350,473,12,2024-06-13,Purchase,Purchase,21.0
2081,473,14,2023-01-16,Purchase,Purchase,500.1
3673,473,16,2023-01-14,Purchase,Purchase,151.4
1413,473,17,2024-03-23,Purchase,Purchase,218.4
695,473,26,2024-04-19,Purchase,Purchase,452.8
1934,473,30,2024-09-16,ProductPage,AddToCart,173.4
580,473,37,2023-04-16,Checkout,Purchase,550.4
1682,473,47,2024-09-19,Homepage,View,495.2
2409,474,9,2023-01-27,Homepage,Drop-off,
2245,474,9,2023-07-14,ProductPage,Click,263.4
1484,474,14,2023-06-21,ProductPage,View,145.7
2172,474,14,2024-05-31,Purchase,Purchase,269.4
2966,474,16,2023-10-08,ProductPage,AddToCart,369.3
3781,474,22,2024-01-19,ProductPage,View,411.0
3397,474,23,2024-08-13,ProductPage,View,69.5
3988,474,24,2023-10-10,Purchase,Purchase,230.5
65,474,26,2023-06-26,ProductPage,View,500.2
3892,474,41,2024-03-13,Homepage,View,166.1
14,474,45,2023-11-03,Homepage,View,494.4
831,474,47,2023-04-02,Homepage,Click,94.2
3511,475,1,2023-10-16,Checkout,Drop-off,
2728,475,4,2024-03-22,Purchase,Purchase,289.2
2583,475,15,2023-05-19,ProductPage,View,592.6
2548,475,18,2023-11-28,Homepage,Click,427.4
43,475,27,2024-12-19,Checkout,Drop-off,
3806,475,31,2024-09-14,Purchase,Purchase,526.2
1512,475,40,2024-03-28,Purchase,Purchase,515.2
2591,476,6,2024-07-18,Purchase,Purchase,34.6
903,476,25,2024-03-10,Purchase,Purchase,287.3
2530,476,43,2024-07-15,Purchase,Purchase,404.5
2635,476,46,2024-03-13,Homepage,Click,232.0
1549,477,10,2024-08-28,Homepage,View,432.3
3143,477,12,2024-05-02,Checkout,Purchase,568.8
1068,477,21,2024-01-26,Checkout,Purchase,333.9
2800,477,31,2024-11-11,Homepage,View,79.6
3567,477,32,2023-11-20,Homepage,Click,15.1
1088,477,35,2024-05-30,ProductPage,Click,144.4
751,477,37,2024-08-20,Purchase,Purchase,232.4
1461,477,45,2024-02-12,Checkout,Drop-off,
412,477,48,2024-11-19,ProductPage,Drop-off,
1256,478,2,2023-05-24,Homepage,Click,480.9
2826,478,17,2024-04-08,ProductPage,View,550.4
3289,478,21,2024-01-15,Homepage,View,234.9
2788,478,37,2024-02-21,ProductPage,View,506.8
2547,478,37,2024-09-07,Homepage,Click,444.2
439,478,39,2023-03-10,Checkout,AddToCart,165.1
361,478,45,2024-06-27,Purchase,Purchase,92.5
524,479,3,2024-12-13,Checkout,AddToCart,35.3
2354,479,11,2024-06-07,Purchase,Purchase,477.0
3519,479,23,2024-07-20,ProductPage,Drop-off,
826,479,24,2024-10-26,Checkout,Purchase,518.6
1468,479,28,2023-10-09,ProductPage,View,546.8
2633,479,30,2024-08-18,Purchase,Purchase,239.0
42,479,34,2024-02-07,Purchase,Purchase,218.3
1581,479,43,2023-07-21,Checkout,Purchase,219.3
3766,479,44,2024-05-14,ProductPage,AddToCart,196.4
101,480,26,2024-06-19,Purchase,Purchase,250.7
1163,480,29,2023-09-29,Checkout,Drop-off,
2503,480,30,2024-09-11,ProductPage,Click,47.9
2999,480,34,2023-06-05,ProductPage,Click,27.7
871,480,40,2023-12-04,ProductPage,Click,20.1
1221,480,46,2023-07-24,Checkout,AddToCart,350.8
1251,481,3,2023-08-08,Purchase,Purchase,583.7
1356,481,12,2024-09-17,Homepage,Click,61.9
968,481,14,2023-05-09,Homepage,View,130.6
1340,481,20,2024-05-17,Checkout,AddToCart,52.8
598,481,31,2024-11-05,Homepage,Click,94.5
1349,481,35,2024-04-19,Purchase,Purchase,316.2
3232,481,37,2024-07-12,Homepage,Click,87.7
3699,481,38,2023-04-17,Homepage,Drop-off,
1961,481,40,2024-06-05,Purchase,Purchase,455.1
10,481,43,2024-09-04,Homepage,View,586.7
3726,481,46,2024-02-14,Purchase,Purchase,85.0
3124,481,50,2024-08-20,Homepage,Click,161.8
1083,481,50,2024-11-25,Purchase,Purchase,35.6
1382,482,5,2023-07-12,Purchase,Purchase,115.5
2340,482,20,2024-06-28,Homepage,View,208.2
1551,482,28,2023-02-10,Purchase,Purchase,368.1
3514,482,34,2024-09-30,Purchase,Purchase,95.2
3172,482,42,2024-06-19,Checkout,Drop-off,
3820,482,43,2023-10-21,Purchase,Purchase,263.2
3582,482,48,2024-12-18,Homepage,View,562.7
1229,483,6,2023-12-13,Purchase,Purchase,395.6
3377,483,7,2024-09-29,Checkout,Drop-off,
133,483,22,2023-08-02,Purchase,Purchase,221.3
953,483,23,2024-03-30,Homepage,Drop-off,
763,483,28,2023-12-19,Homepage,Click,510.1
2227,483,30,2023-02-21,ProductPage,Drop-off,
1688,483,34,2023-07-23,ProductPage,View,582.5
51,483,37,2024-03-12,Purchase,Purchase,184.0
2812,483,39,2024-01-15,Purchase,Purchase,180.3
2175,483,47,2023-07-04,Checkout,AddToCart,242.6
3306,484,3,2024-05-31,ProductPage,View,198.0
1168,484,15,2023-11-24,Homepage,Click,414.0
1008,484,17,2024-11-23,Purchase,Purchase,130.2
818,484,22,2024-08-13,Homepage,Drop-off,
458,484,27,2023-11-22,Homepage,View,467.7
1522,484,41,2023-12-18,ProductPage,Click,73.0
1669,484,44,2023-06-05,ProductPage,Click,16.4
1969,484,48,2023-08-04,Purchase,Purchase,373.1
2243,485,2,2024-11-07,Homepage,Click,579.9
365,485,5,2023-12-17,ProductPage,Click,469.0
947,485,17,2024-12-25,Homepage,View,240.3
2267,485,18,2023-01-01,Checkout,Purchase,67.4
692,485,22,2024-02-07,Checkout,AddToCart,489.7
1909,485,26,2024-10-29,Homepage,Drop-off,
1007,485,34,2023-06-20,Checkout,AddToCart,516.8
322,485,37,2023-08-19,ProductPage,Click,356.6
1647,485,41,2023-10-12,ProductPage,Drop-off,
658,485,44,2023-12-10,Homepage,View,258.1
1335,485,49,2023-04-06,Purchase,Purchase,527.6
67,486,26,2023-10-31,Purchase,Purchase,537.3
3724,486,32,2023-10-30,Checkout,Purchase,571.6
460,486,34,2024-10-22,Checkout,Purchase,202.5
2749,486,36,2023-10-26,ProductPage,View,35.3
3395,486,47,2023-01-29,Purchase,Purchase,88.7
3444,486,47,2024-08-05,ProductPage,View,200.7
1328,487,4,2024-10-29,Homepage,Click,478.0
2891,487,8,2023-12-26,Purchase,Purchase,425.3
3881,487,8,2024-03-08,Checkout,Drop-off,
2370,487,18,2023-02-18,Homepage,Click,226.8
3258,487,36,2023-11-29,Homepage,Click,179.5
2784,488,3,2024-11-06,Purchase,Purchase,297.4
3303,488,12,2023-08-12,Checkout,Drop-off,
1492,488,16,2023-09-21,ProductPage,Click,320.8
3227,488,18,2023-03-08,Checkout,Drop-off,
3612,488,22,2024-06-03,Homepage,View,327.3
2781,488,28,2024-07-22,Purchase,Purchase,577.1
3743,488,32,2024-04-24,ProductPage,AddToCart,125.4
257,488,37,2023-07-08,Purchase,Purchase,257.2
2228,488,42,2023-11-03,Checkout,Drop-off,
1642,488,45,2024-05-15,ProductPage,AddToCart,62.2
1481,489,1,2024-04-18,Checkout,AddToCart,49.5
3825,489,18,2024-05-18,Checkout,AddToCart,126.0
467,489,20,2023-01-23,Homepage,Click,293.1
638,490,20,2024-10-08,ProductPage,Click,370.9
570,490,34,2023-09-26,Checkout,Purchase,58.6
543,490,50,2024-07-04,Homepage,Click,135.8
2206,491,1,2024-09-01,Checkout,Purchase,194.6
3801,491,3,2024-11-29,Checkout,Purchase,161.4
498,491,5,2023-04-22,ProductPage,View,526.2
2849,491,7,2023-07-05,Checkout,Drop-off,
346,491,8,2023-11-16,Checkout,AddToCart,108.8
2280,491,8,2024-11-14,Homepage,View,51.5
2845,491,10,2024-08-03,Purchase,Purchase,462.1
2036,491,15,2024-08-01,Purchase,Purchase,528.3
391,491,16,2024-02-23,ProductPage,View,168.0
295,491,17,2023-12-23,Purchase,Purchase,44.0
2776,491,18,2023-07-27,ProductPage,Click,429.7
57,491,21,2023-11-06,Homepage,View,587.3
3719,491,21,2024-10-11,ProductPage,Click,186.8
3396,491,22,2023-02-25,Checkout,Drop-off,
3473,491,24,2023-06-24,Homepage,View,557.7
2838,491,29,2023-12-15,ProductPage,Click,288.8
3664,491,42,2023-04-03,Checkout,Drop-off,
3455,492,2,2024-12-02,Purchase,Purchase,360.3
2003,492,4,2023-09-09,ProductPage,Drop-off,
897,492,13,2023-01-04,Checkout,AddToCart,486.4
2983,492,15,2023-05-08,Homepage,View,591.0
1079,492,22,2024-12-13,Purchase,Purchase,150.0
1564,492,29,2024-01-15,Homepage,View,434.9
2617,492,30,2024-02-24,Purchase,Purchase,77.9
1674,492,31,2024-08-23,Checkout,Purchase,500.2
2746,492,34,2024-06-01,Homepage,Click,338.1
1329,492,40,2023-09-30,ProductPage,AddToCart,570.7
156,492,41,2023-05-28,Checkout,Drop-off,
247,492,45,2023-10-30,Checkout,Drop-off,
872,493,5,2024-03-17,ProductPage,Drop-off,
2304,493,7,2023-12-30,Checkout,Drop-off,
740,493,12,2024-12-24,Homepage,Drop-off,
1137,493,23,2024-02-07,Purchase,Purchase,104.6
3341,493,27,2023-03-27,Purchase,Purchase,106.3
1029,493,30,2024-03-27,Homepage,View,91.0
584,493,41,2023-11-06,Purchase,Purchase,70.0
825,494,3,2023-04-29,ProductPage,Click,591.2
1396,494,14,2023-02-16,ProductPage,Click,254.9
1082,494,20,2023-07-07,Checkout,Drop-off,
2956,494,22,2024-09-22,Checkout,Purchase,475.6
1426,494,26,2023-09-17,ProductPage,AddToCart,133.2
2737,494,31,2024-12-11,Purchase,Purchase,196.4
2555,494,32,2024-08-06,Homepage,Click,549.3
1119,494,47,2024-08-28,Checkout,Drop-off,
3526,495,25,2023-03-02,Checkout,AddToCart,561.3
1072,495,27,2024-10-14,Purchase,Purchase,151.9
3070,495,34,2023-12-27,Purchase,Purchase,200.4
660,496,2,2024-11-20,ProductPage,Click,96.1
1138,496,5,2023-07-23,Purchase,Purchase,467.7
3914,496,23,2024-02-10,Homepage,Click,28.3
2214,496,31,2024-05-24,ProductPage,View,224.9
329,496,37,2023-06-25,Purchase,Purchase,419.8
3842,496,37,2023-08-16,Checkout,Drop-off,
1931,496,39,2023-02-05,Homepage,Click,336.1
2134,497,4,2023-05-21,Purchase,Purchase,188.5
1287,497,13,2023-07-23,ProductPage,Click,559.5
2496,497,27,2023-01-07,ProductPage,Drop-off,
3482,497,30,2024-08-31,Homepage,Click,148.8
3702,497,35,2023-08-01,Checkout,AddToCart,357.0
1224,497,38,2023-01-28,ProductPage,Drop-off,
315,497,44,2023-01-05,ProductPage,Click,207.7
521,497,45,2023-05-22,ProductPage,Click,140.3
635,497,49,2024-10-02,Homepage,View,477.0
246,498,3,2023-10-09,Homepage,Click,13.0
2169,498,5,2023-06-19,Purchase,Purchase,469.8
837,498,8,2023-10-16,Purchase,Purchase,345.3
1096,498,14,2023-05-05,ProductPage,Click,470.3
403,498,14,2023-07-17,ProductPage,View,129.1
189,498,15,2023-01-22,Homepage,View,368.8
2741,498,15,2023-05-18,Checkout,Drop-off,
3908,498,22,2023-02-23,Homepage,Click,336.9
2474,498,24,2023-04-25,ProductPage,Drop-off,
2877,498,49,2023-04-13,Purchase,Purchase,288.3
2445,499,4,2023-04-27,ProductPage,Drop-off,
2546,499,8,2024-01-21,Purchase,Purchase,136.9
3791,499,39,2024-05-22,Purchase,Purchase,120.9
1739,499,47,2024-02-19,Homepage,Drop-off,
3420,499,49,2024-07-26,Checkout,Drop-off,
648,500,31,2024-11-16,ProductPage,View,87.1
1267,500,34,2023-08-25,Checkout,Drop-off,
1620,500,39,2023-01-09,Purchase,Purchase,58.7
2683,500,44,2023-11-17,Homepage,View,470.7
