engagementid,contentid,contenttype,likes,engagementdate,campaignid,productid,views,clicks
1,CONT_00001,Blog,3473,2023-01-16,CAMP_009,23,38469,8180
2,CONT_00002,Newsletter,2365,2023-04-30,CAMP_001,41,29827,5269
3,CONT_00003,Video,1641,2024-08-28,CAMP_007,32,29078,3532
4,CONT_00004,Blog,987,2024-05-07,CAMP_002,18,18684,3698
5,CONT_00005,Blog,3799,2023-02-26,CAMP_003,24,30009,7718
6,CONT_00006,Blog,587,2023-09-20,CAMP_010,19,24091,3068
7,CONT_00007,Blog,5113,2024-07-05,CAMP_006,30,41191,11387
8,CONT_00008,Video,896,2024-05-17,CAMP_005,18,26022,5210
9,CONT_00009,Video,2750,2024-11-01,CAMP_008,25,48509,5568
10,CONT_00010,Newsletter,1122,2023-07-08,CAMP_001,46,22668,5701
11,CONT_00011,Video,893,2023-01-11,CAMP_008,11,37547,5644
12,CONT_00012,Newsletter,1091,2024-10-02,CAMP_003,31,31311,2192
13,CONT_00013,Newsletter,4089,2023-03-03,CAMP_009,38,44556,8365
14,CONT_00014,Video,1331,2024-03-12,CAMP_007,2,10827,3062
15,CONT_00015,SocialMedia,105,2024-04-20,CAMP_007,44,28265,559
16,CONT_00016,Video,1238,2023-10-20,CAMP_004,45,11803,2677
17,CONT_00017,Video,430,2024-03-18,CAMP_006,15,32084,6572
18,CONT_00018,Newsletter,2107,2023-05-23,CAMP_005,32,31107,8659
19,CONT_00019,Blog,274,2024-08-23,CAMP_002,25,19369,4672
20,CONT_00020,SocialMedia,98,2024-12-04,CAMP_008,12,28570,5516
21,CONT_00021,Video,35,2024-02-02,CAMP_010,5,23061,345
22,CONT_00022,Video,517,2024-05-06,CAMP_010,33,31723,8736
23,CONT_00023,SocialMedia,20,2024-06-20,CAMP_002,13,31842,804
24,CONT_00024,SocialMedia,2383,2023-01-19,CAMP_003,14,49621,5094
25,CONT_00025,Newsletter,895,2024-08-10,CAMP_003,49,12155,3454
26,CONT_00026,Video,13,2023-04-03,CAMP_007,44,6900,1180
27,CONT_00027,Video,130,2024-10-22,CAMP_003,37,40684,1980
28,CONT_00028,Video,73,2023-03-11,CAMP_002,35,17725,372
29,CONT_00029,SocialMedia,279,2024-03-21,CAMP_006,38,39792,1597
30,CONT_00030,Video,158,2023-01-29,CAMP_004,15,5881,1388
31,CONT_00031,Blog,1780,2024-11-27,CAMP_007,42,40001,6354
32,CONT_00032,Video,783,2024-07-25,CAMP_004,47,38114,4802
33,CONT_00033,Newsletter,2361,2023-06-12,CAMP_009,33,44798,12270
34,CONT_00034,Video,998,2023-11-10,CAMP_009,41,31566,7903
35,CONT_00035,Video,62,2023-07-03,CAMP_008,31,16467,129
36,CONT_00036,SocialMedia,304,2023-07-29,CAMP_002,26,5698,979
37,CONT_00037,SocialMedia,415,2023-06-11,CAMP_007,29,22127,2937
38,CONT_00038,SocialMedia,2510,2024-11-22,CAMP_009,16,43402,10432
39,CONT_00039,Newsletter,3132,2024-12-25,CAMP_008,38,37092,7609
40,CONT_00040,SocialMedia,2208,2024-08-31,CAMP_002,11,44147,8676
41,CONT_00041,Newsletter,1976,2023-09-21,CAMP_008,35,33689,8038
42,CONT_00042,Newsletter,47,2023-01-19,CAMP_008,25,5969,156
43,CONT_00043,SocialMedia,1294,2023-07-07,CAMP_005,7,41160,6290
44,CONT_00044,Video,536,2023-02-21,CAMP_003,2,5369,1413
45,CONT_00045,Video,18,2024-04-16,CAMP_002,37,5578,1492
46,CONT_00046,Blog,518,2024-04-12,CAMP_001,12,18838,2092
47,CONT_00047,Newsletter,308,2024-09-27,CAMP_007,15,35175,1683
48,CONT_00048,Video,224,2024-01-14,CAMP_004,5,5673,1242
49,CONT_00049,Blog,533,2023-11-06,CAMP_006,26,7958,1374
50,CONT_00050,Newsletter,234,2024-05-03,CAMP_001,45,6504,1714
51,CONT_00051,Blog,482,2023-10-09,CAMP_010,13,47412,1124
52,CONT_00052,Blog,1709,2023-01-29,CAMP_008,15,30057,5939
53,CONT_00053,Blog,228,2024-04-09,CAMP_004,16,7293,1873
54,CONT_00054,Newsletter,52,2023-01-06,CAMP_002,43,43685,775
55,CONT_00055,Video,167,2024-07-18,CAMP_010,11,27614,2613
56,CONT_00056,SocialMedia,73,2023-01-01,CAMP_007,5,44885,4327
57,CONT_00057,SocialMedia,883,2024-02-17,CAMP_001,11,22430,2261
58,CONT_00058,Video,709,2024-07-09,CAMP_001,18,18250,2094
59,CONT_00059,Newsletter,26,2023-11-07,CAMP_006,4,37010,556
60,CONT_00060,Blog,1899,2023-03-13,CAMP_002,37,49413,4021
61,CONT_00061,Video,248,2023-06-04,CAMP_008,26,41600,6709
62,CONT_00062,SocialMedia,2035,2024-05-11,CAMP_010,28,46557,4539
63,CONT_00063,Newsletter,1038,2023-12-07,CAMP_007,10,21952,2152
64,CONT_00064,Video,31,2023-07-03,CAMP_005,26,1039,189
65,CONT_00065,Video,1089,2024-11-09,CAMP_009,27,25848,4888
66,CONT_00066,Blog,1066,2023-04-19,CAMP_009,11,32745,5579
67,CONT_00067,Newsletter,86,2024-07-29,CAMP_009,7,7667,524
68,CONT_00068,Newsletter,29,2024-08-04,CAMP_008,43,36960,395
69,CONT_00069,Video,295,2023-06-24,CAMP_007,32,32619,738
70,CONT_00070,Newsletter,77,2023-10-05,CAMP_005,6,21871,432
71,CONT_00071,Video,276,2023-05-29,CAMP_007,32,18784,1175
72,CONT_00072,Blog,32,2023-03-08,CAMP_006,8,4470,759
73,CONT_00073,SocialMedia,3167,2023-07-01,CAMP_007,33,34041,6850
74,CONT_00074,Video,160,2023-05-27,CAMP_005,5,29614,754
75,CONT_00075,Newsletter,963,2023-10-29,CAMP_003,1,44100,8322
76,CONT_00076,Newsletter,653,2024-03-25,CAMP_001,3,43718,8880
77,CONT_00077,Newsletter,446,2024-01-04,CAMP_010,31,17845,1851
78,CONT_00078,SocialMedia,811,2024-02-25,CAMP_002,44,15286,3879
79,CONT_00079,Blog,812,2023-03-27,CAMP_006,3,8462,1930
80,CONT_00080,Blog,30,2024-12-05,CAMP_008,23,28839,277
81,CONT_00081,Blog,10,2024-04-04,CAMP_008,36,35685,147
82,CONT_00082,Video,752,2024-04-12,CAMP_007,7,19108,3062
83,CONT_00083,Newsletter,231,2024-03-14,CAMP_008,9,32102,799
84,CONT_00084,Blog,293,2023-08-27,CAMP_005,38,10941,774
85,CONT_00085,Blog,48,2023-04-24,CAMP_006,11,1199,353
86,CONT_00086,Newsletter,2558,2024-05-11,CAMP_009,15,49345,6006
87,CONT_00087,SocialMedia,232,2024-06-20,CAMP_010,7,30899,4643
88,CONT_00088,SocialMedia,161,2024-08-21,CAMP_005,19,3445,403
89,CONT_00089,Newsletter,2194,2024-07-06,CAMP_001,6,26129,4890
90,CONT_00090,SocialMedia,424,2023-05-13,CAMP_001,35,11324,1451
91,CONT_00091,SocialMedia,19,2023-06-02,CAMP_006,32,49192,288
92,CONT_00092,Blog,2668,2023-06-22,CAMP_001,48,26939,7217
93,CONT_00093,Newsletter,241,2024-01-16,CAMP_006,40,30494,1070
94,CONT_00094,Video,335,2023-05-07,CAMP_007,29,41312,1780
95,CONT_00095,Newsletter,631,2024-08-09,CAMP_007,23,29047,6822
96,CONT_00096,Newsletter,800,2023-02-25,CAMP_003,50,49403,3209
97,CONT_00097,Video,2009,2023-07-12,CAMP_003,4,25122,4256
98,CONT_00098,SocialMedia,104,2024-07-16,CAMP_001,25,18581,2995
99,CONT_00099,Video,3366,2023-07-29,CAMP_009,32,29282,7637
100,CONT_00100,Blog,1312,2023-10-22,CAMP_002,49,35615,3328
101,CONT_00101,Blog,37,2024-02-03,CAMP_006,35,42424,123
102,CONT_00102,Video,957,2023-01-28,CAMP_001,18,16284,4666
103,CONT_00103,Newsletter,2575,2024-10-27,CAMP_007,1,46477,13352
104,CONT_00104,Newsletter,511,2024-04-26,CAMP_006,40,25653,2310
105,CONT_00105,Blog,335,2023-11-19,CAMP_009,16,31136,884
106,CONT_00106,Blog,41,2024-11-01,CAMP_009,37,1467,114
107,CONT_00107,Blog,1086,2024-01-13,CAMP_002,13,30348,7020
108,CONT_00108,Blog,332,2023-02-21,CAMP_002,40,3630,706
109,CONT_00109,Video,997,2023-08-03,CAMP_009,33,22022,2497
110,CONT_00110,Blog,324,2023-01-25,CAMP_007,11,12293,2035
111,CONT_00111,SocialMedia,30,2023-12-19,CAMP_006,15,674,163
112,CONT_00112,SocialMedia,1108,2024-01-05,CAMP_002,21,45947,2344
113,CONT_00113,Video,178,2023-06-10,CAMP_005,30,8172,822
114,CONT_00114,Blog,3892,2024-11-19,CAMP_006,1,29186,8408
115,CONT_00115,Video,5675,2023-05-04,CAMP_009,41,41287,12275
116,CONT_00116,Video,201,2023-04-05,CAMP_005,7,2106,417
117,CONT_00117,SocialMedia,36,2024-05-19,CAMP_005,41,47239,13563
118,CONT_00118,Blog,287,2023-12-06,CAMP_007,38,48667,6172
119,CONT_00119,SocialMedia,426,2024-12-17,CAMP_010,10,10594,1986
120,CONT_00120,Newsletter,1845,2023-08-20,CAMP_009,30,38767,4395
121,CONT_00121,SocialMedia,767,2023-07-02,CAMP_004,39,10386,2812
122,CONT_00122,Blog,221,2023-07-23,CAMP_007,3,3857,801
123,CONT_00123,Newsletter,218,2024-05-03,CAMP_004,40,20270,1058
124,CONT_00124,Video,650,2024-07-02,CAMP_002,37,9472,2692
125,CONT_00125,SocialMedia,1186,2023-07-14,CAMP_007,20,26017,4789
126,CONT_00126,SocialMedia,808,2023-03-28,CAMP_005,48,23433,5604
127,CONT_00127,Video,1537,2024-03-06,CAMP_009,49,39571,4636
128,CONT_00128,Blog,2628,2023-04-22,CAMP_005,25,49923,8947
129,CONT_00129,SocialMedia,926,2024-09-24,CAMP_009,38,7564,2237
130,CONT_00130,Newsletter,699,2023-02-17,CAMP_003,13,15459,2014
131,CONT_00131,Blog,842,2023-08-16,CAMP_009,34,14275,2021
132,CONT_00132,SocialMedia,26,2023-05-29,CAMP_006,2,37855,6383
133,CONT_00133,SocialMedia,11,2023-11-14,CAMP_004,50,17441,97
134,CONT_00134,Newsletter,2493,2024-04-23,CAMP_001,32,28597,8489
135,CONT_00135,SocialMedia,960,2023-11-19,CAMP_008,47,48880,2674
136,CONT_00136,Newsletter,525,2023-01-30,CAMP_006,14,13773,1742
137,CONT_00137,Newsletter,548,2023-05-31,CAMP_004,13,4293,1186
138,CONT_00138,Blog,48,2024-08-17,CAMP_009,11,2436,145
139,CONT_00139,Video,195,2023-04-12,CAMP_009,45,3801,1005
140,CONT_00140,Newsletter,74,2024-11-07,CAMP_007,13,708,194
141,CONT_00141,Newsletter,1045,2024-10-26,CAMP_002,28,45431,2898
142,CONT_00142,Newsletter,1644,2024-05-31,CAMP_009,5,25298,6399
143,CONT_00143,SocialMedia,51,2024-01-14,CAMP_003,35,3576,369
144,CONT_00144,Video,118,2024-07-13,CAMP_002,44,33502,430
145,CONT_00145,Newsletter,594,2023-04-14,CAMP_010,40,10774,2635
146,CONT_00146,Newsletter,37,2023-05-07,CAMP_001,36,29523,187
147,CONT_00147,Blog,27,2024-09-24,CAMP_009,23,17827,4627
148,CONT_00148,Video,2266,2024-08-10,CAMP_001,18,35280,7521
149,CONT_00149,SocialMedia,2218,2024-01-22,CAMP_008,48,27794,5265
150,CONT_00150,SocialMedia,65,2023-03-13,CAMP_009,45,12479,459
151,CONT_00151,Blog,1229,2023-02-27,CAMP_006,41,28188,6849
152,CONT_00152,Newsletter,665,2023-01-25,CAMP_009,32,20402,1873
153,CONT_00153,Blog,1083,2023-06-27,CAMP_006,46,14370,3696
154,CONT_00154,SocialMedia,762,2024-06-22,CAMP_009,32,8804,1763
155,CONT_00155,Blog,173,2024-05-13,CAMP_009,41,5762,733
156,CONT_00156,Blog,830,2023-03-21,CAMP_005,11,48603,7252
157,CONT_00157,Blog,1598,2023-05-21,CAMP_005,31,44320,5591
158,CONT_00158,Video,412,2023-04-24,CAMP_008,35,17017,2067
159,CONT_00159,SocialMedia,329,2023-12-27,CAMP_010,31,47843,13275
160,CONT_00160,Newsletter,168,2023-01-15,CAMP_008,34,2598,590
161,CONT_00161,Video,37,2023-04-28,CAMP_006,29,26778,2123
162,CONT_00162,Newsletter,129,2024-09-06,CAMP_010,45,25809,1187
163,CONT_00163,Newsletter,712,2024-10-08,CAMP_003,21,21249,3551
164,CONT_00164,Video,279,2023-12-09,CAMP_009,28,20206,1276
165,CONT_00165,Newsletter,1182,2024-09-13,CAMP_001,30,40485,2977
166,CONT_00166,SocialMedia,1944,2024-09-22,CAMP_005,3,47595,6931
167,CONT_00167,Newsletter,143,2023-04-17,CAMP_004,34,6981,693
168,CONT_00168,SocialMedia,1677,2024-11-18,CAMP_009,34,15795,4613
169,CONT_00169,SocialMedia,425,2024-07-03,CAMP_010,34,40879,2261
170,CONT_00170,Newsletter,1045,2024-03-09,CAMP_009,48,23971,5349
171,CONT_00171,Newsletter,365,2023-03-03,CAMP_004,24,27519,7107
172,CONT_00172,Newsletter,2281,2023-02-23,CAMP_009,20,18108,5304
173,CONT_00173,SocialMedia,322,2024-08-16,CAMP_003,27,5690,1495
174,CONT_00174,SocialMedia,26,2024-10-25,CAMP_007,3,41584,6040
175,CONT_00175,Blog,432,2023-10-20,CAMP_007,41,10241,1802
176,CONT_00176,Blog,301,2024-09-11,CAMP_001,37,28938,1286
177,CONT_00177,Blog,450,2024-02-06,CAMP_006,43,39644,1792
178,CONT_00178,Video,1028,2023-02-09,CAMP_001,7,20880,5950
179,CONT_00179,Newsletter,276,2024-11-01,CAMP_008,47,18113,3327
180,CONT_00180,Video,1290,2023-01-05,CAMP_006,12,43151,11369
181,CONT_00181,SocialMedia,4158,2024-04-13,CAMP_004,4,44722,9059
182,CONT_00182,Newsletter,65,2024-02-26,CAMP_007,24,13495,696
183,CONT_00183,Newsletter,105,2024-04-03,CAMP_001,41,7446,237
184,CONT_00184,Newsletter,136,2023-04-06,CAMP_004,43,4807,291
185,CONT_00185,Video,44,2023-01-23,CAMP_007,18,10122,1514
186,CONT_00186,SocialMedia,3241,2023-09-21,CAMP_004,20,30540,6939
187,CONT_00187,Video,584,2024-03-17,CAMP_006,4,27625,5594
188,CONT_00188,Video,2018,2024-11-19,CAMP_005,6,19141,4138
189,CONT_00189,Blog,42,2024-01-18,CAMP_010,23,1474,130
190,CONT_00190,SocialMedia,4093,2023-12-18,CAMP_006,39,36507,8856
191,CONT_00191,Newsletter,131,2023-09-24,CAMP_002,44,37447,3118
192,CONT_00192,Video,1094,2023-06-18,CAMP_004,4,11225,3283
193,CONT_00193,Blog,30,2024-11-05,CAMP_004,41,18442,1942
194,CONT_00194,SocialMedia,2897,2023-10-13,CAMP_005,42,32940,7553
195,CONT_00195,Video,643,2023-12-20,CAMP_008,34,47526,2433
196,CONT_00196,Newsletter,230,2023-10-30,CAMP_008,30,33195,4676
197,CONT_00197,SocialMedia,3232,2023-10-08,CAMP_010,31,42210,12575
198,CONT_00198,SocialMedia,4187,2023-08-05,CAMP_005,7,48914,13246
199,CONT_00199,Blog,620,2023-01-23,CAMP_001,39,41644,10848
200,CONT_00200,Newsletter,638,2024-06-04,CAMP_003,38,19608,1473
201,CONT_00201,SocialMedia,547,2023-05-05,CAMP_003,33,42184,4304
202,CONT_00202,SocialMedia,2485,2024-04-26,CAMP_001,50,33656,5762
203,CONT_00203,SocialMedia,11,2023-12-17,CAMP_006,31,39306,1220
204,CONT_00204,Blog,946,2023-09-28,CAMP_006,25,35154,4326
205,CONT_00205,Video,466,2023-10-21,CAMP_004,17,43141,2464
206,CONT_00206,Video,141,2023-01-21,CAMP_007,42,31131,489
207,CONT_00207,SocialMedia,1220,2023-12-03,CAMP_010,42,48586,3971
208,CONT_00208,Video,2217,2023-11-30,CAMP_010,2,29978,8895
209,CONT_00209,Newsletter,1021,2023-06-09,CAMP_009,11,45783,11981
210,CONT_00210,Blog,110,2023-11-12,CAMP_003,7,5177,423
211,CONT_00211,Blog,2006,2024-07-20,CAMP_009,38,17708,4111
212,CONT_00212,SocialMedia,222,2024-05-14,CAMP_001,24,42157,7516
213,CONT_00213,Blog,2653,2023-01-21,CAMP_007,9,41244,6128
214,CONT_00214,Newsletter,424,2023-07-03,CAMP_005,46,12657,1867
215,CONT_00215,SocialMedia,323,2023-01-04,CAMP_008,39,22435,3761
216,CONT_00216,Blog,256,2024-06-09,CAMP_010,48,32683,706
217,CONT_00217,SocialMedia,4062,2024-11-10,CAMP_006,11,34389,8221
218,CONT_00218,SocialMedia,3433,2023-07-19,CAMP_007,37,41244,7171
219,CONT_00219,Blog,577,2023-10-02,CAMP_002,44,20196,3015
220,CONT_00220,SocialMedia,1480,2024-08-05,CAMP_003,34,24245,3755
221,CONT_00221,SocialMedia,46,2023-04-14,CAMP_007,23,10121,2526
222,CONT_00222,Blog,2579,2023-06-19,CAMP_008,19,47915,9508
223,CONT_00223,Newsletter,3932,2023-04-12,CAMP_006,42,36111,8145
224,CONT_00224,Video,46,2024-10-25,CAMP_008,37,13152,888
225,CONT_00225,SocialMedia,1323,2023-11-02,CAMP_008,22,44090,3542
226,CONT_00226,Newsletter,3079,2023-04-08,CAMP_008,25,40887,6980
227,CONT_00227,Video,215,2023-01-21,CAMP_001,3,9838,511
228,CONT_00228,SocialMedia,2511,2024-07-30,CAMP_006,34,28297,5091
229,CONT_00229,Newsletter,17,2024-10-13,CAMP_003,21,827,139
230,CONT_00230,SocialMedia,457,2024-10-27,CAMP_007,13,43219,925
231,CONT_00231,Blog,67,2023-08-09,CAMP_008,25,683,134
232,CONT_00232,SocialMedia,2605,2024-08-12,CAMP_003,46,36956,7712
233,CONT_00233,Newsletter,777,2023-07-03,CAMP_007,33,25718,6396
234,CONT_00234,Newsletter,54,2023-06-17,CAMP_005,49,6322,207
235,CONT_00235,SocialMedia,63,2024-03-31,CAMP_006,29,9281,2738
236,CONT_00236,SocialMedia,1237,2023-09-15,CAMP_010,18,20847,5383
237,CONT_00237,Blog,2712,2023-10-04,CAMP_006,44,37494,6203
238,CONT_00238,Newsletter,576,2023-10-12,CAMP_001,37,17716,1708
239,CONT_00239,SocialMedia,373,2024-04-06,CAMP_004,43,29778,1269
240,CONT_00240,Newsletter,66,2023-03-02,CAMP_006,44,863,215
241,CONT_00241,Blog,100,2024-10-23,CAMP_002,2,10727,1481
242,CONT_00242,SocialMedia,1865,2023-05-14,CAMP_001,31,35316,7169
243,CONT_00243,Video,774,2024-02-29,CAMP_007,5,18449,2325
244,CONT_00244,Newsletter,2821,2024-01-21,CAMP_001,6,48223,7572
245,CONT_00245,Video,288,2023-01-02,CAMP_002,1,18215,1971
246,CONT_00246,SocialMedia,938,2024-01-23,CAMP_005,30,24881,2853
247,CONT_00247,Video,3244,2024-01-07,CAMP_008,13,42600,12661
248,CONT_00248,SocialMedia,1242,2023-03-27,CAMP_001,22,31734,7909
249,CONT_00249,Blog,96,2023-06-05,CAMP_004,16,21761,5082
250,CONT_00250,Blog,1568,2024-12-20,CAMP_003,8,19961,3541
251,CONT_00251,Video,117,2023-04-11,CAMP_007,22,42211,433
252,CONT_00252,SocialMedia,1722,2023-01-13,CAMP_006,14,30833,3650
253,CONT_00253,Video,25,2024-12-27,CAMP_009,5,39586,51
254,CONT_00254,Newsletter,106,2023-04-25,CAMP_006,4,13764,305
255,CONT_00255,Newsletter,213,2023-05-05,CAMP_007,39,3808,934
256,CONT_00256,Blog,179,2024-08-13,CAMP_001,18,30622,995
257,CONT_00257,Blog,3854,2024-03-29,CAMP_010,28,43551,9456
258,CONT_00258,SocialMedia,1699,2024-03-29,CAMP_001,37,38199,4720
259,CONT_00259,Newsletter,1120,2024-09-22,CAMP_007,5,36512,7606
260,CONT_00260,SocialMedia,47,2024-06-09,CAMP_008,35,34006,3637
261,CONT_00261,Video,4175,2024-05-31,CAMP_003,17,30143,8883
262,CONT_00262,SocialMedia,2185,2024-02-06,CAMP_009,44,41245,6657
263,CONT_00263,Newsletter,2067,2023-07-11,CAMP_004,1,29794,4205
264,CONT_00264,Blog,342,2023-09-21,CAMP_008,22,29353,1111
265,CONT_00265,Video,1568,2023-08-10,CAMP_007,29,13240,3539
266,CONT_00266,SocialMedia,51,2024-01-27,CAMP_008,49,6257,184
267,CONT_00267,Blog,1105,2023-07-06,CAMP_005,49,35607,2661
268,CONT_00268,Newsletter,985,2024-10-18,CAMP_004,29,40419,10577
269,CONT_00269,Blog,155,2023-10-13,CAMP_003,43,21868,508
270,CONT_00270,SocialMedia,2344,2024-02-23,CAMP_004,31,24990,7474
271,CONT_00271,Blog,103,2023-04-19,CAMP_009,47,8243,306
272,CONT_00272,Blog,2386,2023-01-24,CAMP_001,18,25482,6662
273,CONT_00273,Newsletter,1512,2023-11-09,CAMP_005,39,20414,3590
274,CONT_00274,Video,2247,2023-03-08,CAMP_006,7,23248,5639
275,CONT_00275,SocialMedia,200,2024-12-21,CAMP_002,40,10704,2075
276,CONT_00276,SocialMedia,455,2023-01-22,CAMP_010,33,35555,9823
277,CONT_00277,Newsletter,433,2024-06-19,CAMP_002,19,3775,915
278,CONT_00278,Video,2969,2024-02-03,CAMP_002,7,28608,7040
279,CONT_00279,Newsletter,1257,2023-10-12,CAMP_003,1,45381,2542
280,CONT_00280,Newsletter,295,2023-01-31,CAMP_006,48,31222,871
281,CONT_00281,Video,57,2023-09-19,CAMP_010,42,18858,5606
282,CONT_00282,Newsletter,2650,2024-12-19,CAMP_008,12,45337,9706
283,CONT_00283,Video,25,2023-07-22,CAMP_002,24,2694,286
284,CONT_00284,Blog,388,2024-04-03,CAMP_006,38,34573,6826
285,CONT_00285,Newsletter,645,2024-09-17,CAMP_005,41,10483,2860
286,CONT_00286,Newsletter,634,2023-10-04,CAMP_010,23,42788,1697
287,CONT_00287,SocialMedia,316,2024-08-09,CAMP_001,6,24282,666
288,CONT_00288,Blog,227,2023-09-26,CAMP_010,9,26944,1953
289,CONT_00289,SocialMedia,2866,2024-04-29,CAMP_001,35,49777,8017
290,CONT_00290,Video,875,2024-06-02,CAMP_003,16,44998,2760
291,CONT_00291,Video,720,2023-10-12,CAMP_005,35,17796,1676
292,CONT_00292,SocialMedia,17,2023-05-04,CAMP_006,42,34748,118
293,CONT_00293,Video,418,2024-11-19,CAMP_006,7,39954,4579
294,CONT_00294,SocialMedia,518,2023-06-10,CAMP_004,31,24256,3068
295,CONT_00295,Video,506,2023-05-01,CAMP_008,21,14636,4104
296,CONT_00296,SocialMedia,461,2023-05-31,CAMP_005,16,10307,2841
297,CONT_00297,Video,219,2024-08-05,CAMP_006,48,6791,1562
298,CONT_00298,Newsletter,1800,2023-06-19,CAMP_009,1,28841,5389
299,CONT_00299,Newsletter,48,2023-01-13,CAMP_007,46,15094,3112
300,CONT_00300,Video,1345,2024-06-19,CAMP_001,20,21844,6368
301,CONT_00301,SocialMedia,131,2024-11-26,CAMP_009,11,19676,391
302,CONT_00302,Newsletter,2146,2024-03-27,CAMP_003,37,48647,5740
303,CONT_00303,SocialMedia,105,2024-03-14,CAMP_003,41,49596,7452
304,CONT_00304,Video,789,2023-01-20,CAMP_009,4,30845,3614
305,CONT_00305,Video,224,2023-05-28,CAMP_004,46,9214,606
306,CONT_00306,Blog,92,2023-03-07,CAMP_002,24,30658,6165
307,CONT_00307,SocialMedia,3070,2023-01-26,CAMP_004,20,42175,7410
308,CONT_00308,Blog,986,2023-12-12,CAMP_007,45,19216,3685
309,CONT_00309,Newsletter,252,2024-03-26,CAMP_010,38,32452,1520
310,CONT_00310,Newsletter,180,2023-09-12,CAMP_009,12,2533,756
311,CONT_00311,Blog,466,2024-11-05,CAMP_010,25,46667,2508
312,CONT_00312,Video,809,2024-10-22,CAMP_008,49,49504,6009
313,CONT_00313,Newsletter,243,2023-06-12,CAMP_006,25,19384,2771
314,CONT_00314,SocialMedia,44,2024-11-03,CAMP_004,18,10539,99
315,CONT_00315,Newsletter,548,2024-08-25,CAMP_010,44,44842,4454
316,CONT_00316,Newsletter,239,2023-03-18,CAMP_009,44,34434,981
317,CONT_00317,Newsletter,2345,2024-08-29,CAMP_004,39,48268,7136
318,CONT_00318,Video,178,2024-06-25,CAMP_004,34,2920,443
319,CONT_00319,SocialMedia,84,2024-08-19,CAMP_009,47,5127,830
320,CONT_00320,Newsletter,1002,2024-06-03,CAMP_006,45,45983,3089
321,CONT_00321,Newsletter,72,2024-03-07,CAMP_004,41,7434,284
322,CONT_00322,Blog,2677,2024-10-28,CAMP_007,12,39723,5506
323,CONT_00323,Video,3150,2024-09-20,CAMP_005,5,45495,9573
324,CONT_00324,SocialMedia,1092,2024-07-13,CAMP_010,38,11517,2290
325,CONT_00325,Blog,3152,2023-02-01,CAMP_009,5,36441,8478
326,CONT_00326,Blog,22,2023-10-17,CAMP_010,48,737,167
327,CONT_00327,SocialMedia,62,2023-09-08,CAMP_007,33,13891,3328
328,CONT_00328,Blog,2080,2023-10-21,CAMP_005,50,22368,4624
329,CONT_00329,Video,241,2023-07-23,CAMP_003,28,32479,2250
330,CONT_00330,Newsletter,1154,2023-08-18,CAMP_002,46,27807,3530
331,CONT_00331,Blog,420,2023-11-08,CAMP_004,33,33549,948
332,CONT_00332,Video,312,2024-04-25,CAMP_010,32,3557,839
333,CONT_00333,Video,1080,2023-06-30,CAMP_002,36,25128,4249
334,CONT_00334,Blog,43,2024-04-28,CAMP_005,30,2659,117
335,CONT_00335,SocialMedia,1881,2023-04-18,CAMP_002,11,47253,11395
336,CONT_00336,Newsletter,1276,2024-02-01,CAMP_001,14,45834,7271
337,CONT_00337,Blog,78,2023-03-15,CAMP_008,34,14427,925
338,CONT_00338,Blog,88,2023-07-01,CAMP_004,9,49730,327
339,CONT_00339,Newsletter,762,2023-03-23,CAMP_009,21,34964,8970
340,CONT_00340,SocialMedia,119,2023-09-25,CAMP_002,25,14829,249
341,CONT_00341,Video,821,2023-04-02,CAMP_009,37,30222,2793
342,CONT_00342,Blog,109,2023-02-13,CAMP_001,5,23052,1895
343,CONT_00343,Newsletter,673,2023-03-07,CAMP_004,26,12353,3153
344,CONT_00344,SocialMedia,157,2023-03-18,CAMP_004,43,36100,10737
345,CONT_00345,Newsletter,82,2024-10-30,CAMP_009,6,12075,172
346,CONT_00346,Video,1271,2024-02-01,CAMP_002,46,18669,3229
347,CONT_00347,SocialMedia,136,2023-05-27,CAMP_008,11,2849,526
348,CONT_00348,Blog,109,2024-12-13,CAMP_010,36,19003,3035
349,CONT_00349,Blog,478,2023-09-04,CAMP_004,24,13915,2924
350,CONT_00350,Blog,777,2024-03-07,CAMP_003,21,26861,5868
351,CONT_00351,Blog,1557,2023-05-03,CAMP_008,16,38261,4508
352,CONT_00352,Blog,315,2023-12-13,CAMP_002,14,24301,5502
353,CONT_00353,SocialMedia,212,2024-03-29,CAMP_004,4,2421,655
354,CONT_00354,SocialMedia,29,2023-04-06,CAMP_004,22,507,111
355,CONT_00355,Newsletter,586,2023-02-21,CAMP_004,25,16153,1987
356,CONT_00356,SocialMedia,1978,2023-10-12,CAMP_004,15,34413,5979
357,CONT_00357,Blog,12,2023-01-29,CAMP_009,20,33554,368
358,CONT_00358,Blog,2009,2024-01-05,CAMP_001,6,45173,6229
359,CONT_00359,Video,284,2024-02-05,CAMP_006,1,16305,1043
360,CONT_00360,Blog,748,2024-06-07,CAMP_005,25,17255,3082
361,CONT_00361,Video,74,2023-04-19,CAMP_010,2,4343,250
362,CONT_00362,SocialMedia,22,2023-12-23,CAMP_002,39,643,74
363,CONT_00363,Blog,38,2024-05-13,CAMP_006,3,1536,354
364,CONT_00364,Newsletter,340,2024-02-04,CAMP_008,31,8363,2419
365,CONT_00365,Video,202,2024-02-05,CAMP_003,43,18887,3336
366,CONT_00366,SocialMedia,813,2024-09-10,CAMP_007,23,34264,4699
367,CONT_00367,Newsletter,5223,2024-07-25,CAMP_008,11,49224,14310
368,CONT_00368,Blog,45,2024-05-12,CAMP_002,2,729,115
369,CONT_00369,SocialMedia,941,2023-10-19,CAMP_008,25,44646,5610
370,CONT_00370,Video,490,2023-04-28,CAMP_010,29,19601,1218
371,CONT_00371,Video,196,2024-08-17,CAMP_006,23,4722,657
372,CONT_00372,Blog,28,2024-10-05,CAMP_010,2,3837,151
373,CONT_00373,Newsletter,973,2023-07-20,CAMP_006,28,23443,2548
374,CONT_00374,Video,530,2023-07-28,CAMP_007,41,29930,2327
375,CONT_00375,Blog,154,2024-06-17,CAMP_003,17,40490,456
376,CONT_00376,Video,280,2024-12-27,CAMP_007,43,34678,1957
377,CONT_00377,Video,224,2023-01-07,CAMP_008,19,10387,861
378,CONT_00378,Blog,31,2023-06-27,CAMP_006,11,28542,258
379,CONT_00379,Video,1358,2023-03-24,CAMP_004,17,13748,2756
380,CONT_00380,Blog,289,2023-01-29,CAMP_010,23,12720,814
381,CONT_00381,Video,1099,2024-11-26,CAMP_001,7,32729,6111
382,CONT_00382,Newsletter,189,2024-07-16,CAMP_005,36,29934,642
383,CONT_00383,SocialMedia,1266,2023-07-29,CAMP_004,49,29703,3129
384,CONT_00384,Newsletter,30,2024-08-22,CAMP_007,42,7271,157
385,CONT_00385,Video,41,2024-01-27,CAMP_005,25,7649,609
386,CONT_00386,Video,1073,2024-04-19,CAMP_009,23,31925,6210
387,CONT_00387,Newsletter,190,2023-03-01,CAMP_002,42,3628,585
388,CONT_00388,Video,4636,2023-06-08,CAMP_006,30,38090,9558
389,CONT_00389,Blog,1063,2024-03-18,CAMP_002,1,38442,2845
390,CONT_00390,SocialMedia,448,2023-09-14,CAMP_004,34,41698,5537
391,CONT_00391,SocialMedia,21,2023-09-10,CAMP_003,44,22360,1204
392,CONT_00392,Newsletter,559,2023-05-06,CAMP_010,34,37489,1980
393,CONT_00393,Blog,430,2024-09-11,CAMP_001,22,12668,2221
394,CONT_00394,SocialMedia,908,2023-01-16,CAMP_009,15,28881,8061
395,CONT_00395,Blog,86,2023-04-18,CAMP_007,41,35056,4793
396,CONT_00396,Newsletter,592,2024-12-13,CAMP_002,38,26835,4903
397,CONT_00397,Blog,72,2023-04-14,CAMP_010,30,22020,154
398,CONT_00398,Blog,1265,2023-12-23,CAMP_005,2,32287,4854
399,CONT_00399,Newsletter,263,2024-06-06,CAMP_008,28,8125,1317
400,CONT_00400,Newsletter,1016,2023-04-30,CAMP_006,48,42673,5050
401,CONT_00401,Video,2465,2024-04-17,CAMP_010,11,28327,5202
402,CONT_00402,Newsletter,178,2024-05-02,CAMP_004,11,27300,1906
403,CONT_00403,Video,107,2024-11-23,CAMP_010,6,32548,752
404,CONT_00404,Blog,1325,2024-11-30,CAMP_002,17,27074,6315
405,CONT_00405,Blog,31,2024-04-04,CAMP_007,34,20697,1616
406,CONT_00406,SocialMedia,3646,2024-01-29,CAMP_009,6,38333,8356
407,CONT_00407,Newsletter,2963,2024-10-04,CAMP_002,38,23714,6688
408,CONT_00408,Blog,27,2023-07-10,CAMP_004,28,987,90
409,CONT_00409,SocialMedia,1771,2024-04-18,CAMP_004,35,48268,10889
410,CONT_00410,Blog,279,2023-07-17,CAMP_005,5,5431,1126
411,CONT_00411,SocialMedia,2941,2023-05-03,CAMP_007,48,44668,7939
412,CONT_00412,SocialMedia,104,2023-10-21,CAMP_008,25,4784,272
413,CONT_00413,SocialMedia,954,2024-07-05,CAMP_008,49,13933,2141
414,CONT_00414,SocialMedia,153,2023-11-28,CAMP_006,27,20949,1041
415,CONT_00415,Video,35,2024-02-10,CAMP_009,35,13213,313
416,CONT_00416,Video,483,2024-04-29,CAMP_001,1,27010,3346
417,CONT_00417,Video,25,2023-11-02,CAMP_009,43,13236,235
418,CONT_00418,Video,424,2024-01-18,CAMP_007,1,48721,1754
419,CONT_00419,Blog,270,2024-12-01,CAMP_010,3,17840,611
420,CONT_00420,SocialMedia,2941,2023-07-09,CAMP_009,34,26855,6656
421,CONT_00421,SocialMedia,547,2024-12-10,CAMP_007,3,31124,3412
422,CONT_00422,Newsletter,170,2023-09-26,CAMP_010,13,28938,3353
423,CONT_00423,Blog,942,2023-05-17,CAMP_003,38,12950,1899
424,CONT_00424,SocialMedia,31,2023-01-07,CAMP_004,1,953,128
425,CONT_00425,SocialMedia,112,2023-10-21,CAMP_008,27,7836,381
426,CONT_00426,Video,819,2024-07-28,CAMP_007,36,48036,7869
427,CONT_00427,Blog,1339,2023-05-15,CAMP_003,41,15826,3941
428,CONT_00428,Newsletter,581,2023-03-18,CAMP_006,23,37095,1741
429,CONT_00429,SocialMedia,714,2024-05-30,CAMP_009,16,12650,1545
430,CONT_00430,Blog,111,2024-05-13,CAMP_002,27,6291,459
431,CONT_00431,Blog,1283,2023-03-16,CAMP_008,49,16513,4175
432,CONT_00432,Newsletter,1019,2023-11-14,CAMP_010,1,10627,2142
433,CONT_00433,Newsletter,2065,2024-06-27,CAMP_009,5,45780,11284
434,CONT_00434,Blog,32,2024-03-03,CAMP_008,35,2484,304
435,CONT_00435,Blog,919,2024-09-16,CAMP_004,39,33971,4036
436,CONT_00436,Video,1559,2023-03-01,CAMP_009,10,37680,3708
437,CONT_00437,SocialMedia,799,2023-10-08,CAMP_007,37,42852,8518
438,CONT_00438,Video,857,2024-03-07,CAMP_010,34,21255,2057
439,CONT_00439,SocialMedia,66,2023-06-21,CAMP_005,33,11925,225
440,CONT_00440,Newsletter,358,2024-03-18,CAMP_003,15,45006,1450
441,CONT_00441,Blog,130,2023-03-08,CAMP_010,18,25980,4132
442,CONT_00442,Newsletter,49,2023-06-04,CAMP_009,1,6047,617
443,CONT_00443,Video,29,2024-07-29,CAMP_004,49,7393,699
444,CONT_00444,Newsletter,1269,2024-05-30,CAMP_006,26,36446,7364
445,CONT_00445,SocialMedia,3497,2024-12-20,CAMP_002,31,29904,8971
446,CONT_00446,SocialMedia,480,2024-02-22,CAMP_001,46,9015,1901
447,CONT_00447,Newsletter,689,2024-10-17,CAMP_002,46,12836,2553
448,CONT_00448,SocialMedia,413,2024-03-12,CAMP_006,50,37790,9587
449,CONT_00449,Newsletter,2441,2024-07-15,CAMP_005,42,46246,6814
450,CONT_00450,SocialMedia,2911,2023-09-07,CAMP_004,31,27711,6680
451,CONT_00451,Video,529,2023-10-06,CAMP_006,15,6111,1812
452,CONT_00452,Video,3652,2024-06-21,CAMP_006,37,32066,8175
453,CONT_00453,SocialMedia,1044,2023-08-28,CAMP_007,5,18625,2828
454,CONT_00454,SocialMedia,690,2023-07-14,CAMP_010,25,20950,4484
455,CONT_00455,Blog,674,2023-01-05,CAMP_003,23,18107,2237
456,CONT_00456,Newsletter,40,2024-05-05,CAMP_009,12,4578,368
457,CONT_00457,Video,4487,2023-03-15,CAMP_007,49,39016,9149
458,CONT_00458,Blog,1486,2024-02-25,CAMP_004,49,15845,3639
459,CONT_00459,SocialMedia,42,2023-02-01,CAMP_005,14,667,107
460,CONT_00460,Newsletter,905,2024-09-17,CAMP_009,1,41468,2618
461,CONT_00461,Newsletter,43,2024-02-28,CAMP_002,40,8372,112
462,CONT_00462,Newsletter,74,2023-07-31,CAMP_010,14,701,176
463,CONT_00463,Blog,142,2023-06-20,CAMP_008,24,41294,5030
464,CONT_00464,Video,35,2024-01-18,CAMP_008,24,3305,117
465,CONT_00465,Video,1558,2023-08-06,CAMP_003,36,20244,4321
466,CONT_00466,Blog,4068,2024-11-16,CAMP_001,22,45424,10966
467,CONT_00467,Newsletter,990,2023-08-04,CAMP_009,46,22610,2626
468,CONT_00468,Video,37,2023-01-30,CAMP_007,25,38002,6681
469,CONT_00469,Blog,361,2023-07-18,CAMP_002,29,44674,1145
470,CONT_00470,Newsletter,610,2023-10-26,CAMP_006,25,45910,2745
471,CONT_00471,Newsletter,96,2023-10-28,CAMP_004,15,6490,1095
472,CONT_00472,Newsletter,1886,2023-12-07,CAMP_006,17,30092,5426
473,CONT_00473,Newsletter,790,2023-10-02,CAMP_003,27,25698,4609
474,CONT_00474,Blog,654,2024-10-06,CAMP_005,39,15931,4349
475,CONT_00475,Newsletter,215,2024-07-13,CAMP_002,33,25217,5996
476,CONT_00476,Newsletter,306,2023-10-23,CAMP_002,19,34416,9159
477,CONT_00477,Blog,1088,2024-03-31,CAMP_005,22,15118,2555
478,CONT_00478,Blog,505,2024-07-31,CAMP_004,29,49201,6445
479,CONT_00479,Blog,1253,2023-08-02,CAMP_001,39,10865,2732
480,CONT_00480,Video,177,2023-03-28,CAMP_004,18,5097,1455
481,CONT_00481,Video,30,2024-05-01,CAMP_003,22,29304,550
482,CONT_00482,Newsletter,547,2023-09-13,CAMP_001,25,37004,7998
483,CONT_00483,SocialMedia,1778,2024-06-23,CAMP_004,29,23336,3709
484,CONT_00484,Blog,413,2023-02-23,CAMP_005,7,24767,944
485,CONT_00485,SocialMedia,3919,2024-01-24,CAMP_008,39,30347,7967
486,CONT_00486,Video,5283,2023-07-26,CAMP_003,47,43519,11407
487,CONT_00487,SocialMedia,1973,2023-08-12,CAMP_008,6,39918,6325
488,CONT_00488,Newsletter,1859,2024-08-19,CAMP_002,9,22024,6435
489,CONT_00489,Blog,550,2024-11-17,CAMP_001,11,20536,2790
490,CONT_00490,Video,396,2024-08-25,CAMP_008,26,13828,1182
491,CONT_00491,Video,802,2024-05-13,CAMP_005,50,15936,3233
492,CONT_00492,Newsletter,3211,2024-09-08,CAMP_001,34,40105,9603
493,CONT_00493,Newsletter,332,2023-11-01,CAMP_002,35,15700,4677
494,CONT_00494,SocialMedia,381,2024-09-30,CAMP_005,40,3001,813
495,CONT_00495,Blog,965,2023-10-13,CAMP_003,30,19572,2183
496,CONT_00496,Blog,568,2023-12-18,CAMP_003,31,24243,2508
497,CONT_00497,Newsletter,1044,2024-04-16,CAMP_003,36,39924,5523
498,CONT_00498,Newsletter,172,2023-04-03,CAMP_010,16,4092,984
499,CONT_00499,Blog,39,2023-09-02,CAMP_008,35,25523,6585
500,CONT_00500,SocialMedia,90,2024-02-28,CAMP_009,39,2530,283
501,CONT_00501,Blog,105,2024-07-01,CAMP_008,31,1719,336
502,CONT_00502,Newsletter,1477,2023-01-31,CAMP_002,13,47658,7745
503,CONT_00503,SocialMedia,1430,2023-11-27,CAMP_007,29,39862,10337
504,CONT_00504,Newsletter,1625,2023-09-08,CAMP_002,49,20454,5591
505,CONT_00505,Newsletter,422,2023-07-05,CAMP_007,27,4894,1112
506,CONT_00506,Newsletter,296,2024-02-18,CAMP_004,15,35071,6786
507,CONT_00507,Newsletter,257,2023-01-11,CAMP_004,10,35505,2005
508,CONT_00508,Newsletter,5047,2024-06-12,CAMP_007,20,45381,13472
509,CONT_00509,Blog,760,2023-10-11,CAMP_010,32,26871,3298
510,CONT_00510,Newsletter,413,2023-11-01,CAMP_005,16,20999,1893
511,CONT_00511,Video,1186,2023-04-16,CAMP_003,7,43087,5562
512,CONT_00512,Newsletter,14,2024-12-18,CAMP_003,34,3671,114
513,CONT_00513,SocialMedia,1100,2023-01-10,CAMP_001,44,33771,2729
514,CONT_00514,SocialMedia,799,2023-11-26,CAMP_001,19,23788,2066
515,CONT_00515,Video,2462,2023-02-10,CAMP_001,6,28439,6911
516,CONT_00516,SocialMedia,90,2023-05-17,CAMP_005,1,12830,416
517,CONT_00517,Video,662,2024-04-12,CAMP_006,33,8549,1333
518,CONT_00518,Video,443,2024-06-13,CAMP_007,6,10028,1943
519,CONT_00519,SocialMedia,4684,2023-07-22,CAMP_004,15,48225,13844
520,CONT_00520,SocialMedia,643,2023-01-21,CAMP_002,36,29066,5140
521,CONT_00521,Video,816,2024-01-23,CAMP_002,27,21503,3717
522,CONT_00522,SocialMedia,2991,2023-02-24,CAMP_007,19,47352,12687
523,CONT_00523,Blog,324,2023-03-06,CAMP_008,16,5599,1144
524,CONT_00524,SocialMedia,585,2023-08-06,CAMP_005,41,24656,6819
525,CONT_00525,Newsletter,889,2023-03-07,CAMP_003,43,24224,2355
526,CONT_00526,Blog,1694,2024-04-10,CAMP_003,28,35997,4644
527,CONT_00527,Video,87,2024-06-09,CAMP_010,12,3894,205
528,CONT_00528,Blog,1704,2023-12-08,CAMP_004,22,45041,3493
529,CONT_00529,Video,1770,2023-05-09,CAMP_009,43,22969,5207
530,CONT_00530,Newsletter,41,2024-12-11,CAMP_009,6,42870,88
531,CONT_00531,SocialMedia,1872,2023-12-08,CAMP_002,16,33712,4698
532,CONT_00532,Video,371,2024-05-30,CAMP_006,2,30856,4526
533,CONT_00533,Video,543,2023-02-23,CAMP_006,43,35606,2320
534,CONT_00534,Video,329,2023-05-15,CAMP_001,26,27872,5806
535,CONT_00535,Blog,455,2023-04-09,CAMP_010,47,42749,7107
536,CONT_00536,Video,1319,2024-03-26,CAMP_003,22,30275,3630
537,CONT_00537,SocialMedia,171,2024-07-01,CAMP_005,25,15706,1023
538,CONT_00538,Video,1121,2023-05-11,CAMP_009,2,39555,4150
539,CONT_00539,Video,28,2023-06-18,CAMP_004,7,1605,81
540,CONT_00540,Video,296,2024-05-23,CAMP_004,1,3634,1017
541,CONT_00541,Video,227,2023-02-08,CAMP_004,49,38630,491
542,CONT_00542,Video,391,2024-09-29,CAMP_003,25,41948,3477
543,CONT_00543,SocialMedia,1502,2024-12-27,CAMP_006,46,22180,5631
544,CONT_00544,Video,614,2024-06-01,CAMP_005,39,48002,6318
545,CONT_00545,Newsletter,1822,2024-07-13,CAMP_004,15,23116,6056
546,CONT_00546,SocialMedia,83,2023-01-31,CAMP_010,44,19458,1750
547,CONT_00547,Video,2905,2024-03-31,CAMP_009,29,35856,8317
548,CONT_00548,SocialMedia,97,2024-05-08,CAMP_003,47,35191,297
549,CONT_00549,SocialMedia,34,2024-11-29,CAMP_002,36,34475,3303
550,CONT_00550,Newsletter,4831,2024-11-27,CAMP_009,19,41863,10592
551,CONT_00551,Newsletter,155,2024-04-06,CAMP_005,22,42117,11384
552,CONT_00552,Newsletter,1554,2024-10-17,CAMP_008,1,21431,5611
553,CONT_00553,SocialMedia,557,2024-10-16,CAMP_009,29,29827,1678
554,CONT_00554,Video,213,2024-08-16,CAMP_009,3,22009,487
555,CONT_00555,SocialMedia,529,2023-02-16,CAMP_005,26,22874,5481
556,CONT_00556,Blog,604,2023-01-22,CAMP_007,17,19343,1755
557,CONT_00557,Video,1267,2023-06-21,CAMP_001,10,32935,3165
558,CONT_00558,Video,36,2024-11-29,CAMP_008,16,17237,2252
559,CONT_00559,Blog,10,2023-05-04,CAMP_002,12,5789,1158
560,CONT_00560,Blog,1873,2023-07-04,CAMP_010,44,26554,4050
561,CONT_00561,Blog,2079,2023-05-09,CAMP_007,6,41026,10375
562,CONT_00562,Newsletter,1990,2023-03-09,CAMP_001,32,28044,4548
563,CONT_00563,SocialMedia,1731,2024-01-11,CAMP_003,45,29530,5647
564,CONT_00564,Blog,15,2024-10-29,CAMP_001,5,7472,839
565,CONT_00565,Newsletter,375,2023-04-03,CAMP_006,11,34899,3674
566,CONT_00566,Blog,294,2024-01-28,CAMP_007,46,32762,4886
567,CONT_00567,Video,203,2023-01-25,CAMP_005,10,2969,613
568,CONT_00568,SocialMedia,444,2023-05-14,CAMP_005,25,32660,2348
569,CONT_00569,Video,49,2024-01-25,CAMP_001,26,31576,1945
570,CONT_00570,Blog,1016,2024-04-09,CAMP_009,35,42698,3931
571,CONT_00571,SocialMedia,251,2023-02-10,CAMP_001,30,8511,2275
572,CONT_00572,SocialMedia,141,2024-04-27,CAMP_010,35,2166,565
573,CONT_00573,Blog,477,2023-03-04,CAMP_006,50,43445,1606
574,CONT_00574,Newsletter,3520,2023-12-05,CAMP_009,41,42293,11158
575,CONT_00575,Video,1223,2023-01-22,CAMP_004,47,24398,3735
576,CONT_00576,SocialMedia,2603,2024-08-26,CAMP_005,50,30723,5296
577,CONT_00577,Newsletter,31,2024-08-20,CAMP_010,46,5947,1756
578,CONT_00578,SocialMedia,2323,2024-07-06,CAMP_007,21,32159,8721
579,CONT_00579,SocialMedia,12,2023-10-23,CAMP_006,14,3316,600
580,CONT_00580,SocialMedia,43,2024-09-18,CAMP_009,12,14395,253
581,CONT_00581,Blog,10,2023-06-07,CAMP_007,50,2615,52
582,CONT_00582,Newsletter,721,2023-07-27,CAMP_010,28,17663,3709
583,CONT_00583,Video,117,2024-06-25,CAMP_003,22,6356,919
584,CONT_00584,Blog,424,2023-02-23,CAMP_004,23,9744,2649
585,CONT_00585,SocialMedia,240,2024-12-02,CAMP_004,2,11987,1640
586,CONT_00586,Blog,63,2024-07-02,CAMP_009,46,49565,4280
587,CONT_00587,Newsletter,31,2024-01-12,CAMP_009,2,5682,269
588,CONT_00588,Video,213,2023-11-23,CAMP_008,31,15682,542
589,CONT_00589,SocialMedia,119,2024-12-20,CAMP_007,34,9251,1873
590,CONT_00590,Blog,685,2024-04-09,CAMP_007,28,35286,1602
591,CONT_00591,SocialMedia,95,2023-06-05,CAMP_007,31,8934,399
592,CONT_00592,SocialMedia,84,2023-01-13,CAMP_008,49,30096,1926
593,CONT_00593,Blog,2164,2024-10-22,CAMP_007,18,35504,6774
594,CONT_00594,Newsletter,158,2024-04-29,CAMP_004,23,20628,876
595,CONT_00595,Video,794,2024-10-13,CAMP_008,19,37807,5549
596,CONT_00596,SocialMedia,919,2024-01-24,CAMP_009,38,21308,3813
597,CONT_00597,Newsletter,1403,2024-08-09,CAMP_006,6,49874,3672
598,CONT_00598,Newsletter,67,2023-06-14,CAMP_004,43,25780,328
599,CONT_00599,Newsletter,43,2024-11-23,CAMP_001,40,2474,152
600,CONT_00600,Video,417,2024-10-23,CAMP_002,23,4548,950
601,CONT_00601,Blog,2743,2024-10-08,CAMP_004,10,25402,6017
602,CONT_00602,SocialMedia,1875,2024-05-18,CAMP_003,22,20616,4044
603,CONT_00603,Newsletter,336,2024-10-19,CAMP_010,46,6494,790
604,CONT_00604,Video,481,2024-06-01,CAMP_005,6,41718,3817
605,CONT_00605,Newsletter,4758,2024-11-30,CAMP_001,28,45285,13424
606,CONT_00606,SocialMedia,338,2024-12-13,CAMP_007,26,33848,1476
607,CONT_00607,Blog,78,2023-03-01,CAMP_006,6,13149,159
608,CONT_00608,SocialMedia,219,2024-02-22,CAMP_004,21,13609,1172
609,CONT_00609,Newsletter,4095,2024-03-29,CAMP_010,41,45876,8607
610,CONT_00610,SocialMedia,276,2023-04-07,CAMP_007,30,10000,1257
611,CONT_00611,Newsletter,3062,2023-10-25,CAMP_004,2,35678,8090
612,CONT_00612,Newsletter,215,2023-05-24,CAMP_007,34,20253,1118
613,CONT_00613,SocialMedia,109,2024-09-10,CAMP_003,38,34742,7963
614,CONT_00614,Video,1157,2024-12-27,CAMP_010,3,44541,2815
615,CONT_00615,Video,783,2023-05-24,CAMP_008,31,34985,2579
616,CONT_00616,SocialMedia,543,2023-04-09,CAMP_003,43,12771,1432
617,CONT_00617,Newsletter,282,2023-01-08,CAMP_005,7,26873,1876
618,CONT_00618,Newsletter,1080,2024-04-23,CAMP_007,22,49146,4183
619,CONT_00619,SocialMedia,420,2024-09-17,CAMP_007,34,8957,1292
620,CONT_00620,Video,616,2023-07-02,CAMP_002,31,8025,1738
621,CONT_00621,Video,390,2024-12-05,CAMP_003,41,7336,1063
622,CONT_00622,Video,129,2024-12-29,CAMP_006,1,42600,7492
623,CONT_00623,Blog,1372,2024-12-27,CAMP_009,3,29311,4306
624,CONT_00624,Newsletter,1892,2024-06-14,CAMP_005,8,20973,4430
625,CONT_00625,SocialMedia,101,2024-04-12,CAMP_007,3,16865,1024
626,CONT_00626,Newsletter,368,2024-09-13,CAMP_005,35,15892,1659
627,CONT_00627,SocialMedia,381,2023-05-10,CAMP_005,49,8858,1099
628,CONT_00628,Blog,58,2024-01-09,CAMP_004,20,1513,389
629,CONT_00629,Blog,2900,2023-11-15,CAMP_007,7,46386,13644
630,CONT_00630,Video,4750,2024-11-02,CAMP_002,3,42753,12594
631,CONT_00631,Blog,1173,2024-10-18,CAMP_002,41,30808,3693
632,CONT_00632,SocialMedia,1936,2023-11-17,CAMP_009,17,33690,3905
633,CONT_00633,Video,22,2023-05-18,CAMP_008,31,47032,184
634,CONT_00634,Blog,2866,2023-04-18,CAMP_006,25,29495,8075
635,CONT_00635,Video,47,2023-04-09,CAMP_008,19,39924,123
636,CONT_00636,Video,77,2023-01-03,CAMP_004,2,17041,164
637,CONT_00637,SocialMedia,216,2023-09-25,CAMP_002,39,42129,782
638,CONT_00638,Newsletter,144,2023-06-08,CAMP_010,16,49576,4890
639,CONT_00639,Newsletter,435,2024-10-17,CAMP_006,36,21599,1088
640,CONT_00640,Newsletter,53,2023-09-01,CAMP_009,25,34885,283
641,CONT_00641,Video,16,2024-07-21,CAMP_001,24,27635,766
642,CONT_00642,Blog,1057,2023-01-14,CAMP_001,45,8372,2203
643,CONT_00643,SocialMedia,477,2024-07-04,CAMP_003,35,22269,1648
644,CONT_00644,Newsletter,2588,2023-06-14,CAMP_003,4,48745,7898
645,CONT_00645,SocialMedia,79,2023-03-06,CAMP_007,37,5121,175
646,CONT_00646,SocialMedia,785,2024-10-25,CAMP_007,11,13939,3878
647,CONT_00647,Blog,366,2023-03-11,CAMP_010,36,5028,763
648,CONT_00648,Blog,940,2023-05-18,CAMP_010,43,44996,2128
649,CONT_00649,SocialMedia,2535,2023-06-08,CAMP_009,27,46017,9787
650,CONT_00650,SocialMedia,1205,2023-06-21,CAMP_007,13,16078,2559
651,CONT_00651,Newsletter,1336,2023-12-26,CAMP_010,6,18150,5094
652,CONT_00652,Blog,501,2024-01-04,CAMP_006,34,49420,3813
653,CONT_00653,Video,462,2023-09-26,CAMP_007,42,10232,2161
654,CONT_00654,SocialMedia,455,2023-03-25,CAMP_010,2,40410,1646
655,CONT_00655,Video,1507,2023-08-01,CAMP_001,45,36878,8049
656,CONT_00656,SocialMedia,39,2024-11-23,CAMP_010,20,6155,606
657,CONT_00657,Blog,2579,2024-11-05,CAMP_003,42,37613,5419
658,CONT_00658,Blog,795,2023-10-09,CAMP_006,17,39546,8373
659,CONT_00659,Blog,1001,2024-04-29,CAMP_003,33,37359,10142
660,CONT_00660,Video,2205,2024-05-10,CAMP_005,38,34322,4979
661,CONT_00661,Video,99,2024-03-06,CAMP_003,36,3390,640
662,CONT_00662,Newsletter,136,2024-11-03,CAMP_003,2,35893,412
663,CONT_00663,Blog,101,2024-04-12,CAMP_001,6,43885,418
664,CONT_00664,Newsletter,924,2023-11-26,CAMP_003,43,14283,2686
665,CONT_00665,SocialMedia,3070,2024-10-13,CAMP_007,33,46211,12491
666,CONT_00666,Blog,1748,2024-09-06,CAMP_001,1,36363,4449
667,CONT_00667,Blog,921,2023-05-11,CAMP_004,25,43315,9259
668,CONT_00668,SocialMedia,302,2024-05-10,CAMP_001,1,12770,1251
669,CONT_00669,SocialMedia,302,2024-12-10,CAMP_001,26,23106,1001
670,CONT_00670,Newsletter,1113,2024-03-11,CAMP_001,40,20702,5738
671,CONT_00671,Video,3686,2023-06-13,CAMP_005,35,31501,7989
672,CONT_00672,Newsletter,1004,2023-02-25,CAMP_009,14,30520,6379
673,CONT_00673,Video,252,2024-09-24,CAMP_002,44,44367,8841
674,CONT_00674,Blog,3430,2023-09-13,CAMP_005,42,45771,13640
675,CONT_00675,Newsletter,527,2023-01-15,CAMP_005,50,44726,1368
676,CONT_00676,SocialMedia,109,2023-01-16,CAMP_006,50,10591,692
677,CONT_00677,Newsletter,889,2024-03-19,CAMP_009,50,30429,4132
678,CONT_00678,SocialMedia,1419,2024-04-05,CAMP_006,47,31968,6245
679,CONT_00679,Video,1704,2024-07-24,CAMP_006,25,22248,4219
680,CONT_00680,Video,1105,2024-05-27,CAMP_008,34,28431,6349
681,CONT_00681,SocialMedia,1947,2023-04-25,CAMP_004,3,20808,4229
682,CONT_00682,Blog,544,2024-02-19,CAMP_005,22,23005,2936
683,CONT_00683,SocialMedia,2870,2023-05-20,CAMP_010,17,29645,8401
684,CONT_00684,Video,17,2024-12-06,CAMP_005,24,896,123
685,CONT_00685,Blog,878,2023-07-20,CAMP_008,3,49336,6368
686,CONT_00686,Newsletter,443,2023-03-09,CAMP_009,7,22445,5364
687,CONT_00687,Newsletter,912,2024-01-08,CAMP_010,23,13464,2240
688,CONT_00688,Video,304,2024-06-21,CAMP_002,43,11217,779
689,CONT_00689,SocialMedia,601,2023-03-20,CAMP_010,43,42946,2536
690,CONT_00690,Newsletter,92,2024-06-16,CAMP_001,7,30778,1477
691,CONT_00691,Newsletter,803,2024-01-24,CAMP_001,17,30697,4875
692,CONT_00692,Blog,2482,2023-06-08,CAMP_008,7,34563,5486
693,CONT_00693,Video,1936,2023-09-16,CAMP_010,14,27738,4495
694,CONT_00694,Video,2126,2024-06-30,CAMP_010,14,26087,5761
695,CONT_00695,Newsletter,752,2024-12-18,CAMP_009,43,41909,12130
696,CONT_00696,Newsletter,657,2024-06-20,CAMP_001,35,25606,2565
697,CONT_00697,Video,2608,2023-11-22,CAMP_003,47,41021,6837
698,CONT_00698,Blog,24,2023-11-25,CAMP_004,43,29796,644
699,CONT_00699,Blog,104,2023-11-23,CAMP_008,20,28019,375
700,CONT_00700,Blog,2483,2023-12-11,CAMP_010,24,41670,8758
701,CONT_00701,Newsletter,1167,2023-04-07,CAMP_003,27,21536,3116
702,CONT_00702,Blog,1990,2024-04-06,CAMP_004,7,33005,8543
703,CONT_00703,SocialMedia,97,2023-08-30,CAMP_005,21,20622,943
704,CONT_00704,SocialMedia,2124,2023-02-27,CAMP_003,19,24733,5727
705,CONT_00705,Video,114,2024-01-28,CAMP_003,45,33264,1320
706,CONT_00706,Newsletter,220,2023-10-17,CAMP_010,9,14109,2777
707,CONT_00707,Newsletter,88,2023-07-30,CAMP_002,30,32993,946
708,CONT_00708,Video,77,2023-03-18,CAMP_001,25,2682,182
709,CONT_00709,Blog,961,2023-10-31,CAMP_005,14,32258,6404
710,CONT_00710,SocialMedia,21,2024-10-27,CAMP_007,14,27705,83
711,CONT_00711,SocialMedia,161,2024-12-28,CAMP_007,41,26588,2325
712,CONT_00712,SocialMedia,164,2023-06-25,CAMP_006,10,36366,8165
713,CONT_00713,Blog,285,2024-11-25,CAMP_004,23,47820,1494
714,CONT_00714,Blog,1379,2024-01-26,CAMP_009,24,43073,3293
715,CONT_00715,Blog,5409,2023-11-16,CAMP_009,24,49287,13063
716,CONT_00716,SocialMedia,1170,2023-09-09,CAMP_006,19,42017,12357
717,CONT_00717,Newsletter,46,2023-11-24,CAMP_006,16,11540,1100
718,CONT_00718,Blog,67,2024-09-19,CAMP_001,1,5537,287
719,CONT_00719,Video,1117,2024-04-29,CAMP_006,41,35288,9951
720,CONT_00720,SocialMedia,513,2023-02-06,CAMP_006,27,3875,1087
721,CONT_00721,SocialMedia,832,2023-09-03,CAMP_009,24,24485,2980
722,CONT_00722,Blog,543,2023-08-03,CAMP_010,37,10582,2329
723,CONT_00723,Newsletter,2305,2023-02-13,CAMP_001,23,26029,4800
724,CONT_00724,Video,547,2023-01-04,CAMP_008,40,14164,1708
725,CONT_00725,SocialMedia,28,2024-11-20,CAMP_005,1,25948,57
726,CONT_00726,Video,23,2024-04-10,CAMP_006,1,24766,264
727,CONT_00727,Video,671,2024-06-12,CAMP_010,49,26169,2892
728,CONT_00728,Blog,1635,2024-08-27,CAMP_008,48,21673,4431
729,CONT_00729,SocialMedia,196,2023-02-13,CAMP_005,16,11591,1235
730,CONT_00730,Blog,63,2023-02-08,CAMP_007,37,16168,574
731,CONT_00731,Newsletter,400,2023-09-05,CAMP_006,38,7101,1058
732,CONT_00732,Blog,318,2023-05-31,CAMP_001,10,6457,1780
733,CONT_00733,Newsletter,90,2024-07-21,CAMP_007,44,9964,935
734,CONT_00734,Blog,1088,2024-10-13,CAMP_005,22,47408,12689
735,CONT_00735,Video,649,2023-06-24,CAMP_005,16,17621,4921
736,CONT_00736,Blog,124,2023-01-16,CAMP_001,7,45808,2204
737,CONT_00737,SocialMedia,1413,2024-07-11,CAMP_003,17,34999,9939
738,CONT_00738,SocialMedia,4010,2024-08-03,CAMP_002,46,42488,9651
739,CONT_00739,SocialMedia,670,2024-01-25,CAMP_002,41,11103,2524
740,CONT_00740,Newsletter,584,2024-12-14,CAMP_009,18,12545,2460
741,CONT_00741,Newsletter,124,2024-07-04,CAMP_010,30,25131,2391
742,CONT_00742,Newsletter,394,2023-03-12,CAMP_005,1,24283,1815
743,CONT_00743,SocialMedia,315,2023-02-25,CAMP_007,16,30970,701
744,CONT_00744,SocialMedia,981,2023-07-12,CAMP_002,47,8944,2037
745,CONT_00745,Video,873,2023-03-12,CAMP_008,48,47950,2734
746,CONT_00746,SocialMedia,606,2023-11-25,CAMP_010,43,39015,2435
747,CONT_00747,Newsletter,1123,2023-07-06,CAMP_005,13,30311,3252
748,CONT_00748,SocialMedia,1226,2023-06-13,CAMP_003,12,28823,2772
749,CONT_00749,SocialMedia,544,2023-03-26,CAMP_004,33,15120,1662
750,CONT_00750,Video,182,2024-09-07,CAMP_001,25,11204,940
751,CONT_00751,SocialMedia,159,2023-02-13,CAMP_002,18,2296,644
752,CONT_00752,Video,338,2023-07-09,CAMP_010,10,20914,2822
753,CONT_00753,Video,1393,2023-01-27,CAMP_009,43,25919,3677
754,CONT_00754,SocialMedia,80,2023-10-14,CAMP_007,11,15356,2904
755,CONT_00755,SocialMedia,472,2023-12-27,CAMP_004,22,30586,4610
756,CONT_00756,SocialMedia,2092,2024-10-21,CAMP_010,24,34728,7370
757,CONT_00757,Blog,97,2023-09-06,CAMP_001,38,40438,404
758,CONT_00758,Video,2346,2023-12-20,CAMP_001,33,32102,5971
759,CONT_00759,SocialMedia,470,2023-07-06,CAMP_004,1,31760,2165
760,CONT_00760,Blog,296,2024-07-24,CAMP_007,39,37171,6953
761,CONT_00761,Video,1405,2024-04-12,CAMP_005,30,20028,3276
762,CONT_00762,Video,285,2024-07-14,CAMP_004,48,41117,1655
763,CONT_00763,Video,1497,2023-02-12,CAMP_009,41,25457,7172
764,CONT_00764,Newsletter,948,2024-11-07,CAMP_001,48,44053,2333
765,CONT_00765,SocialMedia,660,2024-11-15,CAMP_005,41,9031,1561
766,CONT_00766,Blog,518,2024-01-12,CAMP_006,48,49389,10993
767,CONT_00767,Newsletter,83,2024-03-08,CAMP_007,29,20375,637
768,CONT_00768,Newsletter,211,2024-10-24,CAMP_010,17,33752,478
769,CONT_00769,Blog,1247,2024-05-10,CAMP_001,16,37752,6641
770,CONT_00770,SocialMedia,305,2023-11-29,CAMP_004,46,17974,1446
771,CONT_00771,SocialMedia,470,2023-05-24,CAMP_007,41,21482,2267
772,CONT_00772,Blog,130,2024-12-13,CAMP_004,31,14960,2494
773,CONT_00773,Blog,788,2023-05-03,CAMP_001,39,47113,4416
774,CONT_00774,Blog,1023,2024-10-28,CAMP_001,40,27452,4420
775,CONT_00775,Video,200,2023-06-17,CAMP_006,11,5613,1580
776,CONT_00776,Newsletter,1804,2024-07-16,CAMP_008,4,29612,4665
777,CONT_00777,Newsletter,3133,2023-10-25,CAMP_005,11,41530,10994
778,CONT_00778,Newsletter,129,2024-11-05,CAMP_001,30,15753,353
779,CONT_00779,Blog,47,2023-04-22,CAMP_003,19,48455,1183
780,CONT_00780,Video,60,2024-09-12,CAMP_005,9,1107,240
781,CONT_00781,Blog,1269,2024-08-23,CAMP_001,2,33875,7953
782,CONT_00782,Video,17,2024-03-25,CAMP_003,45,5059,161
783,CONT_00783,SocialMedia,6609,2023-10-28,CAMP_010,12,48470,13811
784,CONT_00784,Blog,43,2024-12-31,CAMP_007,19,39883,3457
785,CONT_00785,Blog,28,2023-03-02,CAMP_008,3,6109,316
786,CONT_00786,Video,24,2023-12-23,CAMP_006,1,14062,664
787,CONT_00787,SocialMedia,4217,2024-04-11,CAMP_009,21,48206,8605
788,CONT_00788,Blog,120,2024-03-31,CAMP_006,42,1510,444
789,CONT_00789,Blog,943,2023-12-20,CAMP_002,22,17859,4329
790,CONT_00790,Newsletter,146,2023-05-15,CAMP_008,31,23514,1036
791,CONT_00791,Blog,127,2024-07-06,CAMP_007,8,4762,751
792,CONT_00792,Blog,50,2024-12-27,CAMP_007,12,8506,531
793,CONT_00793,Newsletter,779,2024-01-14,CAMP_010,13,17280,1752
794,CONT_00794,Video,341,2024-03-07,CAMP_006,1,26248,910
795,CONT_00795,Video,660,2023-12-23,CAMP_004,8,33196,3110
796,CONT_00796,Blog,201,2023-05-30,CAMP_001,29,33219,1268
797,CONT_00797,SocialMedia,166,2023-11-25,CAMP_003,20,2586,608
798,CONT_00798,Blog,229,2024-11-21,CAMP_010,9,29136,614
799,CONT_00799,Video,427,2023-02-09,CAMP_002,44,15588,1973
800,CONT_00800,Blog,5032,2024-08-11,CAMP_004,5,38662,10779
801,CONT_00801,Blog,2212,2023-03-02,CAMP_001,39,46714,13768
802,CONT_00802,Blog,5124,2024-04-07,CAMP_002,38,47610,14163
803,CONT_00803,SocialMedia,1067,2024-06-17,CAMP_008,20,42632,3076
804,CONT_00804,Blog,624,2023-12-31,CAMP_005,41,39242,4258
805,CONT_00805,SocialMedia,48,2024-02-19,CAMP_007,17,22177,410
806,CONT_00806,SocialMedia,2571,2024-09-01,CAMP_007,28,35400,7152
807,CONT_00807,Video,31,2023-03-13,CAMP_003,37,5940,126
808,CONT_00808,SocialMedia,565,2023-07-13,CAMP_001,48,31192,2481
809,CONT_00809,Newsletter,1923,2024-11-10,CAMP_007,30,33116,8514
810,CONT_00810,Newsletter,10,2024-06-06,CAMP_003,17,1258,302
811,CONT_00811,Blog,180,2024-12-12,CAMP_004,13,15120,2986
812,CONT_00812,Blog,122,2024-07-29,CAMP_003,43,30279,2973
813,CONT_00813,SocialMedia,208,2024-10-20,CAMP_003,2,25753,737
814,CONT_00814,Blog,676,2023-04-30,CAMP_003,25,10397,2465
815,CONT_00815,Newsletter,3438,2024-08-23,CAMP_007,50,45194,9261
816,CONT_00816,Blog,79,2023-01-02,CAMP_004,40,1804,333
817,CONT_00817,Blog,1351,2024-11-18,CAMP_008,26,12331,2746
818,CONT_00818,Newsletter,145,2024-03-03,CAMP_004,14,27500,388
819,CONT_00819,SocialMedia,2848,2023-02-15,CAMP_007,26,39528,10669
820,CONT_00820,Newsletter,45,2023-12-15,CAMP_006,2,32824,7065
821,CONT_00821,Blog,183,2024-09-15,CAMP_001,36,22766,448
822,CONT_00822,SocialMedia,1540,2024-01-05,CAMP_001,45,41508,10239
823,CONT_00823,Blog,1775,2023-10-30,CAMP_005,5,24798,7350
824,CONT_00824,Video,226,2024-03-03,CAMP_002,26,8810,1120
825,CONT_00825,Blog,1231,2024-10-12,CAMP_010,40,46320,3000
826,CONT_00826,Blog,130,2024-10-07,CAMP_009,8,6543,1240
827,CONT_00827,Video,855,2024-05-20,CAMP_009,17,35666,3498
828,CONT_00828,Blog,236,2023-10-13,CAMP_010,45,6639,971
829,CONT_00829,Blog,1807,2023-12-07,CAMP_006,2,31841,7184
830,CONT_00830,Blog,2638,2023-07-23,CAMP_002,22,32855,5604
831,CONT_00831,Newsletter,373,2024-09-27,CAMP_006,4,44069,2217
832,CONT_00832,SocialMedia,60,2024-08-20,CAMP_001,14,26299,343
833,CONT_00833,Newsletter,1820,2024-01-04,CAMP_007,31,36886,7084
834,CONT_00834,Video,171,2023-09-12,CAMP_005,43,21798,664
835,CONT_00835,Newsletter,1026,2023-01-02,CAMP_009,7,39720,2288
836,CONT_00836,SocialMedia,376,2023-01-27,CAMP_004,32,36262,783
837,CONT_00837,Blog,17,2024-10-11,CAMP_003,1,8080,62
838,CONT_00838,SocialMedia,403,2024-02-19,CAMP_001,39,17348,843
839,CONT_00839,Blog,1452,2024-06-16,CAMP_009,23,23273,4056
840,CONT_00840,Blog,298,2023-01-19,CAMP_008,26,26621,741
841,CONT_00841,Video,153,2023-08-17,CAMP_010,19,39770,836
842,CONT_00842,Newsletter,266,2024-12-07,CAMP_003,30,28953,2365
843,CONT_00843,Newsletter,31,2023-10-03,CAMP_001,11,7358,126
844,CONT_00844,Newsletter,629,2024-02-27,CAMP_006,47,12301,2193
845,CONT_00845,Video,553,2024-08-24,CAMP_006,25,6465,1498
846,CONT_00846,Newsletter,1789,2023-07-16,CAMP_010,29,41444,9489
847,CONT_00847,Video,53,2023-06-30,CAMP_004,35,40246,1088
848,CONT_00848,Video,337,2023-11-08,CAMP_005,17,27410,740
849,CONT_00849,SocialMedia,484,2024-01-22,CAMP_001,40,15218,3664
850,CONT_00850,Blog,922,2024-04-24,CAMP_010,20,29228,5611
851,CONT_00851,Newsletter,280,2023-08-12,CAMP_005,12,14660,907
852,CONT_00852,Blog,689,2024-10-19,CAMP_008,35,19211,4913
853,CONT_00853,Video,419,2024-11-05,CAMP_002,21,13781,1259
854,CONT_00854,Blog,203,2024-03-12,CAMP_008,26,10962,506
855,CONT_00855,Blog,191,2023-04-01,CAMP_001,25,40380,6749
856,CONT_00856,Newsletter,2066,2024-11-24,CAMP_003,46,33639,7353
857,CONT_00857,Video,1736,2024-01-05,CAMP_009,9,24716,6992
858,CONT_00858,SocialMedia,95,2024-10-05,CAMP_005,47,22103,2102
859,CONT_00859,Video,69,2024-08-11,CAMP_009,26,1664,402
860,CONT_00860,SocialMedia,529,2024-01-22,CAMP_007,39,13508,3107
861,CONT_00861,Blog,1097,2024-02-05,CAMP_001,9,17374,2460
862,CONT_00862,Newsletter,713,2024-07-23,CAMP_004,5,15254,1551
863,CONT_00863,Video,40,2023-01-18,CAMP_008,39,13699,140
864,CONT_00864,Blog,2168,2024-12-13,CAMP_008,34,19602,5829
865,CONT_00865,Newsletter,41,2024-06-11,CAMP_004,16,5461,785
866,CONT_00866,Video,165,2024-06-24,CAMP_003,39,5116,417
867,CONT_00867,Video,530,2023-08-02,CAMP_004,50,49886,1474
868,CONT_00868,Newsletter,513,2024-12-26,CAMP_005,10,7581,1296
869,CONT_00869,Video,548,2023-05-17,CAMP_001,13,20718,1871
870,CONT_00870,Video,66,2024-06-04,CAMP_007,29,4403,163
871,CONT_00871,Newsletter,11,2023-11-25,CAMP_004,48,22392,54
872,CONT_00872,Video,3153,2024-12-31,CAMP_001,42,42248,10409
873,CONT_00873,SocialMedia,454,2024-02-03,CAMP_002,18,30144,3473
874,CONT_00874,SocialMedia,356,2023-12-31,CAMP_002,28,31417,4651
875,CONT_00875,SocialMedia,861,2024-12-26,CAMP_002,42,21208,3627
876,CONT_00876,Video,551,2024-10-30,CAMP_004,27,45752,2610
877,CONT_00877,Video,280,2023-06-15,CAMP_008,44,5427,958
878,CONT_00878,Video,133,2024-02-01,CAMP_002,17,31568,3375
879,CONT_00879,Newsletter,362,2024-09-01,CAMP_007,20,32783,4226
880,CONT_00880,Blog,85,2023-06-08,CAMP_006,27,4444,175
881,CONT_00881,SocialMedia,2469,2024-11-01,CAMP_007,9,44858,5457
882,CONT_00882,Newsletter,3891,2024-05-04,CAMP_008,25,41517,9173
883,CONT_00883,Video,162,2024-04-27,CAMP_002,19,9286,969
884,CONT_00884,Video,289,2024-11-05,CAMP_001,50,13165,1900
885,CONT_00885,SocialMedia,848,2023-12-31,CAMP_007,22,11207,1762
886,CONT_00886,SocialMedia,1970,2024-01-06,CAMP_007,12,44253,6217
887,CONT_00887,Newsletter,1390,2023-09-22,CAMP_001,15,17003,2843
888,CONT_00888,Video,2031,2024-09-11,CAMP_008,24,33934,9428
889,CONT_00889,Video,1232,2024-10-05,CAMP_003,12,26669,5429
890,CONT_00890,Blog,78,2023-12-06,CAMP_005,17,17670,3638
891,CONT_00891,Newsletter,832,2024-09-16,CAMP_001,5,23965,4181
892,CONT_00892,Newsletter,1356,2024-04-01,CAMP_001,18,45800,9989
893,CONT_00893,SocialMedia,611,2024-06-15,CAMP_008,5,22202,5970
894,CONT_00894,Video,565,2024-10-29,CAMP_005,15,34428,3873
895,CONT_00895,Blog,3828,2023-09-03,CAMP_009,21,38707,10206
896,CONT_00896,Video,584,2023-03-04,CAMP_003,40,12082,3339
897,CONT_00897,Video,48,2024-12-16,CAMP_007,33,35602,171
898,CONT_00898,Newsletter,4580,2024-10-13,CAMP_010,3,41645,10209
899,CONT_00899,Newsletter,509,2023-06-19,CAMP_005,29,17207,1476
900,CONT_00900,Newsletter,1136,2024-04-12,CAMP_004,31,23500,3698
901,CONT_00901,Blog,423,2023-06-10,CAMP_002,48,27149,1054
902,CONT_00902,Newsletter,250,2024-06-24,CAMP_008,13,31545,1455
903,CONT_00903,Blog,1775,2023-03-19,CAMP_010,45,46289,10532
904,CONT_00904,Blog,444,2023-06-23,CAMP_005,48,27723,2020
905,CONT_00905,Newsletter,3545,2024-05-06,CAMP_007,12,36252,8614
906,CONT_00906,Blog,485,2024-08-06,CAMP_003,9,12306,1328
907,CONT_00907,Video,3480,2024-03-26,CAMP_001,44,43246,9094
908,CONT_00908,Newsletter,663,2023-10-02,CAMP_009,43,29540,1557
909,CONT_00909,Video,477,2024-07-03,CAMP_006,45,9736,1417
910,CONT_00910,SocialMedia,621,2024-05-29,CAMP_001,2,21173,1289
911,CONT_00911,SocialMedia,208,2024-03-28,CAMP_004,17,5099,506
912,CONT_00912,Video,1714,2023-04-09,CAMP_002,23,19240,3968
913,CONT_00913,Video,380,2023-03-09,CAMP_009,8,12669,3562
914,CONT_00914,Video,628,2023-01-02,CAMP_008,2,6534,1651
915,CONT_00915,Newsletter,2743,2024-09-12,CAMP_004,8,43305,7053
916,CONT_00916,SocialMedia,3547,2023-11-01,CAMP_006,16,26137,7437
917,CONT_00917,SocialMedia,367,2023-11-27,CAMP_001,15,19897,1371
918,CONT_00918,Video,5944,2023-06-29,CAMP_002,3,46005,12136
919,CONT_00919,Blog,1662,2024-04-06,CAMP_006,50,20154,5768
920,CONT_00920,Blog,4968,2024-01-02,CAMP_010,49,39085,11003
921,CONT_00921,Newsletter,369,2024-05-06,CAMP_001,24,15735,830
922,CONT_00922,Newsletter,767,2024-07-19,CAMP_004,12,48049,2113
923,CONT_00923,Blog,347,2023-11-10,CAMP_006,25,17916,1822
924,CONT_00924,SocialMedia,1897,2024-03-23,CAMP_009,28,31356,8410
925,CONT_00925,SocialMedia,1287,2023-11-13,CAMP_010,33,20180,5530
926,CONT_00926,Blog,804,2023-05-16,CAMP_007,29,26963,7675
927,CONT_00927,SocialMedia,106,2024-12-27,CAMP_001,18,42034,494
928,CONT_00928,SocialMedia,611,2024-09-22,CAMP_010,9,38547,4875
929,CONT_00929,Blog,467,2023-09-26,CAMP_004,42,11963,1140
930,CONT_00930,Video,3969,2024-07-08,CAMP_003,4,39956,10924
931,CONT_00931,SocialMedia,58,2023-05-22,CAMP_001,14,9307,536
932,CONT_00932,SocialMedia,1582,2024-08-24,CAMP_010,3,40817,8328
933,CONT_00933,Blog,49,2023-12-24,CAMP_005,32,669,144
934,CONT_00934,Newsletter,407,2024-06-09,CAMP_001,16,37122,1047
935,CONT_00935,Blog,20,2024-11-29,CAMP_005,27,2518,56
936,CONT_00936,Blog,1653,2023-05-02,CAMP_005,14,46423,12645
937,CONT_00937,SocialMedia,546,2023-07-20,CAMP_003,7,23943,4093
938,CONT_00938,Blog,690,2024-09-26,CAMP_010,9,23046,2229
939,CONT_00939,Blog,620,2024-01-24,CAMP_010,43,31562,1815
940,CONT_00940,Blog,204,2023-10-27,CAMP_002,32,4855,531
941,CONT_00941,Newsletter,1065,2023-01-19,CAMP_006,37,46333,9372
942,CONT_00942,Video,61,2024-08-06,CAMP_001,5,13868,3309
943,CONT_00943,Newsletter,15,2023-12-15,CAMP_004,48,1390,104
944,CONT_00944,Newsletter,440,2024-09-15,CAMP_005,24,25731,2441
945,CONT_00945,SocialMedia,860,2023-05-10,CAMP_001,1,40330,8125
946,CONT_00946,Newsletter,211,2023-12-09,CAMP_004,41,8137,1572
947,CONT_00947,Blog,1589,2023-12-19,CAMP_007,48,12235,3303
948,CONT_00948,SocialMedia,4489,2024-07-29,CAMP_009,2,44878,9234
949,CONT_00949,Video,145,2024-02-26,CAMP_005,36,32970,757
950,CONT_00950,Video,424,2024-08-06,CAMP_004,11,6874,1449
951,CONT_00951,Video,2625,2024-04-06,CAMP_005,7,22323,6315
952,CONT_00952,Blog,766,2023-07-23,CAMP_010,7,37576,3406
953,CONT_00953,Blog,4754,2023-03-17,CAMP_007,50,42701,12765
954,CONT_00954,Newsletter,169,2024-11-25,CAMP_006,10,45537,485
955,CONT_00955,Blog,2075,2024-01-23,CAMP_009,46,22275,5591
956,CONT_00956,Blog,543,2023-05-28,CAMP_010,1,12895,2532
957,CONT_00957,Blog,1180,2023-12-01,CAMP_009,41,34236,8751
958,CONT_00958,Video,1124,2023-02-16,CAMP_004,31,13600,2543
959,CONT_00959,Blog,1549,2023-03-26,CAMP_003,4,31399,3427
960,CONT_00960,Video,2331,2024-10-19,CAMP_005,34,36870,6759
961,CONT_00961,Video,139,2024-06-16,CAMP_008,36,4533,985
962,CONT_00962,Blog,102,2024-08-29,CAMP_006,45,17299,233
963,CONT_00963,Blog,17,2023-03-15,CAMP_009,7,1434,213
964,CONT_00964,SocialMedia,317,2024-05-21,CAMP_001,1,46996,6378
965,CONT_00965,Blog,1256,2024-11-03,CAMP_002,47,34231,5912
966,CONT_00966,SocialMedia,434,2023-01-09,CAMP_010,19,44110,4159
967,CONT_00967,Video,798,2023-05-30,CAMP_006,24,21919,2089
968,CONT_00968,Newsletter,89,2024-11-10,CAMP_010,35,18124,878
969,CONT_00969,Newsletter,179,2023-05-13,CAMP_002,22,4337,440
970,CONT_00970,SocialMedia,893,2023-04-23,CAMP_002,7,7569,2082
971,CONT_00971,Video,266,2024-12-21,CAMP_001,39,15847,1340
972,CONT_00972,Newsletter,842,2023-03-20,CAMP_003,8,9381,1734
973,CONT_00973,Newsletter,2124,2023-04-01,CAMP_001,1,27561,4941
974,CONT_00974,Blog,459,2024-12-13,CAMP_001,8,47004,3442
975,CONT_00975,Newsletter,765,2024-10-02,CAMP_007,42,25504,2812
976,CONT_00976,Newsletter,290,2024-10-24,CAMP_004,25,12739,956
977,CONT_00977,Video,586,2024-02-07,CAMP_003,12,16284,2567
978,CONT_00978,Blog,238,2023-11-18,CAMP_004,33,17790,4987
979,CONT_00979,Blog,40,2024-09-21,CAMP_005,11,40721,6066
980,CONT_00980,Blog,322,2023-12-06,CAMP_008,32,15667,3304
981,CONT_00981,SocialMedia,4027,2023-07-09,CAMP_008,19,46384,8273
982,CONT_00982,Blog,335,2023-12-25,CAMP_008,37,24924,4825
983,CONT_00983,Blog,292,2023-11-16,CAMP_010,23,22530,796
984,CONT_00984,Video,1020,2024-10-03,CAMP_006,9,28298,4244
985,CONT_00985,SocialMedia,166,2023-05-25,CAMP_005,50,13492,575
986,CONT_00986,Newsletter,1170,2024-07-01,CAMP_001,43,44408,2861
987,CONT_00987,SocialMedia,165,2024-10-20,CAMP_008,12,10652,2578
988,CONT_00988,Newsletter,279,2023-05-30,CAMP_001,20,7470,1049
989,CONT_00989,Video,260,2023-04-20,CAMP_005,24,34296,1872
990,CONT_00990,Newsletter,72,2023-08-12,CAMP_001,9,24936,1910
991,CONT_00991,Video,11,2023-04-29,CAMP_002,14,14892,178
992,CONT_00992,Blog,388,2023-03-27,CAMP_005,16,20315,2568
993,CONT_00993,Newsletter,227,2024-01-16,CAMP_006,43,33410,505
994,CONT_00994,SocialMedia,106,2024-11-07,CAMP_003,28,31853,7820
995,CONT_00995,Blog,1646,2024-09-29,CAMP_008,40,37420,7691
996,CONT_00996,Newsletter,1385,2024-08-28,CAMP_007,42,23538,3350
997,CONT_00997,Video,41,2024-04-03,CAMP_007,19,14373,2898
998,CONT_00998,Newsletter,2904,2024-02-17,CAMP_004,14,46413,7377
999,CONT_00999,Newsletter,38,2023-04-19,CAMP_010,19,3125,503
1000,CONT_01000,Newsletter,2927,2024-10-12,CAMP_003,9,43633,12844
1001,CONT_01001,Blog,844,2023-01-09,CAMP_005,10,9939,2030
1002,CONT_01002,SocialMedia,925,2023-08-30,CAMP_003,14,24704,4718
1003,CONT_01003,Blog,124,2024-02-21,CAMP_002,28,15723,1788
1004,CONT_01004,Newsletter,3873,2023-11-11,CAMP_005,27,41227,10936
1005,CONT_01005,Newsletter,164,2024-06-23,CAMP_010,22,8002,508
1006,CONT_01006,Blog,515,2024-07-12,CAMP_008,9,8213,1565
1007,CONT_01007,SocialMedia,250,2023-11-26,CAMP_006,34,13427,2076
1008,CONT_01008,Newsletter,276,2023-08-04,CAMP_007,12,26867,2519
1009,CONT_01009,Video,2349,2024-12-29,CAMP_007,48,33889,8860
1010,CONT_01010,SocialMedia,1334,2024-07-18,CAMP_008,23,18925,3832
1011,CONT_01011,Blog,175,2024-12-11,CAMP_008,41,2011,415
1012,CONT_01012,Blog,2124,2024-10-09,CAMP_005,18,33118,8710
1013,CONT_01013,Blog,3390,2023-09-24,CAMP_009,39,48557,8034
1014,CONT_01014,Video,462,2024-09-14,CAMP_004,26,20609,1942
1015,CONT_01015,Newsletter,168,2024-07-05,CAMP_007,48,3918,636
1016,CONT_01016,Newsletter,632,2024-02-21,CAMP_002,34,35795,8635
1017,CONT_01017,SocialMedia,2650,2023-08-14,CAMP_005,29,47479,7267
1018,CONT_01018,Newsletter,2131,2023-10-26,CAMP_006,45,27869,7228
1019,CONT_01019,SocialMedia,667,2024-10-11,CAMP_002,41,15904,2035
1020,CONT_01020,Blog,1176,2023-05-04,CAMP_004,22,32973,5409
1021,CONT_01021,Video,1417,2024-11-08,CAMP_008,39,41979,5815
1022,CONT_01022,Newsletter,163,2023-03-04,CAMP_008,29,2459,521
1023,CONT_01023,Blog,3067,2023-12-12,CAMP_004,2,41847,10534
1024,CONT_01024,Blog,208,2023-09-26,CAMP_002,10,13334,475
1025,CONT_01025,Newsletter,728,2023-04-22,CAMP_003,37,23532,4864
1026,CONT_01026,Video,539,2023-02-23,CAMP_006,24,45762,2133
1027,CONT_01027,Video,678,2023-04-18,CAMP_008,31,41556,2713
1028,CONT_01028,Video,666,2023-06-09,CAMP_007,20,23779,3581
1029,CONT_01029,SocialMedia,894,2024-03-24,CAMP_005,10,49576,4468
1030,CONT_01030,SocialMedia,26,2023-02-22,CAMP_005,5,2051,239
1031,CONT_01031,Blog,181,2024-04-13,CAMP_003,25,37910,6698
1032,CONT_01032,Video,102,2023-10-13,CAMP_009,30,4543,268
1033,CONT_01033,Newsletter,484,2024-03-25,CAMP_003,24,27448,3747
1034,CONT_01034,Blog,130,2024-08-09,CAMP_006,25,16138,1367
1035,CONT_01035,SocialMedia,385,2023-01-02,CAMP_007,47,4380,816
1036,CONT_01036,Video,2583,2023-04-27,CAMP_006,35,37745,6411
1037,CONT_01037,Video,232,2024-02-11,CAMP_005,38,23518,1087
1038,CONT_01038,Video,214,2023-02-04,CAMP_003,3,49173,496
1039,CONT_01039,Newsletter,162,2023-03-01,CAMP_007,10,49438,608
1040,CONT_01040,SocialMedia,381,2023-05-03,CAMP_008,21,6830,1763
1041,CONT_01041,Blog,1190,2024-02-22,CAMP_001,22,31483,2979
1042,CONT_01042,Newsletter,118,2023-10-04,CAMP_003,12,5783,604
1043,CONT_01043,Blog,156,2023-08-11,CAMP_002,44,3558,973
1044,CONT_01044,Blog,349,2023-05-27,CAMP_009,30,30477,2808
1045,CONT_01045,Video,2085,2024-08-03,CAMP_004,47,39654,5497
1046,CONT_01046,Newsletter,563,2024-02-12,CAMP_001,6,19705,1396
1047,CONT_01047,Newsletter,3869,2024-11-14,CAMP_009,29,45782,10554
1048,CONT_01048,SocialMedia,70,2023-04-17,CAMP_002,14,34312,989
1049,CONT_01049,Blog,1198,2023-06-04,CAMP_004,34,11780,2864
1050,CONT_01050,SocialMedia,117,2024-04-21,CAMP_008,22,11274,655
1051,CONT_01051,Blog,213,2024-10-30,CAMP_004,41,34859,541
1052,CONT_01052,SocialMedia,3279,2024-07-16,CAMP_005,27,36561,10035
1053,CONT_01053,Blog,224,2023-04-18,CAMP_007,47,7685,743
1054,CONT_01054,Video,488,2024-08-22,CAMP_004,13,20881,1113
1055,CONT_01055,Newsletter,400,2023-03-21,CAMP_007,40,8414,1269
1056,CONT_01056,Blog,308,2023-02-21,CAMP_003,40,44369,6276
1057,CONT_01057,Newsletter,3014,2023-09-27,CAMP_005,6,42999,10686
1058,CONT_01058,Blog,511,2024-04-21,CAMP_001,11,17879,1675
1059,CONT_01059,Newsletter,12,2023-07-30,CAMP_006,27,2654,388
1060,CONT_01060,SocialMedia,1552,2023-10-08,CAMP_007,43,30063,3111
1061,CONT_01061,Video,28,2024-07-04,CAMP_006,6,26532,128
1062,CONT_01062,Blog,91,2024-02-07,CAMP_004,12,2555,464
1063,CONT_01063,SocialMedia,128,2023-03-20,CAMP_008,33,32299,1217
1064,CONT_01064,Video,711,2024-11-28,CAMP_008,12,23282,4987
1065,CONT_01065,Blog,159,2023-05-14,CAMP_010,10,19582,1193
1066,CONT_01066,Video,292,2024-03-29,CAMP_006,31,17358,629
1067,CONT_01067,Newsletter,1401,2024-05-11,CAMP_003,11,27056,3116
1068,CONT_01068,Video,2143,2024-06-16,CAMP_004,28,24357,6936
1069,CONT_01069,Newsletter,1781,2023-08-29,CAMP_005,4,38858,9218
1070,CONT_01070,SocialMedia,533,2023-08-12,CAMP_007,41,13247,1982
1071,CONT_01071,Blog,1505,2024-02-03,CAMP_007,34,42083,9492
1072,CONT_01072,Newsletter,148,2023-01-23,CAMP_008,38,34425,436
1073,CONT_01073,Video,16,2023-02-20,CAMP_003,10,16135,466
1074,CONT_01074,Newsletter,61,2024-12-09,CAMP_007,43,1386,365
1075,CONT_01075,Blog,29,2024-07-27,CAMP_001,16,875,208
1076,CONT_01076,SocialMedia,82,2024-11-29,CAMP_002,14,6201,592
1077,CONT_01077,Newsletter,476,2024-08-15,CAMP_003,41,12070,2093
1078,CONT_01078,SocialMedia,4133,2024-09-29,CAMP_005,37,47934,11574
1079,CONT_01079,Video,3046,2023-05-09,CAMP_010,16,33185,6875
1080,CONT_01080,SocialMedia,4194,2023-08-08,CAMP_003,49,48404,9456
1081,CONT_01081,Video,1064,2023-03-29,CAMP_010,23,31389,2898
1082,CONT_01082,Blog,318,2024-11-11,CAMP_009,2,44217,6873
1083,CONT_01083,Blog,279,2023-01-20,CAMP_010,14,37285,1072
1084,CONT_01084,SocialMedia,160,2023-10-03,CAMP_005,22,12099,1842
1085,CONT_01085,SocialMedia,1070,2023-05-20,CAMP_007,32,24053,4983
1086,CONT_01086,SocialMedia,3977,2023-07-03,CAMP_003,10,45687,11580
1087,CONT_01087,Blog,159,2023-11-24,CAMP_001,50,23326,2000
1088,CONT_01088,Blog,390,2024-08-03,CAMP_008,17,38410,3123
1089,CONT_01089,Video,3242,2023-12-13,CAMP_002,28,46678,10947
1090,CONT_01090,Blog,616,2024-08-30,CAMP_006,7,11869,3224
1091,CONT_01091,SocialMedia,3341,2023-01-05,CAMP_006,30,28368,7031
1092,CONT_01092,Video,3336,2024-02-09,CAMP_005,31,42535,9470
1093,CONT_01093,Blog,97,2023-08-06,CAMP_003,43,6627,1098
1094,CONT_01094,Blog,1184,2023-05-02,CAMP_010,46,13168,3068
1095,CONT_01095,Blog,757,2023-02-25,CAMP_007,14,26689,2750
1096,CONT_01096,Newsletter,2797,2023-03-06,CAMP_007,30,44043,8382
1097,CONT_01097,Newsletter,1279,2024-09-25,CAMP_010,5,24136,2959
1098,CONT_01098,Newsletter,1672,2023-03-04,CAMP_003,9,27530,7305
1099,CONT_01099,SocialMedia,2358,2023-12-22,CAMP_002,19,20576,4736
1100,CONT_01100,SocialMedia,44,2023-07-21,CAMP_005,10,796,238
1101,CONT_01101,Video,890,2023-07-22,CAMP_002,32,27900,2594
1102,CONT_01102,Newsletter,312,2023-07-05,CAMP_003,7,18298,2289
1103,CONT_01103,SocialMedia,230,2024-08-27,CAMP_008,13,9097,2694
1104,CONT_01104,Blog,241,2023-08-27,CAMP_005,29,45226,9492
1105,CONT_01105,SocialMedia,26,2024-11-08,CAMP_003,38,21908,876
1106,CONT_01106,Video,2688,2023-01-16,CAMP_009,48,48258,9217
1107,CONT_01107,SocialMedia,34,2023-11-02,CAMP_006,14,31561,1706
1108,CONT_01108,Video,883,2023-07-26,CAMP_005,15,14759,2653
1109,CONT_01109,Blog,76,2024-01-25,CAMP_004,13,5601,1289
1110,CONT_01110,Video,377,2023-09-24,CAMP_004,16,41670,1444
1111,CONT_01111,SocialMedia,830,2024-02-25,CAMP_009,37,7561,2035
1112,CONT_01112,SocialMedia,60,2024-07-06,CAMP_003,37,10141,183
1113,CONT_01113,Video,98,2024-06-08,CAMP_005,23,36614,730
1114,CONT_01114,Newsletter,2356,2024-12-04,CAMP_002,49,36981,6892
1115,CONT_01115,Blog,310,2024-09-03,CAMP_010,13,12034,1562
1116,CONT_01116,Blog,866,2023-12-13,CAMP_002,13,21618,2088
1117,CONT_01117,SocialMedia,815,2023-08-17,CAMP_007,30,28917,1868
1118,CONT_01118,Video,61,2024-03-15,CAMP_001,21,5856,932
1119,CONT_01119,Video,133,2024-11-15,CAMP_004,25,30166,375
1120,CONT_01120,Newsletter,1991,2023-01-05,CAMP_007,39,33147,4304
1121,CONT_01121,Video,37,2024-04-09,CAMP_009,50,5618,406
1122,CONT_01122,Video,3187,2024-09-28,CAMP_008,9,43953,11313
1123,CONT_01123,Newsletter,44,2023-04-02,CAMP_009,28,9728,265
1124,CONT_01124,SocialMedia,118,2024-10-22,CAMP_007,29,4771,1311
1125,CONT_01125,Newsletter,3164,2024-12-07,CAMP_005,32,45688,9195
1126,CONT_01126,Video,196,2023-12-19,CAMP_004,8,8169,639
1127,CONT_01127,Newsletter,18,2024-02-05,CAMP_002,28,21878,59
1128,CONT_01128,Blog,1123,2023-02-20,CAMP_004,39,15833,4485
1129,CONT_01129,Newsletter,698,2023-10-16,CAMP_006,29,25314,3955
1130,CONT_01130,Newsletter,307,2023-10-29,CAMP_002,17,41935,990
1131,CONT_01131,SocialMedia,516,2024-09-23,CAMP_006,26,43758,12377
1132,CONT_01132,SocialMedia,121,2024-06-05,CAMP_006,42,48422,971
1133,CONT_01133,Video,398,2023-04-29,CAMP_004,10,34765,3098
1134,CONT_01134,Newsletter,425,2024-01-03,CAMP_009,45,14667,2578
1135,CONT_01135,Video,913,2024-04-22,CAMP_007,16,7582,1947
1136,CONT_01136,Video,2703,2024-08-12,CAMP_003,10,26177,5813
1137,CONT_01137,Video,938,2024-05-14,CAMP_007,13,46220,4469
1138,CONT_01138,Newsletter,407,2023-03-20,CAMP_008,8,33437,8198
1139,CONT_01139,Newsletter,1232,2023-12-07,CAMP_006,13,14405,2855
1140,CONT_01140,Video,350,2024-08-04,CAMP_009,40,3623,920
1141,CONT_01141,Video,549,2024-07-05,CAMP_007,16,43578,2154
1142,CONT_01142,Blog,2893,2023-06-04,CAMP_009,22,48407,7614
1143,CONT_01143,Video,467,2024-08-17,CAMP_004,45,18634,1044
1144,CONT_01144,Video,299,2024-12-22,CAMP_002,17,6080,689
1145,CONT_01145,SocialMedia,644,2023-02-03,CAMP_010,26,23845,2117
1146,CONT_01146,Newsletter,156,2024-07-17,CAMP_006,32,10135,1325
1147,CONT_01147,Video,50,2024-11-16,CAMP_008,41,1980,428
1148,CONT_01148,Newsletter,57,2023-09-15,CAMP_008,28,1793,152
1149,CONT_01149,Newsletter,125,2024-11-05,CAMP_008,37,15669,459
1150,CONT_01150,Newsletter,13,2024-08-19,CAMP_001,26,44219,10613
1151,CONT_01151,Video,299,2023-01-24,CAMP_008,11,6952,1322
1152,CONT_01152,SocialMedia,195,2023-02-12,CAMP_005,8,27247,890
1153,CONT_01153,Blog,1164,2023-06-05,CAMP_003,4,34144,2555
1154,CONT_01154,SocialMedia,726,2023-08-04,CAMP_010,2,6269,1600
1155,CONT_01155,Blog,193,2023-03-07,CAMP_002,20,45605,5881
1156,CONT_01156,Newsletter,732,2024-09-23,CAMP_010,4,44700,7353
1157,CONT_01157,Video,256,2024-05-08,CAMP_009,13,21602,1086
1158,CONT_01158,Blog,1976,2024-12-20,CAMP_005,21,32909,5701
1159,CONT_01159,Newsletter,289,2024-01-27,CAMP_004,13,19059,2372
1160,CONT_01160,SocialMedia,2238,2023-11-11,CAMP_007,22,16597,4621
1161,CONT_01161,Blog,101,2023-10-25,CAMP_009,13,3255,262
1162,CONT_01162,Blog,116,2023-02-12,CAMP_002,28,19806,780
1163,CONT_01163,Blog,94,2023-07-26,CAMP_006,41,17190,2204
1164,CONT_01164,SocialMedia,504,2024-05-11,CAMP_008,48,19548,1022
1165,CONT_01165,SocialMedia,5346,2023-08-28,CAMP_001,49,47574,11310
1166,CONT_01166,Newsletter,1254,2023-04-13,CAMP_009,11,47667,13448
1167,CONT_01167,Blog,121,2024-11-12,CAMP_004,37,44444,326
1168,CONT_01168,SocialMedia,395,2024-04-17,CAMP_009,8,4892,1131
1169,CONT_01169,Blog,41,2023-06-07,CAMP_004,35,2287,607
1170,CONT_01170,SocialMedia,3939,2023-01-07,CAMP_003,43,38326,11189
1171,CONT_01171,Video,811,2024-01-02,CAMP_007,20,21239,2014
1172,CONT_01172,Video,203,2023-12-24,CAMP_005,50,5055,1290
1173,CONT_01173,Newsletter,1029,2024-08-29,CAMP_010,45,34799,6451
1174,CONT_01174,Newsletter,50,2023-08-26,CAMP_009,45,1591,389
1175,CONT_01175,Video,67,2023-03-14,CAMP_008,41,9930,285
1176,CONT_01176,Video,30,2024-09-13,CAMP_001,39,17627,2677
1177,CONT_01177,Blog,3001,2024-05-05,CAMP_003,34,41269,11107
1178,CONT_01178,Newsletter,974,2024-08-13,CAMP_002,2,40795,5620
1179,CONT_01179,Newsletter,460,2023-08-07,CAMP_009,12,32011,3760
1180,CONT_01180,Newsletter,789,2023-10-30,CAMP_009,43,21468,1822
1181,CONT_01181,Blog,2371,2024-02-03,CAMP_007,34,45867,4964
1182,CONT_01182,SocialMedia,2253,2023-12-20,CAMP_006,48,37025,5984
1183,CONT_01183,SocialMedia,30,2024-12-17,CAMP_006,44,605,78
1184,CONT_01184,Video,1279,2024-05-18,CAMP_010,10,20696,4560
1185,CONT_01185,Blog,63,2024-12-08,CAMP_009,30,4231,800
1186,CONT_01186,Blog,358,2023-04-16,CAMP_008,30,44967,2256
1187,CONT_01187,Video,98,2023-09-15,CAMP_010,34,4081,324
1188,CONT_01188,SocialMedia,32,2023-01-07,CAMP_005,7,2207,263
1189,CONT_01189,Blog,1050,2023-03-11,CAMP_001,10,32401,2200
1190,CONT_01190,Newsletter,1845,2023-12-01,CAMP_006,8,22884,6747
1191,CONT_01191,SocialMedia,339,2023-02-27,CAMP_008,49,30863,964
1192,CONT_01192,Newsletter,1743,2023-08-01,CAMP_001,12,43441,12250
1193,CONT_01193,SocialMedia,1768,2024-03-23,CAMP_009,40,31102,6392
1194,CONT_01194,SocialMedia,302,2024-03-03,CAMP_003,7,11263,2053
1195,CONT_01195,SocialMedia,1433,2024-07-29,CAMP_003,41,24382,4777
1196,CONT_01196,Video,336,2023-03-07,CAMP_010,11,23467,3308
1197,CONT_01197,Video,300,2023-11-08,CAMP_005,5,2654,647
1198,CONT_01198,Video,885,2023-07-20,CAMP_008,49,14134,3646
1199,CONT_01199,SocialMedia,2090,2023-12-29,CAMP_009,28,27856,4835
1200,CONT_01200,Video,2400,2024-01-02,CAMP_006,44,29137,6893
1201,CONT_01201,Newsletter,17,2024-07-28,CAMP_007,24,793,132
1202,CONT_01202,Blog,3397,2023-10-14,CAMP_006,5,39761,9570
1203,CONT_01203,Blog,30,2024-09-23,CAMP_003,22,42519,135
1204,CONT_01204,Newsletter,20,2024-03-10,CAMP_005,25,682,129
1205,CONT_01205,Newsletter,383,2024-07-12,CAMP_001,50,3539,918
1206,CONT_01206,Video,37,2024-12-10,CAMP_007,15,27188,6925
1207,CONT_01207,SocialMedia,36,2024-03-03,CAMP_003,49,2575,352
1208,CONT_01208,Newsletter,1343,2023-01-29,CAMP_010,11,41764,10522
1209,CONT_01209,SocialMedia,402,2023-08-18,CAMP_009,1,7702,805
1210,CONT_01210,SocialMedia,2317,2023-09-29,CAMP_007,9,44539,11869
1211,CONT_01211,Newsletter,402,2023-10-28,CAMP_009,30,21745,5939
1212,CONT_01212,Video,332,2024-11-17,CAMP_002,9,31386,1550
1213,CONT_01213,Video,4600,2024-09-04,CAMP_004,47,49900,13246
1214,CONT_01214,Video,688,2024-05-27,CAMP_005,37,41923,3769
1215,CONT_01215,Blog,366,2024-10-22,CAMP_010,46,23270,1875
1216,CONT_01216,Video,2681,2024-11-26,CAMP_006,6,36552,7807
1217,CONT_01217,SocialMedia,43,2024-07-15,CAMP_002,32,37943,773
1218,CONT_01218,Video,269,2023-05-06,CAMP_002,19,30483,4136
1219,CONT_01219,Newsletter,154,2024-07-09,CAMP_010,46,28263,467
1220,CONT_01220,Blog,11,2023-10-16,CAMP_006,39,4025,694
1221,CONT_01221,Newsletter,931,2024-10-26,CAMP_005,4,7184,1902
1222,CONT_01222,Blog,2020,2024-01-11,CAMP_009,14,24233,5104
1223,CONT_01223,Video,1239,2023-10-07,CAMP_003,6,19561,2979
1224,CONT_01224,Blog,53,2024-06-05,CAMP_005,6,11176,118
1225,CONT_01225,SocialMedia,565,2024-08-06,CAMP_001,30,27177,2675
1226,CONT_01226,Newsletter,105,2023-11-15,CAMP_002,22,22058,335
1227,CONT_01227,Blog,947,2024-01-14,CAMP_008,49,38102,3409
1228,CONT_01228,Newsletter,2702,2023-01-31,CAMP_007,6,29520,6260
1229,CONT_01229,Newsletter,399,2024-01-09,CAMP_002,11,7888,915
1230,CONT_01230,Video,787,2024-09-07,CAMP_006,50,36977,3408
1231,CONT_01231,Video,665,2024-05-11,CAMP_008,48,24387,4458
1232,CONT_01232,Blog,1086,2023-05-20,CAMP_007,39,38709,10197
1233,CONT_01233,Blog,1041,2024-09-04,CAMP_001,28,25971,4664
1234,CONT_01234,Blog,1028,2024-03-10,CAMP_002,2,42770,2967
1235,CONT_01235,Blog,167,2024-11-04,CAMP_003,2,15266,2950
1236,CONT_01236,Video,3153,2024-08-20,CAMP_002,22,38927,11657
1237,CONT_01237,Newsletter,1080,2023-07-19,CAMP_009,23,17599,4972
1238,CONT_01238,Newsletter,2332,2024-06-08,CAMP_005,38,31738,5924
1239,CONT_01239,Blog,3657,2024-12-24,CAMP_009,32,35929,7808
1240,CONT_01240,Blog,654,2024-11-09,CAMP_002,8,34307,1501
1241,CONT_01241,SocialMedia,664,2023-08-02,CAMP_004,7,31515,5387
1242,CONT_01242,Video,332,2024-03-28,CAMP_001,43,18554,717
1243,CONT_01243,Newsletter,135,2024-05-30,CAMP_008,50,6941,346
1244,CONT_01244,Newsletter,3985,2024-09-23,CAMP_001,33,49368,8404
1245,CONT_01245,Blog,35,2024-06-03,CAMP_003,12,11783,757
1246,CONT_01246,Blog,989,2023-11-22,CAMP_002,39,34517,4862
1247,CONT_01247,Newsletter,435,2023-09-19,CAMP_010,23,37316,1657
1248,CONT_01248,Newsletter,46,2024-11-15,CAMP_006,40,2753,347
1249,CONT_01249,Blog,1056,2023-10-29,CAMP_003,9,41918,3103
1250,CONT_01250,Video,371,2023-05-08,CAMP_009,50,33173,766
1251,CONT_01251,SocialMedia,263,2024-05-19,CAMP_005,14,6770,538
1252,CONT_01252,Video,351,2024-04-29,CAMP_010,11,4384,749
1253,CONT_01253,Video,519,2023-08-17,CAMP_004,16,42385,1538
1254,CONT_01254,Video,1035,2023-06-17,CAMP_003,4,15746,3396
1255,CONT_01255,Blog,637,2024-12-06,CAMP_008,40,22433,1327
1256,CONT_01256,Newsletter,369,2023-03-25,CAMP_002,25,19358,3359
1257,CONT_01257,Newsletter,94,2023-02-14,CAMP_009,9,4008,904
1258,CONT_01258,Blog,39,2024-11-03,CAMP_007,28,18052,130
1259,CONT_01259,Video,2745,2023-08-07,CAMP_007,10,42189,5585
1260,CONT_01260,SocialMedia,1829,2023-12-07,CAMP_001,41,46120,4067
1261,CONT_01261,Blog,782,2024-07-08,CAMP_010,21,18251,2149
1262,CONT_01262,Blog,549,2023-10-20,CAMP_009,38,37424,1403
1263,CONT_01263,Video,4793,2023-10-12,CAMP_010,29,44317,11870
1264,CONT_01264,SocialMedia,122,2023-10-23,CAMP_008,17,31052,2453
1265,CONT_01265,Video,468,2024-01-05,CAMP_007,15,44991,1815
1266,CONT_01266,Video,676,2023-04-14,CAMP_005,20,17728,3197
1267,CONT_01267,Video,2984,2024-05-11,CAMP_005,34,45966,13172
1268,CONT_01268,Blog,665,2023-11-21,CAMP_003,46,48947,5263
1269,CONT_01269,Newsletter,81,2024-09-17,CAMP_004,2,21340,190
1270,CONT_01270,Video,485,2024-07-25,CAMP_005,10,5887,1024
1271,CONT_01271,Blog,239,2024-03-23,CAMP_010,40,39556,1654
1272,CONT_01272,Newsletter,1270,2023-08-08,CAMP_008,32,35033,3634
1273,CONT_01273,Newsletter,765,2023-05-05,CAMP_006,17,9183,1857
1274,CONT_01274,SocialMedia,172,2023-01-02,CAMP_004,34,8075,722
1275,CONT_01275,SocialMedia,83,2024-05-01,CAMP_003,12,6918,431
1276,CONT_01276,SocialMedia,99,2024-03-31,CAMP_005,5,30339,2445
1277,CONT_01277,Newsletter,355,2023-02-23,CAMP_007,16,31793,857
1278,CONT_01278,SocialMedia,4560,2024-05-16,CAMP_008,14,40092,9176
1279,CONT_01279,SocialMedia,10,2024-06-27,CAMP_006,34,10939,447
1280,CONT_01280,SocialMedia,1469,2024-11-29,CAMP_009,12,30649,6041
1281,CONT_01281,Newsletter,145,2024-09-10,CAMP_005,50,10927,408
1282,CONT_01282,Video,364,2024-06-03,CAMP_010,46,48161,1048
1283,CONT_01283,Blog,195,2024-07-28,CAMP_002,32,7034,1157
1284,CONT_01284,SocialMedia,36,2023-09-19,CAMP_004,13,42608,83
1285,CONT_01285,Video,202,2023-10-18,CAMP_010,44,20730,1651
1286,CONT_01286,Newsletter,532,2024-10-02,CAMP_001,18,39545,7337
1287,CONT_01287,Blog,1777,2023-07-09,CAMP_005,10,37534,11108
1288,CONT_01288,Video,22,2024-09-19,CAMP_002,44,41567,573
1289,CONT_01289,Newsletter,236,2023-05-17,CAMP_005,42,25153,1628
1290,CONT_01290,SocialMedia,3143,2023-06-24,CAMP_005,17,34301,8208
1291,CONT_01291,Newsletter,246,2024-05-12,CAMP_002,9,38041,515
1292,CONT_01292,Blog,517,2024-09-26,CAMP_009,38,11445,1548
1293,CONT_01293,Newsletter,28,2023-11-07,CAMP_002,37,5619,152
1294,CONT_01294,SocialMedia,307,2024-10-29,CAMP_010,24,11171,1200
1295,CONT_01295,SocialMedia,2346,2024-08-19,CAMP_002,23,29378,6339
1296,CONT_01296,SocialMedia,184,2023-04-03,CAMP_010,30,35917,3498
1297,CONT_01297,Newsletter,228,2024-02-20,CAMP_006,4,23885,924
1298,CONT_01298,Blog,57,2023-10-10,CAMP_005,2,3666,157
1299,CONT_01299,SocialMedia,69,2024-11-12,CAMP_003,15,26049,534
1300,CONT_01300,Blog,763,2023-04-05,CAMP_001,3,22749,3911
1301,CONT_01301,Blog,2211,2023-12-24,CAMP_008,20,27435,6197
1302,CONT_01302,SocialMedia,1133,2023-10-04,CAMP_008,41,31615,3929
1303,CONT_01303,Blog,1509,2024-05-29,CAMP_002,25,36334,4465
1304,CONT_01304,SocialMedia,54,2024-08-29,CAMP_002,35,12057,488
1305,CONT_01305,SocialMedia,981,2023-05-18,CAMP_006,8,13193,3545
1306,CONT_01306,Blog,266,2023-07-30,CAMP_002,4,44000,8590
1307,CONT_01307,SocialMedia,60,2024-01-07,CAMP_001,25,15735,3659
1308,CONT_01308,Newsletter,1395,2023-12-25,CAMP_003,10,37003,2907
1309,CONT_01309,SocialMedia,1387,2023-10-13,CAMP_008,25,26276,2807
1310,CONT_01310,SocialMedia,314,2024-01-15,CAMP_006,39,28844,1561
1311,CONT_01311,Blog,373,2023-10-16,CAMP_003,14,22672,1895
1312,CONT_01312,Newsletter,878,2024-04-07,CAMP_007,48,17253,3629
1313,CONT_01313,SocialMedia,1606,2023-03-17,CAMP_008,20,46241,7944
1314,CONT_01314,Newsletter,696,2023-06-20,CAMP_003,19,18685,2963
1315,CONT_01315,SocialMedia,1758,2023-09-24,CAMP_003,24,24094,4943
1316,CONT_01316,Video,202,2023-10-06,CAMP_004,31,35391,911
1317,CONT_01317,Blog,173,2024-12-12,CAMP_004,19,43426,6573
1318,CONT_01318,Newsletter,65,2024-03-14,CAMP_001,8,15056,616
1319,CONT_01319,Video,919,2024-08-02,CAMP_010,24,22993,1971
1320,CONT_01320,SocialMedia,769,2024-10-16,CAMP_006,18,6782,1631
1321,CONT_01321,SocialMedia,21,2024-11-23,CAMP_005,14,6620,761
1322,CONT_01322,Newsletter,435,2024-07-15,CAMP_001,34,4484,1124
1323,CONT_01323,SocialMedia,3034,2023-12-27,CAMP_009,42,47572,12310
1324,CONT_01324,SocialMedia,928,2024-01-18,CAMP_010,29,21516,2203
1325,CONT_01325,Newsletter,1207,2023-06-15,CAMP_010,42,23400,6060
1326,CONT_01326,Blog,403,2024-06-26,CAMP_003,31,20373,1794
1327,CONT_01327,Video,2036,2024-11-19,CAMP_009,21,17265,4843
1328,CONT_01328,Blog,3541,2024-05-07,CAMP_003,49,30195,8610
1329,CONT_01329,Video,351,2024-06-26,CAMP_001,35,34027,1802
1330,CONT_01330,Newsletter,2152,2024-01-18,CAMP_002,7,34738,9804
1331,CONT_01331,SocialMedia,432,2024-05-08,CAMP_002,42,10903,1210
1332,CONT_01332,SocialMedia,234,2023-04-19,CAMP_001,1,11711,936
1333,CONT_01333,SocialMedia,2518,2024-10-18,CAMP_007,13,41308,6081
1334,CONT_01334,Video,1447,2024-04-08,CAMP_001,24,37166,8010
1335,CONT_01335,SocialMedia,135,2024-01-21,CAMP_002,15,3223,626
1336,CONT_01336,Blog,570,2023-04-21,CAMP_010,31,20931,3387
1337,CONT_01337,SocialMedia,300,2024-11-04,CAMP_001,14,43524,4784
1338,CONT_01338,Newsletter,109,2024-08-04,CAMP_004,10,35272,282
1339,CONT_01339,Video,49,2023-07-14,CAMP_001,49,6489,984
1340,CONT_01340,SocialMedia,168,2024-04-15,CAMP_002,34,32254,508
1341,CONT_01341,Video,292,2024-04-21,CAMP_008,45,30572,985
1342,CONT_01342,SocialMedia,436,2024-08-07,CAMP_003,29,42244,1779
1343,CONT_01343,Video,1704,2023-02-18,CAMP_002,3,32634,5121
1344,CONT_01344,Blog,3635,2024-04-26,CAMP_005,4,42263,10032
1345,CONT_01345,Blog,42,2024-06-09,CAMP_004,9,30774,951
1346,CONT_01346,Video,3272,2024-01-26,CAMP_002,35,45658,12870
1347,CONT_01347,Blog,53,2023-09-07,CAMP_008,3,711,184
1348,CONT_01348,Blog,10,2023-06-03,CAMP_003,9,1855,101
1349,CONT_01349,Blog,903,2024-09-20,CAMP_001,21,26436,4634
1350,CONT_01350,Blog,19,2024-07-13,CAMP_002,47,2843,174
1351,CONT_01351,Newsletter,468,2023-01-06,CAMP_007,30,18103,4867
1352,CONT_01352,Newsletter,50,2023-04-23,CAMP_005,40,31751,1111
1353,CONT_01353,Video,1722,2023-07-03,CAMP_009,10,28388,3808
1354,CONT_01354,SocialMedia,1063,2023-05-19,CAMP_010,22,37686,6294
1355,CONT_01355,Newsletter,232,2023-03-06,CAMP_008,2,29733,2439
1356,CONT_01356,SocialMedia,1228,2024-02-04,CAMP_006,21,17092,2519
1357,CONT_01357,Blog,651,2023-03-27,CAMP_009,43,46775,4562
1358,CONT_01358,SocialMedia,2159,2023-02-21,CAMP_006,45,17760,5264
1359,CONT_01359,Newsletter,18,2023-06-24,CAMP_005,10,40980,5435
1360,CONT_01360,Video,230,2023-09-08,CAMP_006,12,9564,1765
1361,CONT_01361,SocialMedia,1187,2024-05-30,CAMP_008,32,30839,5298
1362,CONT_01362,Blog,11,2023-06-08,CAMP_001,26,13233,679
1363,CONT_01363,Blog,1077,2023-01-15,CAMP_004,7,40844,10496
1364,CONT_01364,Newsletter,3796,2023-10-14,CAMP_005,34,48474,12925
1365,CONT_01365,SocialMedia,2281,2023-01-12,CAMP_008,13,49361,8064
1366,CONT_01366,Blog,1781,2023-08-24,CAMP_001,45,20113,5064
1367,CONT_01367,Newsletter,725,2024-08-04,CAMP_007,3,29933,7209
1368,CONT_01368,SocialMedia,3566,2024-10-28,CAMP_005,40,46968,10022
1369,CONT_01369,Blog,141,2024-05-19,CAMP_002,27,42275,730
1370,CONT_01370,Video,1062,2023-11-25,CAMP_009,17,39517,5418
1371,CONT_01371,Video,955,2023-05-01,CAMP_004,45,23055,3882
1372,CONT_01372,Newsletter,181,2024-04-21,CAMP_009,48,13444,1093
1373,CONT_01373,SocialMedia,960,2023-08-09,CAMP_003,50,11936,2184
1374,CONT_01374,SocialMedia,666,2023-09-21,CAMP_009,41,25247,3541
1375,CONT_01375,Video,1196,2024-03-14,CAMP_005,22,20496,4916
1376,CONT_01376,Video,1504,2023-01-31,CAMP_001,10,12893,3704
1377,CONT_01377,Blog,861,2023-12-01,CAMP_010,19,15814,3201
1378,CONT_01378,Video,1142,2023-06-26,CAMP_004,9,13688,2319
1379,CONT_01379,SocialMedia,1012,2023-08-12,CAMP_006,25,22316,5974
1380,CONT_01380,Newsletter,278,2024-09-05,CAMP_007,24,11111,592
1381,CONT_01381,Newsletter,619,2024-11-11,CAMP_001,15,20374,5004
1382,CONT_01382,Blog,1318,2024-02-11,CAMP_002,40,15754,3873
1383,CONT_01383,Blog,1983,2023-01-09,CAMP_002,20,44539,7536
1384,CONT_01384,Blog,280,2023-04-21,CAMP_007,10,5676,779
1385,CONT_01385,SocialMedia,338,2024-07-15,CAMP_002,8,16448,2289
1386,CONT_01386,Video,1393,2023-02-09,CAMP_010,50,47844,6685
1387,CONT_01387,Blog,3616,2024-10-14,CAMP_006,2,39830,7398
1388,CONT_01388,Video,1133,2023-05-04,CAMP_006,5,49151,9970
1389,CONT_01389,Blog,767,2023-03-05,CAMP_001,42,40057,9170
1390,CONT_01390,Video,14,2024-04-15,CAMP_008,15,1491,68
1391,CONT_01391,SocialMedia,1385,2024-02-11,CAMP_010,19,44889,6195
1392,CONT_01392,SocialMedia,1143,2023-01-09,CAMP_009,12,27570,3141
1393,CONT_01393,Newsletter,465,2024-03-03,CAMP_004,45,11310,1662
1394,CONT_01394,Blog,41,2024-04-14,CAMP_006,15,16653,698
1395,CONT_01395,Newsletter,146,2023-07-10,CAMP_007,47,18608,941
1396,CONT_01396,Video,106,2024-11-17,CAMP_005,47,14966,301
1397,CONT_01397,Newsletter,528,2023-07-26,CAMP_009,48,18934,1678
1398,CONT_01398,Blog,560,2024-12-08,CAMP_009,47,20191,5855
1399,CONT_01399,Video,282,2023-10-19,CAMP_008,17,3849,778
1400,CONT_01400,SocialMedia,2011,2023-12-11,CAMP_003,33,38770,4847
1401,CONT_01401,Newsletter,635,2023-12-08,CAMP_010,30,11112,2719
1402,CONT_01402,SocialMedia,716,2024-12-09,CAMP_005,2,19357,2834
1403,CONT_01403,Video,13,2023-11-04,CAMP_010,40,1897,59
1404,CONT_01404,Newsletter,2167,2023-11-26,CAMP_005,24,31513,7349
1405,CONT_01405,SocialMedia,187,2024-03-26,CAMP_010,35,43026,563
1406,CONT_01406,Newsletter,618,2023-06-30,CAMP_004,16,8892,1815
1407,CONT_01407,Video,78,2023-02-03,CAMP_003,42,48405,13731
1408,CONT_01408,Video,695,2024-11-05,CAMP_003,41,13301,2486
1409,CONT_01409,Video,1735,2024-05-14,CAMP_004,7,14009,3772
1410,CONT_01410,SocialMedia,380,2024-06-27,CAMP_008,3,10862,1325
1411,CONT_01411,Blog,129,2023-03-06,CAMP_008,23,6724,1561
1412,CONT_01412,Blog,757,2024-07-24,CAMP_004,27,44214,3429
1413,CONT_01413,SocialMedia,1454,2023-05-08,CAMP_006,6,37404,10404
1414,CONT_01414,Video,461,2024-07-20,CAMP_008,36,20752,2601
1415,CONT_01415,Newsletter,92,2024-12-01,CAMP_010,14,4985,523
1416,CONT_01416,Video,696,2023-02-27,CAMP_006,18,44346,8463
1417,CONT_01417,SocialMedia,1001,2023-08-07,CAMP_010,28,10923,3005
1418,CONT_01418,Video,265,2024-03-16,CAMP_002,50,13744,3554
1419,CONT_01419,SocialMedia,1166,2024-07-16,CAMP_007,43,39786,10148
1420,CONT_01420,Newsletter,976,2024-05-07,CAMP_006,7,10538,2780
1421,CONT_01421,Video,3246,2023-05-21,CAMP_001,45,43577,7254
1422,CONT_01422,Newsletter,157,2024-01-29,CAMP_007,40,49562,5845
1423,CONT_01423,Blog,652,2024-02-10,CAMP_009,22,42551,2154
1424,CONT_01424,Video,2352,2023-08-31,CAMP_004,7,28049,4729
1425,CONT_01425,Blog,2620,2024-12-25,CAMP_009,21,25503,6249
1426,CONT_01426,Video,776,2023-05-09,CAMP_002,34,11650,1634
1427,CONT_01427,Blog,90,2023-09-09,CAMP_007,16,45928,10803
1428,CONT_01428,SocialMedia,511,2024-07-17,CAMP_006,11,24704,6109
1429,CONT_01429,SocialMedia,429,2023-12-29,CAMP_007,6,6330,925
1430,CONT_01430,SocialMedia,386,2023-09-04,CAMP_010,33,4552,951
1431,CONT_01431,Newsletter,2103,2023-10-24,CAMP_006,18,44419,4817
1432,CONT_01432,Video,10,2024-04-20,CAMP_005,22,13530,171
1433,CONT_01433,Newsletter,506,2024-10-25,CAMP_005,27,31228,4817
1434,CONT_01434,Video,208,2024-02-16,CAMP_004,13,33361,3490
1435,CONT_01435,SocialMedia,732,2024-03-19,CAMP_004,3,15028,2034
1436,CONT_01436,Video,1418,2024-06-01,CAMP_007,26,23646,3845
1437,CONT_01437,Blog,96,2023-01-24,CAMP_008,47,4324,432
1438,CONT_01438,Newsletter,207,2024-08-12,CAMP_006,2,3423,1008
1439,CONT_01439,Video,58,2024-03-06,CAMP_009,40,28453,1391
1440,CONT_01440,Newsletter,288,2024-01-30,CAMP_005,32,48685,3477
1441,CONT_01441,Video,2137,2023-03-07,CAMP_003,44,43000,11668
1442,CONT_01442,Video,2139,2023-07-20,CAMP_010,28,49819,13777
1443,CONT_01443,Video,1204,2024-02-02,CAMP_001,1,14285,2657
1444,CONT_01444,Blog,1282,2023-01-08,CAMP_009,32,36687,10864
1445,CONT_01445,Blog,508,2024-08-29,CAMP_004,46,14703,4401
1446,CONT_01446,SocialMedia,528,2024-08-29,CAMP_010,15,37618,1607
1447,CONT_01447,Blog,3595,2024-09-10,CAMP_003,7,35514,7879
1448,CONT_01448,Newsletter,547,2023-03-17,CAMP_008,48,6878,1786
1449,CONT_01449,Video,23,2024-06-07,CAMP_001,34,49289,180
1450,CONT_01450,Newsletter,522,2023-05-10,CAMP_007,9,45305,5283
1451,CONT_01451,Video,75,2024-12-03,CAMP_009,40,6169,733
1452,CONT_01452,SocialMedia,456,2023-12-12,CAMP_002,32,7535,1703
1453,CONT_01453,Newsletter,324,2024-04-16,CAMP_005,37,14015,733
1454,CONT_01454,SocialMedia,510,2024-11-23,CAMP_007,12,21874,1177
1455,CONT_01455,Video,876,2024-11-06,CAMP_006,5,16689,4079
1456,CONT_01456,Blog,457,2024-03-10,CAMP_006,8,8858,1362
1457,CONT_01457,Newsletter,183,2024-04-25,CAMP_002,50,7690,1916
1458,CONT_01458,Video,856,2023-06-26,CAMP_009,6,45931,3233
1459,CONT_01459,SocialMedia,58,2023-07-12,CAMP_004,19,15853,2784
1460,CONT_01460,Newsletter,2437,2024-03-01,CAMP_009,29,31524,5148
1461,CONT_01461,Video,2432,2024-03-14,CAMP_006,20,42818,12254
1462,CONT_01462,Video,1010,2023-08-11,CAMP_010,36,8030,2160
1463,CONT_01463,SocialMedia,343,2024-06-06,CAMP_009,32,8829,1401
1464,CONT_01464,Newsletter,189,2023-03-01,CAMP_004,50,3120,847
1465,CONT_01465,Blog,786,2024-01-18,CAMP_001,35,14131,2592
1466,CONT_01466,Newsletter,2835,2023-08-13,CAMP_009,32,27902,7075
1467,CONT_01467,Video,243,2023-11-12,CAMP_002,11,32740,1331
1468,CONT_01468,Video,2049,2023-09-27,CAMP_002,2,42522,8547
1469,CONT_01469,Newsletter,922,2024-03-07,CAMP_007,24,30563,2267
1470,CONT_01470,Newsletter,359,2024-03-07,CAMP_008,41,47231,12720
1471,CONT_01471,Blog,448,2024-01-20,CAMP_008,44,40272,3869
1472,CONT_01472,Newsletter,27,2024-12-01,CAMP_009,17,20907,827
1473,CONT_01473,SocialMedia,143,2023-07-10,CAMP_001,1,8495,508
1474,CONT_01474,SocialMedia,169,2023-09-09,CAMP_006,48,18546,338
1475,CONT_01475,SocialMedia,951,2024-05-12,CAMP_004,44,45338,1907
1476,CONT_01476,SocialMedia,30,2024-11-11,CAMP_001,28,3972,482
1477,CONT_01477,Newsletter,405,2024-05-28,CAMP_005,31,29046,5942
1478,CONT_01478,Newsletter,3835,2024-06-22,CAMP_009,33,42606,10243
1479,CONT_01479,Video,2546,2023-12-31,CAMP_008,45,33305,8104
1480,CONT_01480,Newsletter,364,2024-04-14,CAMP_010,19,19654,4955
1481,CONT_01481,Newsletter,202,2024-08-26,CAMP_003,15,40616,937
1482,CONT_01482,Video,1682,2023-05-17,CAMP_008,43,35817,10688
1483,CONT_01483,Newsletter,608,2023-01-19,CAMP_001,15,28395,4992
1484,CONT_01484,SocialMedia,126,2023-02-20,CAMP_006,9,22189,545
1485,CONT_01485,Video,50,2024-03-29,CAMP_007,24,18363,1429
1486,CONT_01486,Blog,355,2023-07-02,CAMP_010,19,15111,1819
1487,CONT_01487,Video,223,2024-12-06,CAMP_002,2,3976,559
1488,CONT_01488,Video,4656,2023-06-18,CAMP_010,31,41958,11186
1489,CONT_01489,Blog,544,2024-03-10,CAMP_009,29,21297,1737
1490,CONT_01490,Newsletter,4661,2024-04-04,CAMP_007,32,46031,12355
1491,CONT_01491,Newsletter,696,2023-11-04,CAMP_006,26,42225,3263
1492,CONT_01492,Blog,1752,2023-05-04,CAMP_006,48,47768,3763
1493,CONT_01493,SocialMedia,1410,2023-11-08,CAMP_009,42,34061,3182
1494,CONT_01494,Video,22,2023-02-02,CAMP_009,50,4850,415
1495,CONT_01495,Video,22,2023-01-31,CAMP_003,18,3288,369
1496,CONT_01496,Blog,120,2024-02-19,CAMP_005,12,30067,574
1497,CONT_01497,SocialMedia,901,2023-03-21,CAMP_004,20,47871,4117
1498,CONT_01498,SocialMedia,1811,2023-05-07,CAMP_009,37,19659,5180
1499,CONT_01499,Newsletter,86,2024-05-06,CAMP_008,39,26290,1380
1500,CONT_01500,Video,1465,2023-04-11,CAMP_001,7,42560,10039
1501,CONT_01501,Newsletter,556,2023-03-24,CAMP_006,6,18035,4489
1502,CONT_01502,Newsletter,135,2024-12-01,CAMP_010,27,1796,424
1503,CONT_01503,SocialMedia,71,2024-11-09,CAMP_005,38,9922,1171
1504,CONT_01504,Newsletter,2873,2024-10-21,CAMP_006,6,41284,6927
1505,CONT_01505,Newsletter,292,2023-12-26,CAMP_008,4,32050,1555
1506,CONT_01506,Newsletter,3561,2024-06-03,CAMP_007,11,45727,8754
1507,CONT_01507,SocialMedia,1847,2024-04-18,CAMP_002,44,24881,5754
1508,CONT_01508,Newsletter,614,2024-08-07,CAMP_004,45,4814,1228
1509,CONT_01509,Blog,3928,2023-01-02,CAMP_008,41,47771,12221
1510,CONT_01510,Blog,908,2024-08-14,CAMP_007,50,11723,2698
1511,CONT_01511,SocialMedia,384,2024-03-29,CAMP_009,19,20559,2809
1512,CONT_01512,SocialMedia,79,2024-05-23,CAMP_009,41,1196,162
1513,CONT_01513,Blog,707,2024-07-31,CAMP_005,48,19298,3520
1514,CONT_01514,Blog,2233,2024-10-23,CAMP_005,39,35923,6842
1515,CONT_01515,Newsletter,1594,2024-12-16,CAMP_003,1,39967,11687
1516,CONT_01516,SocialMedia,203,2024-07-20,CAMP_007,33,9754,733
1517,CONT_01517,Newsletter,973,2024-01-11,CAMP_006,48,45395,3441
1518,CONT_01518,Newsletter,1001,2024-12-23,CAMP_007,21,19305,2734
1519,CONT_01519,SocialMedia,438,2023-10-22,CAMP_004,2,9892,1117
1520,CONT_01520,Blog,187,2024-04-16,CAMP_006,2,10336,759
1521,CONT_01521,Video,412,2023-11-10,CAMP_004,45,11223,1776
1522,CONT_01522,Video,45,2023-11-19,CAMP_006,48,698,196
1523,CONT_01523,Newsletter,627,2024-11-06,CAMP_007,28,19274,4720
1524,CONT_01524,SocialMedia,2022,2024-03-24,CAMP_007,1,43602,4199
1525,CONT_01525,SocialMedia,1038,2023-03-02,CAMP_008,5,10475,2836
1526,CONT_01526,Blog,1086,2024-06-24,CAMP_007,18,17216,2639
1527,CONT_01527,Blog,1970,2024-09-04,CAMP_010,25,43441,9676
1528,CONT_01528,Newsletter,5250,2023-08-18,CAMP_010,50,43625,12449
1529,CONT_01529,SocialMedia,411,2024-06-23,CAMP_008,28,13324,3017
1530,CONT_01530,SocialMedia,622,2023-12-20,CAMP_009,8,26619,4326
1531,CONT_01531,Newsletter,2215,2023-04-15,CAMP_007,23,47680,7155
1532,CONT_01532,SocialMedia,86,2024-05-17,CAMP_010,46,16849,2774
1533,CONT_01533,SocialMedia,1510,2024-10-08,CAMP_006,9,32644,3864
1534,CONT_01534,Blog,106,2024-06-12,CAMP_005,39,34760,460
1535,CONT_01535,Newsletter,437,2023-10-24,CAMP_003,39,13408,3857
1536,CONT_01536,Video,325,2023-06-07,CAMP_007,43,26361,3848
1537,CONT_01537,Newsletter,67,2024-02-18,CAMP_008,30,6278,165
1538,CONT_01538,Newsletter,1825,2024-11-17,CAMP_004,45,35777,6821
1539,CONT_01539,Newsletter,56,2024-01-03,CAMP_010,29,4930,1296
1540,CONT_01540,Video,4667,2023-08-22,CAMP_004,3,33358,9457
1541,CONT_01541,Video,185,2024-11-15,CAMP_007,11,32344,4647
1542,CONT_01542,Video,70,2023-09-05,CAMP_003,18,8190,276
1543,CONT_01543,Newsletter,232,2024-06-24,CAMP_009,18,26028,2918
1544,CONT_01544,Blog,1621,2023-03-25,CAMP_004,10,27294,6229
1545,CONT_01545,Video,977,2023-07-06,CAMP_005,30,16111,3034
1546,CONT_01546,Newsletter,2862,2024-05-02,CAMP_003,26,39783,9073
1547,CONT_01547,Video,1142,2024-11-24,CAMP_005,15,30979,2341
1548,CONT_01548,Video,28,2024-09-28,CAMP_010,33,1043,63
1549,CONT_01549,Newsletter,4666,2023-06-14,CAMP_005,42,45507,11518
1550,CONT_01550,Video,146,2024-09-23,CAMP_001,20,21912,580
1551,CONT_01551,Newsletter,2497,2024-05-14,CAMP_006,18,23092,5955
1552,CONT_01552,SocialMedia,400,2023-10-28,CAMP_010,37,21575,1973
1553,CONT_01553,Newsletter,521,2024-08-10,CAMP_010,41,4530,1048
1554,CONT_01554,Newsletter,82,2024-12-15,CAMP_007,20,10297,708
1555,CONT_01555,Newsletter,341,2023-09-05,CAMP_004,3,6042,1598
1556,CONT_01556,Blog,39,2024-01-08,CAMP_001,31,1228,119
1557,CONT_01557,Newsletter,3139,2024-12-10,CAMP_007,45,40575,7756
1558,CONT_01558,SocialMedia,173,2023-04-21,CAMP_005,23,45843,684
1559,CONT_01559,SocialMedia,2444,2024-11-24,CAMP_001,8,25229,5367
1560,CONT_01560,Newsletter,19,2024-05-24,CAMP_006,1,5111,367
1561,CONT_01561,Blog,672,2023-12-23,CAMP_006,34,40599,10171
1562,CONT_01562,Video,157,2023-09-22,CAMP_005,21,14855,1334
1563,CONT_01563,Video,227,2023-07-05,CAMP_003,7,22698,1546
1564,CONT_01564,Video,2542,2023-10-14,CAMP_002,13,35632,10126
1565,CONT_01565,Video,2320,2024-09-06,CAMP_004,14,29809,6636
1566,CONT_01566,Blog,232,2024-08-20,CAMP_006,38,5686,698
1567,CONT_01567,Blog,2710,2024-11-20,CAMP_007,39,23386,6095
1568,CONT_01568,Video,115,2023-08-02,CAMP_007,8,1353,270
1569,CONT_01569,Blog,1203,2023-02-12,CAMP_009,42,34506,7991
1570,CONT_01570,Blog,58,2024-08-14,CAMP_010,15,13000,151
1571,CONT_01571,SocialMedia,461,2024-06-15,CAMP_010,39,21076,1134
1572,CONT_01572,Newsletter,25,2024-10-19,CAMP_003,36,38267,3893
1573,CONT_01573,Video,138,2024-01-03,CAMP_001,21,9970,356
1574,CONT_01574,Newsletter,1533,2023-04-20,CAMP_010,7,37176,3159
1575,CONT_01575,SocialMedia,289,2023-12-29,CAMP_009,37,3998,587
1576,CONT_01576,Newsletter,566,2024-07-15,CAMP_005,18,40690,9087
1577,CONT_01577,Blog,1762,2023-12-28,CAMP_005,30,16347,4503
1578,CONT_01578,Blog,1033,2024-10-18,CAMP_001,44,12738,3754
1579,CONT_01579,Video,2178,2024-04-28,CAMP_001,22,30473,5064
1580,CONT_01580,Newsletter,22,2024-01-16,CAMP_007,1,15248,274
1581,CONT_01581,Video,452,2024-01-05,CAMP_001,7,26146,7190
1582,CONT_01582,SocialMedia,5955,2023-08-15,CAMP_006,4,44591,12807
1583,CONT_01583,Newsletter,1550,2024-03-19,CAMP_001,24,25074,7093
1584,CONT_01584,Blog,140,2024-01-05,CAMP_006,45,40973,391
1585,CONT_01585,Newsletter,1752,2024-05-02,CAMP_010,45,32265,8861
1586,CONT_01586,SocialMedia,2006,2023-09-30,CAMP_004,30,39942,5102
1587,CONT_01587,SocialMedia,107,2023-11-30,CAMP_003,6,39400,732
1588,CONT_01588,Newsletter,41,2023-01-28,CAMP_003,30,1697,353
1589,CONT_01589,Newsletter,301,2023-11-12,CAMP_003,17,18325,4122
1590,CONT_01590,SocialMedia,171,2024-08-17,CAMP_001,9,7100,354
1591,CONT_01591,Newsletter,490,2024-05-11,CAMP_008,13,44654,2239
1592,CONT_01592,Blog,49,2024-07-04,CAMP_004,7,16839,110
1593,CONT_01593,Video,512,2024-06-30,CAMP_001,14,11148,1073
1594,CONT_01594,Video,380,2024-06-11,CAMP_008,17,13350,3072
1595,CONT_01595,SocialMedia,1662,2024-07-19,CAMP_007,27,27818,5291
1596,CONT_01596,Blog,176,2023-02-02,CAMP_001,46,22366,4586
1597,CONT_01597,Video,2874,2024-12-17,CAMP_004,35,38233,10824
1598,CONT_01598,Blog,227,2023-04-05,CAMP_006,18,24910,7137
1599,CONT_01599,SocialMedia,2738,2024-04-09,CAMP_009,7,45606,12277
1600,CONT_01600,Blog,446,2023-10-16,CAMP_009,34,30259,4534
1601,CONT_01601,Blog,312,2023-10-05,CAMP_007,27,42089,1920
1602,CONT_01602,Blog,2804,2023-09-16,CAMP_002,30,43610,9780
1603,CONT_01603,Blog,1498,2024-02-29,CAMP_003,26,27151,7576
1604,CONT_01604,Newsletter,1199,2023-11-18,CAMP_006,16,36760,5981
1605,CONT_01605,Newsletter,1785,2024-01-05,CAMP_010,40,33024,7022
1606,CONT_01606,Video,94,2023-08-23,CAMP_005,19,3485,222
1607,CONT_01607,SocialMedia,448,2023-07-05,CAMP_003,25,37268,1725
1608,CONT_01608,Newsletter,2524,2024-10-23,CAMP_002,34,33947,5124
1609,CONT_01609,Newsletter,666,2024-07-15,CAMP_009,15,25726,7312
1610,CONT_01610,Newsletter,254,2024-11-06,CAMP_006,49,22464,4453
1611,CONT_01611,SocialMedia,346,2024-10-07,CAMP_004,5,43639,5960
1612,CONT_01612,SocialMedia,123,2023-01-05,CAMP_003,32,7950,497
1613,CONT_01613,Video,944,2024-08-14,CAMP_004,29,19971,2562
1614,CONT_01614,SocialMedia,257,2024-01-25,CAMP_002,40,15354,953
1615,CONT_01615,Newsletter,544,2024-07-13,CAMP_006,43,11651,1468
1616,CONT_01616,Video,334,2024-12-23,CAMP_006,45,8372,932
1617,CONT_01617,Newsletter,1269,2024-04-02,CAMP_005,2,35084,7380
1618,CONT_01618,Newsletter,1186,2024-10-05,CAMP_007,7,31739,2531
1619,CONT_01619,Newsletter,1003,2024-08-26,CAMP_010,4,22883,3648
1620,CONT_01620,Newsletter,547,2023-06-02,CAMP_006,8,16419,2418
1621,CONT_01621,Blog,1077,2023-12-08,CAMP_006,5,39645,5231
1622,CONT_01622,SocialMedia,536,2024-03-18,CAMP_004,20,24691,1109
1623,CONT_01623,Video,696,2024-04-07,CAMP_001,42,28413,1477
1624,CONT_01624,Newsletter,323,2023-11-30,CAMP_004,16,8187,1296
1625,CONT_01625,Newsletter,744,2023-01-21,CAMP_002,24,23407,6957
1626,CONT_01626,Newsletter,1388,2023-04-22,CAMP_007,44,18593,3616
1627,CONT_01627,Video,476,2023-07-12,CAMP_008,28,23483,3933
1628,CONT_01628,Video,216,2023-10-01,CAMP_002,41,41072,1502
1629,CONT_01629,Newsletter,11,2024-05-13,CAMP_002,37,1522,366
1630,CONT_01630,Video,363,2023-04-15,CAMP_005,38,7193,1275
1631,CONT_01631,Video,5347,2024-01-03,CAMP_006,35,38669,11364
1632,CONT_01632,SocialMedia,1134,2023-02-07,CAMP_008,12,14438,3192
1633,CONT_01633,Newsletter,60,2024-07-01,CAMP_005,16,5604,1109
1634,CONT_01634,Blog,2178,2023-05-24,CAMP_008,46,35947,5144
1635,CONT_01635,SocialMedia,162,2024-09-10,CAMP_001,30,43238,430
1636,CONT_01636,Blog,1138,2023-09-14,CAMP_006,1,47912,6360
1637,CONT_01637,SocialMedia,10,2023-09-25,CAMP_006,46,949,146
1638,CONT_01638,Blog,271,2023-03-27,CAMP_009,31,40783,829
1639,CONT_01639,SocialMedia,73,2024-10-15,CAMP_007,16,2369,231
1640,CONT_01640,SocialMedia,350,2023-07-31,CAMP_008,15,30448,3053
1641,CONT_01641,Newsletter,144,2023-08-01,CAMP_003,42,21732,535
1642,CONT_01642,Newsletter,206,2023-09-24,CAMP_008,15,22254,4843
1643,CONT_01643,Video,224,2024-11-03,CAMP_006,17,9730,722
1644,CONT_01644,SocialMedia,586,2024-04-24,CAMP_004,50,23042,1763
1645,CONT_01645,Video,183,2024-11-05,CAMP_006,40,6827,448
1646,CONT_01646,Newsletter,334,2024-01-24,CAMP_001,46,28078,1020
1647,CONT_01647,Blog,3765,2023-06-10,CAMP_008,17,41273,11626
1648,CONT_01648,Blog,134,2023-04-28,CAMP_007,19,6379,579
1649,CONT_01649,Blog,739,2024-12-19,CAMP_004,28,40346,10124
1650,CONT_01650,Video,338,2023-06-10,CAMP_006,19,47501,859
1651,CONT_01651,SocialMedia,42,2024-07-06,CAMP_010,43,3262,472
1652,CONT_01652,SocialMedia,844,2024-01-04,CAMP_008,39,34621,4305
1653,CONT_01653,SocialMedia,2357,2023-11-04,CAMP_006,36,39618,5279
1654,CONT_01654,SocialMedia,504,2023-10-13,CAMP_008,21,4680,1362
1655,CONT_01655,SocialMedia,1887,2023-12-30,CAMP_007,24,41307,7344
1656,CONT_01656,Video,2738,2024-03-22,CAMP_004,35,34245,8456
1657,CONT_01657,SocialMedia,720,2024-04-09,CAMP_001,14,27228,3518
1658,CONT_01658,Blog,42,2024-10-04,CAMP_002,16,5629,393
1659,CONT_01659,SocialMedia,4048,2023-12-31,CAMP_004,42,46363,8501
1660,CONT_01660,Video,1057,2023-08-08,CAMP_006,19,20246,2403
1661,CONT_01661,Video,2319,2024-06-02,CAMP_009,46,30257,4777
1662,CONT_01662,SocialMedia,1160,2024-12-10,CAMP_003,24,34601,3330
1663,CONT_01663,SocialMedia,46,2024-09-30,CAMP_004,22,19266,1812
1664,CONT_01664,SocialMedia,75,2023-12-27,CAMP_002,32,22757,1466
1665,CONT_01665,SocialMedia,870,2023-01-22,CAMP_007,35,19277,3161
1666,CONT_01666,SocialMedia,218,2024-01-02,CAMP_008,50,17261,3902
1667,CONT_01667,Video,44,2023-02-17,CAMP_002,3,7407,120
1668,CONT_01668,SocialMedia,62,2023-05-24,CAMP_004,38,11138,785
1669,CONT_01669,Video,59,2024-03-03,CAMP_010,33,7486,782
1670,CONT_01670,SocialMedia,737,2023-09-23,CAMP_002,17,10546,2325
1671,CONT_01671,SocialMedia,954,2024-10-04,CAMP_003,27,27322,6757
1672,CONT_01672,SocialMedia,425,2024-05-01,CAMP_002,22,17806,2666
1673,CONT_01673,Blog,814,2024-05-15,CAMP_009,29,8668,2580
1674,CONT_01674,Newsletter,53,2023-05-08,CAMP_006,49,2612,130
1675,CONT_01675,Blog,772,2023-07-20,CAMP_003,46,28203,4940
1676,CONT_01676,Newsletter,1110,2024-02-29,CAMP_010,44,23786,6547
1677,CONT_01677,Blog,3025,2024-07-30,CAMP_004,6,47506,6388
1678,CONT_01678,Blog,179,2024-08-04,CAMP_008,16,22862,3690
1679,CONT_01679,SocialMedia,372,2023-10-28,CAMP_006,22,36426,1691
1680,CONT_01680,SocialMedia,1800,2024-10-16,CAMP_003,41,37146,7738
1681,CONT_01681,Newsletter,450,2023-12-04,CAMP_007,19,12437,3649
1682,CONT_01682,Blog,39,2024-09-29,CAMP_010,49,38725,3862
1683,CONT_01683,Newsletter,392,2023-01-13,CAMP_008,45,5631,1278
1684,CONT_01684,Newsletter,2342,2024-08-08,CAMP_010,37,37788,6472
1685,CONT_01685,SocialMedia,158,2024-07-29,CAMP_008,18,7593,555
1686,CONT_01686,Newsletter,316,2024-12-13,CAMP_001,3,15867,733
1687,CONT_01687,SocialMedia,241,2024-05-21,CAMP_006,34,24242,2809
1688,CONT_01688,Newsletter,692,2023-07-29,CAMP_004,11,30193,3502
1689,CONT_01689,Newsletter,3301,2024-02-23,CAMP_007,33,33575,9767
1690,CONT_01690,Newsletter,2219,2023-10-03,CAMP_004,5,35433,6095
1691,CONT_01691,Blog,61,2023-12-30,CAMP_002,20,4892,171
1692,CONT_01692,Video,1513,2024-01-08,CAMP_005,48,14049,3347
1693,CONT_01693,SocialMedia,908,2024-05-22,CAMP_002,43,22776,2947
1694,CONT_01694,Blog,348,2023-05-28,CAMP_008,22,45085,951
1695,CONT_01695,Newsletter,2718,2024-07-15,CAMP_007,40,41763,8992
1696,CONT_01696,Newsletter,1236,2023-07-28,CAMP_005,11,22240,4321
1697,CONT_01697,SocialMedia,1375,2023-06-21,CAMP_002,11,37683,4580
1698,CONT_01698,Video,195,2024-03-10,CAMP_003,42,36427,7148
1699,CONT_01699,Blog,574,2023-02-15,CAMP_005,4,34066,1811
1700,CONT_01700,Blog,159,2023-01-03,CAMP_006,4,20290,900
1701,CONT_01701,Video,257,2024-11-21,CAMP_005,31,5690,1491
1702,CONT_01702,Video,3299,2023-08-13,CAMP_007,17,39913,11322
1703,CONT_01703,Blog,853,2023-11-07,CAMP_008,9,11756,3342
1704,CONT_01704,Video,1442,2024-08-11,CAMP_003,19,45675,3641
1705,CONT_01705,Video,63,2023-10-24,CAMP_003,17,47941,6568
1706,CONT_01706,Blog,154,2024-12-25,CAMP_005,9,5982,978
1707,CONT_01707,Video,2172,2024-10-28,CAMP_006,49,37934,6606
1708,CONT_01708,SocialMedia,1459,2023-01-20,CAMP_010,7,28844,8293
1709,CONT_01709,Blog,808,2023-05-06,CAMP_005,11,20597,3197
1710,CONT_01710,Blog,15,2023-01-09,CAMP_010,49,32495,76
1711,CONT_01711,Newsletter,121,2024-11-21,CAMP_004,23,1503,360
1712,CONT_01712,Blog,2560,2023-03-21,CAMP_002,31,45476,5262
1713,CONT_01713,Video,235,2023-02-26,CAMP_003,43,15949,1010
1714,CONT_01714,Video,1951,2023-01-02,CAMP_009,25,16179,4136
1715,CONT_01715,Blog,967,2024-05-05,CAMP_006,36,42912,3911
1716,CONT_01716,Newsletter,488,2023-03-30,CAMP_008,9,24603,1674
1717,CONT_01717,Blog,255,2023-08-21,CAMP_001,1,21689,1937
1718,CONT_01718,SocialMedia,401,2024-08-12,CAMP_007,18,12713,1428
1719,CONT_01719,Newsletter,70,2023-03-13,CAMP_002,23,4900,440
1720,CONT_01720,Blog,1259,2023-10-25,CAMP_009,49,33474,3765
1721,CONT_01721,Video,818,2023-03-30,CAMP_006,20,27517,7133
1722,CONT_01722,SocialMedia,115,2024-10-19,CAMP_005,45,40797,530
1723,CONT_01723,Blog,1570,2024-10-17,CAMP_006,13,23816,6775
1724,CONT_01724,Newsletter,112,2023-11-10,CAMP_007,46,6264,474
1725,CONT_01725,SocialMedia,1340,2023-06-22,CAMP_003,33,49448,4989
1726,CONT_01726,SocialMedia,896,2023-11-13,CAMP_009,43,21807,5677
1727,CONT_01727,Video,3670,2024-09-19,CAMP_010,14,47469,9808
1728,CONT_01728,Video,907,2024-04-12,CAMP_006,36,27129,2960
1729,CONT_01729,SocialMedia,371,2023-05-03,CAMP_010,32,14996,2888
1730,CONT_01730,Blog,23,2024-03-19,CAMP_005,6,25899,2460
1731,CONT_01731,SocialMedia,6056,2024-10-18,CAMP_002,21,45855,12938
1732,CONT_01732,Video,952,2024-05-30,CAMP_004,1,20696,2190
1733,CONT_01733,Newsletter,35,2023-07-21,CAMP_003,32,1452,104
1734,CONT_01734,Blog,481,2023-09-16,CAMP_002,2,43146,4462
1735,CONT_01735,Video,3261,2023-07-25,CAMP_007,20,40162,10347
1736,CONT_01736,SocialMedia,161,2023-07-11,CAMP_007,17,10513,3041
1737,CONT_01737,Video,508,2024-03-04,CAMP_009,42,13784,1637
1738,CONT_01738,Newsletter,2709,2023-11-10,CAMP_007,31,28909,7894
1739,CONT_01739,SocialMedia,2915,2023-07-19,CAMP_001,6,34173,6740
1740,CONT_01740,SocialMedia,639,2024-07-28,CAMP_009,9,9189,2049
1741,CONT_01741,Blog,30,2024-03-03,CAMP_008,8,576,71
1742,CONT_01742,Newsletter,395,2024-07-07,CAMP_006,8,40012,4688
1743,CONT_01743,Video,262,2024-03-01,CAMP_001,14,23744,3510
1744,CONT_01744,Video,625,2024-02-12,CAMP_001,27,21883,5711
1745,CONT_01745,SocialMedia,2329,2023-11-17,CAMP_007,5,33381,7560
1746,CONT_01746,Video,82,2024-01-25,CAMP_007,5,49869,226
1747,CONT_01747,Video,333,2023-12-12,CAMP_008,34,41174,3162
1748,CONT_01748,Blog,187,2024-03-09,CAMP_010,1,33574,5538
1749,CONT_01749,SocialMedia,1833,2023-10-20,CAMP_008,48,46601,12670
1750,CONT_01750,Blog,130,2023-08-06,CAMP_001,42,3728,331
1751,CONT_01751,SocialMedia,2980,2024-10-15,CAMP_010,22,35113,10295
1752,CONT_01752,Blog,325,2023-02-06,CAMP_008,10,9628,2477
1753,CONT_01753,SocialMedia,390,2024-07-20,CAMP_003,15,13912,2036
1754,CONT_01754,SocialMedia,2953,2023-03-11,CAMP_002,45,40954,11121
1755,CONT_01755,Blog,4782,2024-05-24,CAMP_008,16,41556,10208
1756,CONT_01756,Newsletter,1607,2024-03-24,CAMP_009,11,29270,7714
1757,CONT_01757,SocialMedia,2410,2023-07-06,CAMP_003,38,42103,9083
1758,CONT_01758,Newsletter,223,2023-11-08,CAMP_005,44,27245,2745
1759,CONT_01759,Video,951,2023-10-05,CAMP_004,2,25194,2825
1760,CONT_01760,Newsletter,145,2023-03-08,CAMP_005,44,2021,441
1761,CONT_01761,Video,1020,2024-08-24,CAMP_009,45,40765,10310
1762,CONT_01762,Newsletter,1218,2024-06-10,CAMP_002,5,11849,3502
1763,CONT_01763,SocialMedia,44,2023-09-01,CAMP_004,38,808,182
1764,CONT_01764,Blog,572,2023-04-29,CAMP_002,45,6016,1236
1765,CONT_01765,Newsletter,31,2024-10-02,CAMP_006,1,16830,1647
1766,CONT_01766,Newsletter,1401,2023-02-24,CAMP_005,19,18821,4731
1767,CONT_01767,SocialMedia,109,2024-08-27,CAMP_003,37,11694,1856
1768,CONT_01768,Blog,1090,2023-04-25,CAMP_007,6,34584,4653
1769,CONT_01769,Newsletter,3323,2023-07-03,CAMP_005,4,45317,6742
1770,CONT_01770,Video,248,2023-05-16,CAMP_004,33,8014,1802
1771,CONT_01771,Blog,71,2024-12-30,CAMP_005,5,1414,213
1772,CONT_01772,Blog,660,2023-06-29,CAMP_007,47,27430,7645
1773,CONT_01773,Video,141,2024-01-04,CAMP_009,14,8506,1386
1774,CONT_01774,Video,654,2024-05-19,CAMP_009,5,28787,3888
1775,CONT_01775,Blog,850,2024-05-27,CAMP_005,31,18721,3603
1776,CONT_01776,Blog,1279,2023-03-02,CAMP_002,50,11680,2854
1777,CONT_01777,Blog,837,2023-12-13,CAMP_009,50,40079,10681
1778,CONT_01778,Video,386,2024-06-22,CAMP_002,8,6951,1178
1779,CONT_01779,Blog,43,2023-07-15,CAMP_006,16,25664,423
1780,CONT_01780,Video,2096,2023-06-16,CAMP_009,38,39300,6557
1781,CONT_01781,Blog,147,2023-04-27,CAMP_003,45,18239,444
1782,CONT_01782,SocialMedia,214,2024-05-22,CAMP_007,26,15429,718
1783,CONT_01783,Blog,297,2024-08-20,CAMP_003,30,6731,863
1784,CONT_01784,Video,377,2024-07-12,CAMP_002,40,34092,7584
1785,CONT_01785,SocialMedia,639,2024-05-25,CAMP_008,48,35351,3810
1786,CONT_01786,Blog,30,2023-09-19,CAMP_008,15,6314,75
1787,CONT_01787,Blog,104,2024-06-13,CAMP_003,7,36856,551
1788,CONT_01788,SocialMedia,315,2024-06-07,CAMP_003,20,5652,1477
1789,CONT_01789,Blog,31,2023-10-08,CAMP_005,20,20219,1967
1790,CONT_01790,Newsletter,4832,2023-10-31,CAMP_003,21,35399,10319
1791,CONT_01791,Newsletter,15,2023-04-04,CAMP_010,29,38487,307
1792,CONT_01792,Newsletter,1862,2023-09-10,CAMP_005,24,48366,10028
1793,CONT_01793,Blog,101,2024-11-13,CAMP_002,13,7315,1541
1794,CONT_01794,Blog,1608,2023-03-14,CAMP_008,1,29551,6422
1795,CONT_01795,Newsletter,711,2024-02-16,CAMP_009,47,7464,1638
1796,CONT_01796,Video,2215,2024-11-21,CAMP_003,42,20869,5703
1797,CONT_01797,Blog,528,2024-06-27,CAMP_005,50,34723,8057
1798,CONT_01798,Blog,2361,2024-02-07,CAMP_010,9,35532,6427
1799,CONT_01799,SocialMedia,124,2023-12-01,CAMP_006,29,17173,2147
1800,CONT_01800,SocialMedia,1899,2023-06-25,CAMP_002,15,20756,4133
1801,CONT_01801,Newsletter,635,2023-01-27,CAMP_010,5,43106,6664
1802,CONT_01802,Newsletter,1216,2023-04-23,CAMP_008,48,43820,4514
1803,CONT_01803,SocialMedia,39,2023-03-06,CAMP_008,4,4974,1328
1804,CONT_01804,Newsletter,1004,2024-03-24,CAMP_003,7,35039,6208
1805,CONT_01805,Video,1735,2023-12-21,CAMP_009,17,38246,3580
1806,CONT_01806,Blog,90,2024-01-10,CAMP_008,6,20470,3993
1807,CONT_01807,SocialMedia,719,2024-01-29,CAMP_005,7,21316,3230
1808,CONT_01808,Newsletter,947,2023-04-08,CAMP_006,30,26043,3487
1809,CONT_01809,Blog,29,2024-05-21,CAMP_001,7,8290,624
1810,CONT_01810,Blog,1580,2024-01-12,CAMP_010,28,41525,8675
1811,CONT_01811,Newsletter,848,2023-07-06,CAMP_006,47,12674,3343
1812,CONT_01812,Video,330,2023-12-24,CAMP_001,46,30674,6948
1813,CONT_01813,SocialMedia,4214,2024-10-23,CAMP_005,35,40306,10340
1814,CONT_01814,Blog,526,2024-03-17,CAMP_009,48,27880,1124
1815,CONT_01815,SocialMedia,296,2023-05-29,CAMP_003,38,17072,1722
1816,CONT_01816,Newsletter,136,2024-12-08,CAMP_001,5,14714,1121
1817,CONT_01817,SocialMedia,1789,2023-01-10,CAMP_010,1,38703,8965
1818,CONT_01818,Video,1919,2024-03-06,CAMP_006,36,16705,4063
1819,CONT_01819,Video,140,2023-04-19,CAMP_005,3,43512,9343
1820,CONT_01820,Video,14,2023-12-27,CAMP_008,36,48720,56
1821,CONT_01821,Newsletter,6570,2024-09-04,CAMP_001,40,48952,13433
1822,CONT_01822,Video,954,2024-09-08,CAMP_010,1,9872,2844
1823,CONT_01823,Video,288,2024-09-01,CAMP_010,8,26382,5003
1824,CONT_01824,SocialMedia,2183,2024-07-07,CAMP_004,25,28023,4419
1825,CONT_01825,SocialMedia,432,2024-12-18,CAMP_004,25,27675,1352
1826,CONT_01826,Newsletter,476,2024-12-27,CAMP_008,21,31630,1139
1827,CONT_01827,SocialMedia,4683,2024-12-24,CAMP_005,44,47414,11208
1828,CONT_01828,SocialMedia,376,2023-10-06,CAMP_009,41,41314,1676
1829,CONT_01829,Newsletter,697,2024-10-13,CAMP_005,7,36164,1490
1830,CONT_01830,SocialMedia,920,2024-04-28,CAMP_001,24,11238,3306
1831,CONT_01831,Blog,1394,2023-02-11,CAMP_006,28,31464,5585
1832,CONT_01832,SocialMedia,566,2024-07-03,CAMP_009,43,35514,1366
1833,CONT_01833,Newsletter,3024,2023-01-26,CAMP_002,15,39279,11774
1834,CONT_01834,Blog,954,2023-03-05,CAMP_008,18,13666,2202
1835,CONT_01835,Blog,16,2023-09-04,CAMP_005,40,11525,139
1836,CONT_01836,Video,1127,2024-11-10,CAMP_002,20,49464,2908
1837,CONT_01837,Blog,496,2024-06-29,CAMP_007,44,12093,1327
1838,CONT_01838,SocialMedia,451,2024-02-25,CAMP_003,31,29338,3080
1839,CONT_01839,SocialMedia,104,2023-09-05,CAMP_005,21,33369,9396
1840,CONT_01840,Video,2330,2023-09-12,CAMP_003,5,43445,8242
1841,CONT_01841,Blog,1222,2024-09-07,CAMP_007,36,39419,5323
1842,CONT_01842,Newsletter,127,2024-04-28,CAMP_010,1,30679,3133
1843,CONT_01843,Blog,4113,2023-10-13,CAMP_007,29,47760,9407
1844,CONT_01844,Newsletter,157,2024-01-17,CAMP_002,6,1757,355
1845,CONT_01845,Blog,1503,2023-06-16,CAMP_006,31,23509,3359
1846,CONT_01846,Newsletter,19,2024-06-23,CAMP_001,23,4219,118
1847,CONT_01847,Newsletter,2823,2024-01-18,CAMP_001,2,39188,11567
1848,CONT_01848,Blog,160,2023-12-19,CAMP_007,50,20017,2296
1849,CONT_01849,Newsletter,196,2024-04-04,CAMP_003,32,3204,433
1850,CONT_01850,Video,20,2023-04-27,CAMP_008,21,12780,139
1851,CONT_01851,SocialMedia,1165,2024-12-18,CAMP_001,21,37289,3525
1852,CONT_01852,SocialMedia,338,2024-05-04,CAMP_007,45,8202,979
1853,CONT_01853,Blog,766,2023-01-05,CAMP_004,10,44084,7527
1854,CONT_01854,Video,1599,2023-05-25,CAMP_004,42,40335,3216
1855,CONT_01855,Newsletter,1732,2024-05-18,CAMP_008,40,32063,6040
1856,CONT_01856,Video,2243,2023-11-29,CAMP_004,12,25925,7139
1857,CONT_01857,Video,1168,2023-06-09,CAMP_007,42,19737,4189
1858,CONT_01858,Blog,1960,2024-10-10,CAMP_005,28,29421,5931
1859,CONT_01859,Video,3606,2024-07-16,CAMP_006,26,44851,12335
1860,CONT_01860,Video,1480,2023-10-11,CAMP_003,29,46082,9581
1861,CONT_01861,SocialMedia,753,2023-04-04,CAMP_007,23,35768,2137
1862,CONT_01862,SocialMedia,4005,2023-08-01,CAMP_006,7,34668,8086
1863,CONT_01863,Blog,3231,2023-09-04,CAMP_005,41,31992,8738
1864,CONT_01864,Blog,2734,2024-05-11,CAMP_008,20,37186,7888
1865,CONT_01865,Newsletter,922,2024-11-05,CAMP_002,2,13399,2442
1866,CONT_01866,SocialMedia,3502,2023-07-03,CAMP_008,32,35685,7239
1867,CONT_01867,Newsletter,2219,2024-06-01,CAMP_009,43,27357,5517
1868,CONT_01868,Newsletter,2326,2023-06-28,CAMP_001,22,47329,12874
1869,CONT_01869,Blog,1105,2023-10-31,CAMP_007,12,21760,3905
1870,CONT_01870,SocialMedia,278,2024-02-21,CAMP_006,6,27058,1764
1871,CONT_01871,Newsletter,248,2023-03-29,CAMP_003,5,7924,1467
1872,CONT_01872,Video,1468,2024-06-17,CAMP_003,41,44845,3874
1873,CONT_01873,Newsletter,2717,2024-06-05,CAMP_007,21,35341,7097
1874,CONT_01874,Blog,1726,2024-02-24,CAMP_001,7,17111,3627
1875,CONT_01875,Newsletter,2331,2023-08-31,CAMP_010,27,48863,5783
1876,CONT_01876,Newsletter,1523,2024-12-09,CAMP_003,12,45570,5534
1877,CONT_01877,Newsletter,548,2024-01-31,CAMP_006,22,48863,2240
1878,CONT_01878,SocialMedia,2969,2024-05-12,CAMP_009,29,48705,9898
1879,CONT_01879,SocialMedia,566,2023-09-02,CAMP_003,1,8019,1603
1880,CONT_01880,SocialMedia,179,2023-08-08,CAMP_002,33,30851,2087
1881,CONT_01881,Blog,294,2024-09-07,CAMP_009,4,5891,1579
1882,CONT_01882,Blog,1823,2024-12-03,CAMP_006,22,35468,4211
1883,CONT_01883,Video,604,2024-12-04,CAMP_004,10,32343,4090
1884,CONT_01884,SocialMedia,202,2023-05-11,CAMP_002,36,40242,1168
1885,CONT_01885,SocialMedia,2129,2023-09-12,CAMP_006,38,38520,4353
1886,CONT_01886,Blog,2123,2024-05-24,CAMP_004,9,26061,4968
1887,CONT_01887,Newsletter,1381,2024-03-13,CAMP_003,31,33954,4520
1888,CONT_01888,Blog,64,2024-10-02,CAMP_003,17,12922,1959
1889,CONT_01889,Video,2276,2023-12-23,CAMP_010,35,40486,8655
1890,CONT_01890,Blog,67,2024-08-10,CAMP_005,30,25377,3320
1891,CONT_01891,SocialMedia,881,2023-10-25,CAMP_007,47,27807,2459
1892,CONT_01892,Video,4543,2024-05-26,CAMP_003,18,35359,9326
1893,CONT_01893,Video,1003,2023-03-26,CAMP_003,47,25983,7487
1894,CONT_01894,Video,306,2023-06-26,CAMP_008,20,45544,752
1895,CONT_01895,SocialMedia,274,2023-04-05,CAMP_002,10,3402,653
1896,CONT_01896,SocialMedia,359,2024-11-02,CAMP_002,9,49776,1262
1897,CONT_01897,Video,1152,2023-02-02,CAMP_006,19,25618,4224
1898,CONT_01898,Blog,686,2023-08-24,CAMP_008,1,44357,5488
1899,CONT_01899,Blog,3910,2024-01-16,CAMP_002,40,30123,8211
1900,CONT_01900,Blog,172,2024-03-17,CAMP_001,31,13976,1491
1901,CONT_01901,SocialMedia,2360,2023-09-03,CAMP_003,28,30927,8397
1902,CONT_01902,Newsletter,1739,2023-10-06,CAMP_004,5,35361,5122
1903,CONT_01903,Blog,233,2023-08-26,CAMP_009,43,14187,1199
1904,CONT_01904,Video,1474,2024-03-21,CAMP_008,16,16405,3708
1905,CONT_01905,Blog,2213,2023-06-28,CAMP_002,40,36412,5667
1906,CONT_01906,Newsletter,1243,2024-09-19,CAMP_007,35,18694,2845
1907,CONT_01907,SocialMedia,79,2024-11-27,CAMP_002,10,14002,813
1908,CONT_01908,Video,2065,2024-09-20,CAMP_009,13,24465,4157
1909,CONT_01909,SocialMedia,71,2023-10-01,CAMP_002,9,1873,538
1910,CONT_01910,Video,1855,2023-03-01,CAMP_008,32,43949,6809
1911,CONT_01911,SocialMedia,713,2023-11-04,CAMP_008,21,20169,2127
1912,CONT_01912,Newsletter,201,2024-12-11,CAMP_007,34,15609,952
1913,CONT_01913,Newsletter,76,2023-11-02,CAMP_003,25,44656,729
1914,CONT_01914,Video,3526,2023-08-25,CAMP_010,18,48027,13196
1915,CONT_01915,Newsletter,885,2024-12-26,CAMP_002,1,24825,4256
1916,CONT_01916,Blog,1422,2024-05-30,CAMP_008,9,23188,4594
1917,CONT_01917,Newsletter,979,2023-12-25,CAMP_001,12,12784,2896
1918,CONT_01918,Newsletter,806,2023-11-10,CAMP_003,8,40210,2583
1919,CONT_01919,Blog,3344,2023-06-16,CAMP_009,36,36531,7240
1920,CONT_01920,Blog,3030,2024-10-14,CAMP_005,37,28988,6835
1921,CONT_01921,Newsletter,2573,2024-08-15,CAMP_010,1,43010,10289
1922,CONT_01922,Blog,2592,2023-10-01,CAMP_004,48,27021,5481
1923,CONT_01923,SocialMedia,307,2023-12-08,CAMP_001,12,9907,823
1924,CONT_01924,Blog,975,2023-01-06,CAMP_001,1,8412,2133
1925,CONT_01925,Blog,75,2023-02-26,CAMP_006,16,9675,782
1926,CONT_01926,SocialMedia,130,2024-08-12,CAMP_006,25,3286,604
1927,CONT_01927,Blog,159,2024-03-10,CAMP_007,5,35125,546
1928,CONT_01928,Newsletter,28,2024-04-26,CAMP_009,12,1516,97
1929,CONT_01929,Video,418,2023-05-05,CAMP_008,13,23597,4680
1930,CONT_01930,Blog,248,2024-02-17,CAMP_009,34,27940,5361
1931,CONT_01931,Video,103,2024-04-21,CAMP_004,8,28654,684
1932,CONT_01932,Newsletter,49,2024-12-06,CAMP_005,22,23331,485
1933,CONT_01933,Blog,247,2023-03-04,CAMP_006,10,13557,568
1934,CONT_01934,Video,2502,2023-09-21,CAMP_006,28,43821,7053
1935,CONT_01935,Video,1922,2024-02-11,CAMP_005,27,27742,6257
1936,CONT_01936,Blog,2508,2023-01-09,CAMP_001,1,47311,8324
1937,CONT_01937,Blog,399,2024-03-30,CAMP_005,13,7691,917
1938,CONT_01938,Newsletter,27,2024-05-01,CAMP_004,33,32553,1649
1939,CONT_01939,SocialMedia,176,2024-11-09,CAMP_009,45,12325,653
1940,CONT_01940,SocialMedia,1325,2023-05-25,CAMP_004,47,28516,2744
1941,CONT_01941,SocialMedia,53,2023-10-10,CAMP_002,31,3410,168
1942,CONT_01942,Newsletter,3463,2024-03-23,CAMP_002,3,30765,8881
1943,CONT_01943,Blog,363,2023-05-06,CAMP_009,25,23535,4952
1944,CONT_01944,SocialMedia,987,2024-09-30,CAMP_004,41,18072,4142
1945,CONT_01945,SocialMedia,708,2023-10-20,CAMP_001,9,33805,9518
1946,CONT_01946,Newsletter,3195,2023-08-19,CAMP_002,21,42583,11110
1947,CONT_01947,Video,401,2024-10-26,CAMP_001,33,44807,8663
1948,CONT_01948,Newsletter,682,2023-04-11,CAMP_004,8,22681,3825
1949,CONT_01949,SocialMedia,404,2024-05-17,CAMP_001,43,36647,2275
1950,CONT_01950,Video,1319,2023-01-17,CAMP_002,43,25938,4440
1951,CONT_01951,SocialMedia,269,2024-01-11,CAMP_005,7,6243,550
1952,CONT_01952,Video,422,2023-10-14,CAMP_006,30,15296,1367
1953,CONT_01953,Blog,946,2024-05-13,CAMP_001,5,29912,4139
1954,CONT_01954,Blog,55,2023-12-21,CAMP_005,47,13121,1695
1955,CONT_01955,Newsletter,171,2024-10-04,CAMP_001,35,31497,3866
1956,CONT_01956,SocialMedia,1337,2024-05-07,CAMP_008,21,11315,2701
1957,CONT_01957,Newsletter,12,2024-03-20,CAMP_001,20,48164,9845
1958,CONT_01958,Blog,53,2024-09-17,CAMP_006,25,40885,6410
1959,CONT_01959,Newsletter,198,2024-07-23,CAMP_003,36,7075,397
1960,CONT_01960,SocialMedia,133,2023-11-17,CAMP_009,28,46777,335
1961,CONT_01961,Video,55,2024-08-22,CAMP_008,21,37337,3940
1962,CONT_01962,SocialMedia,821,2023-04-26,CAMP_005,38,45789,6233
1963,CONT_01963,SocialMedia,2381,2023-04-07,CAMP_009,44,39280,6735
1964,CONT_01964,Newsletter,1626,2024-07-12,CAMP_007,14,31620,5289
1965,CONT_01965,Video,1574,2023-10-14,CAMP_003,12,43726,4553
1966,CONT_01966,Blog,1264,2023-12-13,CAMP_006,34,37710,9444
1967,CONT_01967,SocialMedia,726,2024-07-01,CAMP_001,43,13485,3325
1968,CONT_01968,Newsletter,530,2023-10-24,CAMP_010,7,41551,4074
1969,CONT_01969,Blog,962,2023-10-25,CAMP_009,35,23305,6954
1970,CONT_01970,SocialMedia,912,2023-06-17,CAMP_008,29,40344,3104
1971,CONT_01971,SocialMedia,1549,2023-05-21,CAMP_009,6,33051,9600
1972,CONT_01972,Blog,512,2024-04-07,CAMP_002,8,31552,1459
1973,CONT_01973,Blog,16,2024-05-18,CAMP_004,28,3348,228
1974,CONT_01974,Blog,1560,2023-09-25,CAMP_002,31,21428,3777
1975,CONT_01975,Blog,57,2023-01-19,CAMP_001,2,42366,8708
1976,CONT_01976,Blog,71,2023-03-02,CAMP_003,47,6413,516
1977,CONT_01977,Blog,160,2023-09-19,CAMP_001,6,36384,9696
1978,CONT_01978,Blog,672,2023-04-22,CAMP_006,43,16702,4725
1979,CONT_01979,Blog,3856,2023-05-31,CAMP_005,19,31044,8111
1980,CONT_01980,SocialMedia,1193,2023-11-27,CAMP_007,5,47075,6939
1981,CONT_01981,Video,392,2024-12-05,CAMP_009,48,38078,1666
1982,CONT_01982,SocialMedia,1354,2024-09-27,CAMP_008,20,26529,7783
1983,CONT_01983,Newsletter,864,2023-10-26,CAMP_009,30,41757,9725
1984,CONT_01984,Blog,4998,2023-01-16,CAMP_009,15,46201,11081
1985,CONT_01985,SocialMedia,365,2024-03-08,CAMP_002,37,9105,1589
1986,CONT_01986,Newsletter,2235,2023-03-14,CAMP_003,25,38553,6252
1987,CONT_01987,Newsletter,978,2024-01-30,CAMP_010,37,40933,9557
1988,CONT_01988,SocialMedia,2770,2023-01-28,CAMP_009,41,30487,7472
1989,CONT_01989,Newsletter,943,2023-10-31,CAMP_009,47,25195,2958
1990,CONT_01990,Newsletter,1821,2024-11-10,CAMP_006,39,39634,7421
1991,CONT_01991,Newsletter,1426,2024-11-12,CAMP_009,2,32114,3555
1992,CONT_01992,Blog,115,2024-06-21,CAMP_003,13,21347,328
1993,CONT_01993,SocialMedia,589,2023-09-02,CAMP_005,30,15901,1884
1994,CONT_01994,Video,1449,2024-03-20,CAMP_008,36,44034,11828
1995,CONT_01995,Newsletter,238,2023-09-09,CAMP_009,24,29912,905
1996,CONT_01996,Video,19,2023-03-25,CAMP_008,14,697,142
1997,CONT_01997,SocialMedia,30,2023-12-07,CAMP_009,29,14777,74
1998,CONT_01998,SocialMedia,133,2023-06-18,CAMP_003,38,33786,8656
1999,CONT_01999,Video,6702,2024-05-26,CAMP_007,40,49772,14314
2000,CONT_02000,SocialMedia,1773,2024-05-25,CAMP_001,29,34750,8856
2001,CONT_02001,Blog,93,2024-03-03,CAMP_003,13,44560,9900
2002,CONT_02002,Blog,801,2023-11-10,CAMP_005,40,18983,1891
2003,CONT_02003,Blog,1870,2023-01-04,CAMP_009,19,32747,5133
2004,CONT_02004,Newsletter,782,2023-06-12,CAMP_005,40,7827,1851
2005,CONT_02005,Video,272,2023-07-26,CAMP_007,24,25215,2012
2006,CONT_02006,Blog,223,2023-05-25,CAMP_007,30,16924,904
2007,CONT_02007,SocialMedia,3118,2023-06-17,CAMP_009,43,33625,9992
2008,CONT_02008,Newsletter,302,2023-04-14,CAMP_006,26,47249,4090
2009,CONT_02009,Newsletter,88,2024-06-07,CAMP_008,8,4630,1319
2010,CONT_02010,Newsletter,1259,2024-08-09,CAMP_010,11,18048,2782
2011,CONT_02011,Blog,32,2023-06-03,CAMP_003,6,5645,1106
2012,CONT_02012,SocialMedia,3267,2023-02-03,CAMP_006,3,36889,9595
2013,CONT_02013,SocialMedia,454,2024-10-11,CAMP_002,31,25717,942
2014,CONT_02014,SocialMedia,370,2023-10-13,CAMP_007,23,32119,4256
2015,CONT_02015,Video,197,2023-09-11,CAMP_004,22,6128,1701
2016,CONT_02016,Video,366,2023-12-24,CAMP_007,26,27699,4992
2017,CONT_02017,SocialMedia,214,2023-08-27,CAMP_009,27,13371,1614
2018,CONT_02018,Video,16,2024-04-02,CAMP_005,17,22308,206
2019,CONT_02019,SocialMedia,15,2023-03-07,CAMP_010,6,21279,5386
2020,CONT_02020,Newsletter,954,2023-01-21,CAMP_007,42,26558,2177
2021,CONT_02021,Newsletter,3941,2024-05-12,CAMP_009,41,41480,11169
2022,CONT_02022,Blog,142,2023-11-13,CAMP_006,10,14129,2218
2023,CONT_02023,Video,1784,2023-10-09,CAMP_010,5,18552,4535
2024,CONT_02024,Video,31,2023-09-29,CAMP_004,23,2106,67
2025,CONT_02025,Blog,106,2023-08-02,CAMP_010,10,18672,371
2026,CONT_02026,Video,211,2023-07-29,CAMP_003,30,26978,3031
2027,CONT_02027,Blog,2397,2023-04-17,CAMP_003,28,20110,5114
2028,CONT_02028,Video,1096,2024-04-28,CAMP_001,47,15935,4280
2029,CONT_02029,Blog,45,2024-01-07,CAMP_001,39,10869,2700
2030,CONT_02030,Blog,590,2024-11-23,CAMP_003,43,14345,2008
2031,CONT_02031,SocialMedia,335,2024-08-19,CAMP_004,9,26126,1091
2032,CONT_02032,Newsletter,990,2023-04-24,CAMP_010,11,49441,12917
2033,CONT_02033,Video,153,2024-06-07,CAMP_004,1,49210,1821
2034,CONT_02034,Blog,471,2024-06-08,CAMP_004,42,16162,4408
2035,CONT_02035,SocialMedia,515,2024-08-07,CAMP_002,32,8098,1747
2036,CONT_02036,Newsletter,4704,2024-03-23,CAMP_001,32,45194,11769
2037,CONT_02037,Blog,315,2023-08-31,CAMP_004,46,9717,2560
2038,CONT_02038,Video,380,2023-07-31,CAMP_002,24,16812,1766
2039,CONT_02039,SocialMedia,1122,2024-04-16,CAMP_003,46,11481,2965
2040,CONT_02040,Video,5201,2023-01-23,CAMP_005,46,46247,13631
2041,CONT_02041,Blog,467,2024-11-12,CAMP_008,6,7284,1141
2042,CONT_02042,Newsletter,4419,2023-06-27,CAMP_002,35,35355,10042
2043,CONT_02043,SocialMedia,669,2023-04-10,CAMP_007,13,25807,4534
2044,CONT_02044,Newsletter,23,2024-06-19,CAMP_007,42,32495,114
2045,CONT_02045,Video,5244,2024-10-19,CAMP_008,15,46140,10859
2046,CONT_02046,SocialMedia,81,2023-05-22,CAMP_005,11,11141,941
2047,CONT_02047,Newsletter,814,2024-06-08,CAMP_002,11,36951,3569
2048,CONT_02048,Video,289,2024-06-17,CAMP_008,35,19741,2854
2049,CONT_02049,Video,45,2023-09-22,CAMP_008,19,40544,171
2050,CONT_02050,Blog,289,2023-10-03,CAMP_002,1,20959,1809
2051,CONT_02051,Video,147,2024-01-31,CAMP_006,12,20131,5520
2052,CONT_02052,Video,1304,2023-05-12,CAMP_005,20,38447,4092
2053,CONT_02053,Video,578,2024-01-19,CAMP_002,37,49966,3850
2054,CONT_02054,Video,80,2024-10-29,CAMP_010,29,838,242
2055,CONT_02055,Newsletter,289,2024-07-10,CAMP_002,48,17790,4097
2056,CONT_02056,Video,118,2023-07-02,CAMP_006,46,2308,488
2057,CONT_02057,Blog,393,2023-01-27,CAMP_005,13,28601,2889
2058,CONT_02058,Newsletter,302,2024-07-15,CAMP_008,11,8686,1111
2059,CONT_02059,Video,889,2023-04-30,CAMP_006,12,38803,2168
2060,CONT_02060,SocialMedia,2260,2023-05-17,CAMP_001,36,49748,7012
2061,CONT_02061,Blog,267,2023-01-05,CAMP_010,33,1897,535
2062,CONT_02062,SocialMedia,76,2023-12-31,CAMP_003,41,2859,644
2063,CONT_02063,Blog,4870,2023-10-08,CAMP_003,13,46598,13182
2064,CONT_02064,Video,681,2023-08-05,CAMP_001,47,32685,9305
2065,CONT_02065,SocialMedia,33,2023-06-21,CAMP_006,6,38579,2191
2066,CONT_02066,Blog,356,2024-05-05,CAMP_010,36,44577,2799
2067,CONT_02067,SocialMedia,2038,2023-12-07,CAMP_010,45,30883,8446
2068,CONT_02068,Video,818,2023-02-04,CAMP_004,12,11564,1816
2069,CONT_02069,SocialMedia,51,2024-04-24,CAMP_008,42,36607,122
2070,CONT_02070,Blog,862,2024-05-17,CAMP_002,23,32033,8801
2071,CONT_02071,Blog,617,2023-10-28,CAMP_007,1,36026,5420
2072,CONT_02072,Video,112,2024-07-08,CAMP_006,8,11093,2813
2073,CONT_02073,Video,271,2024-03-02,CAMP_007,3,12741,624
2074,CONT_02074,Blog,3751,2024-12-07,CAMP_005,37,38732,10260
2075,CONT_02075,Video,122,2024-01-18,CAMP_010,4,7237,1860
2076,CONT_02076,SocialMedia,1026,2024-04-27,CAMP_003,45,33321,8051
2077,CONT_02077,Video,185,2023-04-19,CAMP_003,21,43952,12784
2078,CONT_02078,Newsletter,561,2023-08-23,CAMP_003,37,34653,3388
2079,CONT_02079,Newsletter,2585,2024-05-17,CAMP_002,22,43777,7035
2080,CONT_02080,Video,1509,2024-08-03,CAMP_006,44,43567,3066
2081,CONT_02081,Video,605,2023-11-06,CAMP_008,43,5855,1663
2082,CONT_02082,Newsletter,624,2023-03-27,CAMP_001,15,31153,1496
2083,CONT_02083,Video,922,2023-12-24,CAMP_010,10,26820,6724
2084,CONT_02084,Blog,423,2023-09-30,CAMP_001,22,31315,2991
2085,CONT_02085,Blog,3564,2024-03-06,CAMP_004,8,35435,8951
2086,CONT_02086,Video,241,2024-01-20,CAMP_002,5,36018,7689
2087,CONT_02087,Video,226,2024-12-14,CAMP_009,49,8094,510
2088,CONT_02088,Video,949,2024-09-30,CAMP_003,47,39651,11673
2089,CONT_02089,Newsletter,491,2024-05-02,CAMP_004,15,38554,5551
2090,CONT_02090,Newsletter,2257,2023-05-03,CAMP_005,15,28224,5054
2091,CONT_02091,Blog,105,2023-01-01,CAMP_002,37,30027,4373
2092,CONT_02092,Blog,23,2023-09-11,CAMP_009,11,7546,69
2093,CONT_02093,SocialMedia,172,2024-01-29,CAMP_006,50,18285,1976
2094,CONT_02094,Video,338,2024-11-13,CAMP_009,39,37761,5198
2095,CONT_02095,Blog,2716,2023-11-30,CAMP_002,29,32423,8251
2096,CONT_02096,Blog,1196,2024-07-25,CAMP_001,42,16126,3332
2097,CONT_02097,SocialMedia,2111,2024-06-30,CAMP_010,14,39982,11743
2098,CONT_02098,Blog,1127,2023-02-20,CAMP_009,3,19087,5104
2099,CONT_02099,Blog,51,2024-02-15,CAMP_010,35,876,156
2100,CONT_02100,Blog,395,2023-07-15,CAMP_002,26,46474,3588
2101,CONT_02101,Newsletter,404,2023-10-22,CAMP_001,49,11539,1644
2102,CONT_02102,SocialMedia,21,2023-12-11,CAMP_010,37,29791,5735
2103,CONT_02103,Blog,94,2024-06-12,CAMP_002,4,28722,4606
2104,CONT_02104,Newsletter,117,2024-03-28,CAMP_010,25,4260,1228
2105,CONT_02105,Video,674,2023-01-27,CAMP_009,25,21867,5008
2106,CONT_02106,Video,2382,2023-10-06,CAMP_006,45,33188,4789
2107,CONT_02107,Video,395,2023-03-29,CAMP_009,24,13325,2482
2108,CONT_02108,Newsletter,1058,2024-08-01,CAMP_004,17,47477,5493
2109,CONT_02109,Newsletter,220,2024-06-13,CAMP_009,33,7446,655
2110,CONT_02110,Blog,4580,2024-01-20,CAMP_004,12,41638,10375
2111,CONT_02111,Blog,331,2023-08-12,CAMP_001,32,30931,702
2112,CONT_02112,Blog,521,2023-06-26,CAMP_006,22,28275,2156
2113,CONT_02113,Blog,5105,2024-10-27,CAMP_002,11,49036,11792
2114,CONT_02114,Newsletter,381,2023-04-08,CAMP_009,2,6955,1857
2115,CONT_02115,Newsletter,269,2023-09-27,CAMP_007,30,17938,2598
2116,CONT_02116,Newsletter,18,2024-11-05,CAMP_003,23,1773,81
2117,CONT_02117,Newsletter,388,2023-07-08,CAMP_006,17,21180,4121
2118,CONT_02118,Video,1814,2024-08-04,CAMP_006,6,36221,4986
2119,CONT_02119,Newsletter,156,2023-03-10,CAMP_005,2,38094,10130
2120,CONT_02120,Blog,1284,2024-08-08,CAMP_007,11,42762,4976
2121,CONT_02121,Video,367,2023-09-10,CAMP_009,40,7677,1774
2122,CONT_02122,Newsletter,1636,2024-08-19,CAMP_001,30,49021,3606
2123,CONT_02123,Newsletter,740,2024-12-19,CAMP_003,17,26866,4031
2124,CONT_02124,Video,438,2023-11-25,CAMP_008,38,16268,900
2125,CONT_02125,Newsletter,2293,2023-03-09,CAMP_002,9,23251,6469
2126,CONT_02126,Video,234,2024-07-17,CAMP_004,28,4326,1018
2127,CONT_02127,SocialMedia,5121,2024-03-07,CAMP_009,4,44776,13115
2128,CONT_02128,Blog,132,2024-03-04,CAMP_007,11,10085,1932
2129,CONT_02129,SocialMedia,1885,2024-01-02,CAMP_003,27,40296,10636
2130,CONT_02130,Blog,720,2024-03-02,CAMP_006,22,41737,7380
2131,CONT_02131,Blog,455,2023-04-11,CAMP_004,22,13870,1091
2132,CONT_02132,Video,15,2024-11-18,CAMP_009,9,30148,139
2133,CONT_02133,SocialMedia,1295,2023-02-28,CAMP_001,11,9191,2686
2134,CONT_02134,Video,98,2023-10-10,CAMP_007,31,45330,3699
2135,CONT_02135,Video,567,2024-01-17,CAMP_004,15,30198,1588
2136,CONT_02136,Blog,614,2024-12-14,CAMP_009,15,22790,3356
2137,CONT_02137,Video,1522,2024-07-22,CAMP_008,22,12146,3492
2138,CONT_02138,SocialMedia,979,2023-09-01,CAMP_007,19,33861,4287
2139,CONT_02139,SocialMedia,1212,2024-02-29,CAMP_005,24,10337,2932
2140,CONT_02140,Newsletter,407,2024-10-27,CAMP_010,14,25286,3195
2141,CONT_02141,Blog,59,2024-03-20,CAMP_009,46,9188,709
2142,CONT_02142,Blog,169,2023-03-27,CAMP_006,22,6768,1098
2143,CONT_02143,Newsletter,147,2024-01-12,CAMP_002,12,44618,1485
2144,CONT_02144,Blog,1428,2023-07-19,CAMP_005,1,12980,3685
2145,CONT_02145,Blog,617,2023-11-08,CAMP_005,45,47249,1235
2146,CONT_02146,Video,3028,2024-02-02,CAMP_010,49,31528,7209
2147,CONT_02147,Newsletter,472,2023-04-16,CAMP_002,32,13714,1733
2148,CONT_02148,Blog,88,2024-01-11,CAMP_008,45,3331,283
2149,CONT_02149,Video,1569,2023-12-19,CAMP_010,47,29621,5633
2150,CONT_02150,SocialMedia,14,2023-07-09,CAMP_005,12,881,62
2151,CONT_02151,SocialMedia,422,2024-01-30,CAMP_005,15,29997,1550
2152,CONT_02152,SocialMedia,1430,2023-12-31,CAMP_002,39,13123,3064
2153,CONT_02153,Newsletter,26,2023-03-12,CAMP_006,9,10975,318
2154,CONT_02154,SocialMedia,17,2024-03-07,CAMP_008,28,1071,158
2155,CONT_02155,Video,5731,2023-04-30,CAMP_002,32,42074,11748
2156,CONT_02156,SocialMedia,49,2023-04-28,CAMP_001,44,5598,132
2157,CONT_02157,Video,105,2024-10-25,CAMP_001,20,3649,729
2158,CONT_02158,Video,2918,2023-12-21,CAMP_002,2,27867,6611
2159,CONT_02159,SocialMedia,872,2024-04-28,CAMP_003,9,39636,5920
2160,CONT_02160,Newsletter,1701,2024-08-10,CAMP_003,48,35188,3819
2161,CONT_02161,Blog,324,2023-10-02,CAMP_009,35,14555,1535
2162,CONT_02162,Blog,1794,2024-01-01,CAMP_008,31,27318,4953
2163,CONT_02163,Newsletter,1230,2023-06-18,CAMP_009,37,14481,2937
2164,CONT_02164,Blog,95,2024-11-02,CAMP_005,22,15968,647
2165,CONT_02165,SocialMedia,279,2023-03-20,CAMP_007,3,17646,4817
2166,CONT_02166,Video,997,2024-07-25,CAMP_003,10,31006,8965
2167,CONT_02167,SocialMedia,1120,2024-10-11,CAMP_010,19,47271,4417
2168,CONT_02168,Video,2484,2024-07-02,CAMP_005,34,44255,13100
2169,CONT_02169,Video,2546,2023-11-14,CAMP_005,22,26391,6425
2170,CONT_02170,Blog,198,2024-04-19,CAMP_003,40,12107,533
2171,CONT_02171,Blog,237,2024-05-06,CAMP_002,15,25366,5931
2172,CONT_02172,SocialMedia,129,2024-07-01,CAMP_003,29,6091,602
2173,CONT_02173,Newsletter,482,2023-05-16,CAMP_004,47,43958,6547
2174,CONT_02174,Video,2621,2023-05-31,CAMP_006,47,24546,6110
2175,CONT_02175,Blog,31,2024-02-28,CAMP_008,29,29433,2881
2176,CONT_02176,SocialMedia,3785,2024-07-29,CAMP_001,16,41145,11131
2177,CONT_02177,SocialMedia,669,2023-02-22,CAMP_008,22,37154,6523
2178,CONT_02178,SocialMedia,685,2024-10-17,CAMP_010,13,39780,1478
2179,CONT_02179,SocialMedia,696,2024-06-06,CAMP_004,47,45331,9297
2180,CONT_02180,Video,1252,2024-06-28,CAMP_006,22,15981,4148
2181,CONT_02181,Blog,497,2023-12-21,CAMP_002,44,26138,4223
2182,CONT_02182,Blog,524,2023-12-08,CAMP_007,50,9223,1936
2183,CONT_02183,Newsletter,673,2024-11-22,CAMP_008,46,31267,6483
2184,CONT_02184,SocialMedia,634,2023-10-03,CAMP_006,27,33621,2067
2185,CONT_02185,Video,1862,2023-12-18,CAMP_004,42,18099,4905
2186,CONT_02186,Blog,1545,2023-08-06,CAMP_004,35,17512,3203
2187,CONT_02187,Video,16,2023-04-02,CAMP_003,42,19106,2783
2188,CONT_02188,SocialMedia,4279,2024-10-24,CAMP_009,20,40940,11301
2189,CONT_02189,Blog,132,2024-01-02,CAMP_010,16,8897,269
2190,CONT_02190,Blog,1928,2023-01-25,CAMP_010,45,34604,10169
2191,CONT_02191,SocialMedia,30,2023-06-18,CAMP_005,5,12645,670
2192,CONT_02192,Newsletter,196,2024-11-27,CAMP_007,34,39305,7237
2193,CONT_02193,SocialMedia,347,2024-01-23,CAMP_007,29,10913,2313
2194,CONT_02194,Video,11,2024-09-04,CAMP_008,32,1705,391
2195,CONT_02195,SocialMedia,1687,2023-07-09,CAMP_006,43,19743,4804
2196,CONT_02196,Video,154,2023-04-03,CAMP_004,24,48388,1938
2197,CONT_02197,Video,51,2023-12-13,CAMP_004,17,3894,292
2198,CONT_02198,SocialMedia,889,2024-08-18,CAMP_004,30,17437,3235
2199,CONT_02199,Blog,1790,2023-11-02,CAMP_005,2,42094,5428
2200,CONT_02200,SocialMedia,728,2023-07-07,CAMP_002,5,18055,4269
2201,CONT_02201,Video,2868,2024-05-20,CAMP_003,2,22158,6231
2202,CONT_02202,Video,113,2024-02-11,CAMP_009,21,15383,1383
2203,CONT_02203,Video,620,2023-10-19,CAMP_006,1,10601,1637
2204,CONT_02204,Video,120,2024-04-18,CAMP_003,10,14167,3259
2205,CONT_02205,Video,1197,2023-06-03,CAMP_009,41,38288,3315
2206,CONT_02206,Newsletter,4338,2023-01-15,CAMP_002,2,33624,9528
2207,CONT_02207,Newsletter,2974,2023-07-04,CAMP_009,23,22816,6347
2208,CONT_02208,Video,75,2023-11-18,CAMP_003,43,48620,3255
2209,CONT_02209,SocialMedia,270,2023-04-08,CAMP_007,15,28369,1741
2210,CONT_02210,Newsletter,1027,2023-09-24,CAMP_003,2,42310,2702
2211,CONT_02211,Blog,2873,2023-02-24,CAMP_003,42,43674,10491
2212,CONT_02212,Video,39,2024-09-08,CAMP_008,31,805,163
2213,CONT_02213,Blog,1523,2024-08-22,CAMP_002,23,17708,4210
2214,CONT_02214,Blog,313,2024-07-23,CAMP_008,34,17882,1448
2215,CONT_02215,Video,403,2023-11-11,CAMP_008,7,20705,908
2216,CONT_02216,Video,3802,2024-05-14,CAMP_010,49,34069,8540
2217,CONT_02217,Video,215,2024-09-16,CAMP_010,11,5580,712
2218,CONT_02218,SocialMedia,944,2024-10-09,CAMP_010,3,42823,3319
2219,CONT_02219,Blog,66,2023-11-12,CAMP_008,26,34808,4669
2220,CONT_02220,SocialMedia,4776,2023-11-14,CAMP_008,50,41334,11380
2221,CONT_02221,Blog,2371,2023-07-10,CAMP_009,20,21107,5411
2222,CONT_02222,SocialMedia,1692,2024-04-12,CAMP_005,7,25407,4066
2223,CONT_02223,Newsletter,1681,2024-01-20,CAMP_008,36,29637,4636
2224,CONT_02224,Video,217,2024-01-22,CAMP_005,16,13998,3681
2225,CONT_02225,Newsletter,106,2024-02-19,CAMP_009,24,46762,1910
2226,CONT_02226,Video,82,2024-05-21,CAMP_002,28,9560,1322
2227,CONT_02227,Newsletter,654,2024-02-21,CAMP_004,18,36390,2735
2228,CONT_02228,SocialMedia,13,2023-03-25,CAMP_001,11,6254,70
2229,CONT_02229,SocialMedia,286,2023-10-04,CAMP_002,4,18059,4732
2230,CONT_02230,Blog,113,2023-03-25,CAMP_008,20,8969,236
2231,CONT_02231,Newsletter,330,2024-12-04,CAMP_008,37,37206,1577
2232,CONT_02232,Newsletter,540,2023-07-13,CAMP_009,4,39037,4540
2233,CONT_02233,SocialMedia,339,2024-12-11,CAMP_009,10,11825,1104
2234,CONT_02234,Video,75,2023-01-26,CAMP_008,3,31815,193
2235,CONT_02235,SocialMedia,1847,2023-10-03,CAMP_004,27,42689,5997
2236,CONT_02236,Video,703,2023-11-14,CAMP_008,4,18490,1511
2237,CONT_02237,SocialMedia,309,2024-02-13,CAMP_007,28,7582,1354
2238,CONT_02238,SocialMedia,32,2024-08-08,CAMP_008,10,598,173
2239,CONT_02239,SocialMedia,378,2024-06-19,CAMP_008,2,15933,1001
2240,CONT_02240,Newsletter,857,2023-11-06,CAMP_005,23,16283,1754
2241,CONT_02241,SocialMedia,201,2024-07-16,CAMP_003,37,24086,7210
2242,CONT_02242,Blog,1604,2024-12-18,CAMP_010,33,34159,5328
2243,CONT_02243,Blog,1150,2023-01-02,CAMP_003,29,37011,5016
2244,CONT_02244,SocialMedia,575,2023-10-10,CAMP_010,19,9142,1600
2245,CONT_02245,Blog,1885,2024-09-05,CAMP_001,17,44967,4855
2246,CONT_02246,Video,130,2024-05-17,CAMP_010,11,5870,759
2247,CONT_02247,Newsletter,204,2024-03-17,CAMP_001,35,1672,478
2248,CONT_02248,SocialMedia,33,2024-11-30,CAMP_001,1,34419,2451
2249,CONT_02249,SocialMedia,63,2024-10-15,CAMP_008,47,35649,190
2250,CONT_02250,SocialMedia,2596,2023-11-18,CAMP_004,1,28151,5195
2251,CONT_02251,SocialMedia,75,2024-06-10,CAMP_009,7,11643,545
2252,CONT_02252,Newsletter,1108,2023-08-11,CAMP_003,46,13921,2673
2253,CONT_02253,SocialMedia,471,2023-11-09,CAMP_005,9,32932,2403
2254,CONT_02254,Video,247,2024-06-12,CAMP_004,36,26186,7010
2255,CONT_02255,Blog,2230,2024-07-08,CAMP_003,43,36104,9620
2256,CONT_02256,SocialMedia,100,2024-05-29,CAMP_005,28,13053,569
2257,CONT_02257,Newsletter,3653,2023-03-25,CAMP_001,33,38753,9340
2258,CONT_02258,Blog,160,2023-04-24,CAMP_004,42,26715,1662
2259,CONT_02259,SocialMedia,2615,2024-11-28,CAMP_003,6,49831,11401
2260,CONT_02260,Video,1246,2023-09-21,CAMP_008,9,23908,6811
2261,CONT_02261,SocialMedia,145,2024-06-12,CAMP_010,44,47320,890
2262,CONT_02262,Newsletter,189,2024-11-04,CAMP_006,40,17162,1404
2263,CONT_02263,Newsletter,528,2024-06-11,CAMP_006,42,14811,4077
2264,CONT_02264,Blog,920,2023-05-29,CAMP_001,49,29201,4454
2265,CONT_02265,Blog,80,2023-09-10,CAMP_001,41,790,215
2266,CONT_02266,Newsletter,1988,2024-01-08,CAMP_009,23,28989,6305
2267,CONT_02267,Newsletter,761,2023-11-21,CAMP_008,15,6635,1539
2268,CONT_02268,SocialMedia,877,2024-05-25,CAMP_010,3,15074,4158
2269,CONT_02269,SocialMedia,4860,2023-10-26,CAMP_001,21,47906,12308
2270,CONT_02270,Newsletter,1888,2024-01-24,CAMP_002,40,19469,5612
2271,CONT_02271,SocialMedia,4306,2023-05-03,CAMP_003,48,48888,14568
2272,CONT_02272,Blog,643,2023-10-14,CAMP_009,3,41917,6616
2273,CONT_02273,Video,475,2023-12-02,CAMP_007,8,17682,1138
2274,CONT_02274,Newsletter,121,2023-03-22,CAMP_008,47,29769,2527
2275,CONT_02275,Blog,2623,2023-12-05,CAMP_006,45,29742,5312
2276,CONT_02276,Newsletter,517,2024-01-13,CAMP_002,3,19786,3981
2277,CONT_02277,Newsletter,543,2024-12-09,CAMP_010,39,20401,2483
2278,CONT_02278,Blog,826,2024-05-14,CAMP_008,34,32675,2089
2279,CONT_02279,Blog,599,2023-05-19,CAMP_004,44,11359,1222
2280,CONT_02280,Blog,64,2023-08-18,CAMP_005,8,1136,336
2281,CONT_02281,Newsletter,330,2024-12-02,CAMP_001,13,8391,1361
2282,CONT_02282,SocialMedia,50,2023-07-14,CAMP_006,18,15560,4224
2283,CONT_02283,SocialMedia,1516,2023-08-14,CAMP_002,10,16837,3662
2284,CONT_02284,Video,151,2024-06-11,CAMP_009,7,2389,327
2285,CONT_02285,Newsletter,3798,2023-08-22,CAMP_003,45,37537,9324
2286,CONT_02286,SocialMedia,547,2023-02-09,CAMP_010,38,9227,2020
2287,CONT_02287,SocialMedia,2219,2024-02-10,CAMP_004,37,15919,4760
2288,CONT_02288,Blog,73,2023-10-11,CAMP_007,30,27995,2974
2289,CONT_02289,Newsletter,123,2024-07-09,CAMP_002,25,3141,836
2290,CONT_02290,Blog,1619,2024-05-06,CAMP_001,30,49950,4267
2291,CONT_02291,Newsletter,1060,2023-10-07,CAMP_005,38,35745,6717
2292,CONT_02292,Blog,31,2023-04-19,CAMP_006,17,23507,720
2293,CONT_02293,SocialMedia,352,2024-04-15,CAMP_004,1,11987,1372
2294,CONT_02294,Blog,279,2024-05-21,CAMP_003,22,49448,811
2295,CONT_02295,Video,26,2023-06-15,CAMP_008,12,15196,185
2296,CONT_02296,Newsletter,127,2024-12-04,CAMP_006,11,24901,1346
2297,CONT_02297,Newsletter,1215,2023-09-05,CAMP_002,8,48321,10974
2298,CONT_02298,Video,206,2023-08-28,CAMP_009,11,4942,840
2299,CONT_02299,Newsletter,2396,2024-03-25,CAMP_003,30,24446,6559
2300,CONT_02300,Newsletter,4179,2024-12-18,CAMP_005,27,43327,9418
2301,CONT_02301,Blog,1624,2023-12-06,CAMP_008,19,46536,4984
2302,CONT_02302,Blog,541,2024-12-08,CAMP_009,28,35773,3855
2303,CONT_02303,Newsletter,1650,2023-06-12,CAMP_010,9,46049,4806
2304,CONT_02304,Blog,807,2023-01-20,CAMP_006,16,31976,3212
2305,CONT_02305,Blog,97,2023-01-14,CAMP_001,3,36133,1104
2306,CONT_02306,Newsletter,1947,2023-04-30,CAMP_009,11,31360,8904
2307,CONT_02307,Newsletter,299,2024-08-23,CAMP_009,32,42401,4148
2308,CONT_02308,Blog,172,2023-02-27,CAMP_009,6,12520,811
2309,CONT_02309,SocialMedia,339,2024-05-01,CAMP_005,42,44674,2509
2310,CONT_02310,Video,590,2023-10-17,CAMP_008,11,17872,2917
2311,CONT_02311,Newsletter,604,2023-10-17,CAMP_008,44,32893,2912
2312,CONT_02312,Newsletter,169,2023-01-25,CAMP_007,26,5469,983
2313,CONT_02313,Newsletter,524,2023-01-06,CAMP_007,8,38370,4323
2314,CONT_02314,SocialMedia,1364,2023-07-15,CAMP_008,25,40429,8764
2315,CONT_02315,Blog,629,2023-07-29,CAMP_001,35,9079,1349
2316,CONT_02316,Newsletter,248,2024-09-06,CAMP_002,12,32858,9286
2317,CONT_02317,Blog,113,2023-08-11,CAMP_006,46,5903,380
2318,CONT_02318,Blog,44,2023-06-27,CAMP_007,11,31842,1278
2319,CONT_02319,SocialMedia,632,2023-07-24,CAMP_004,21,48741,1723
2320,CONT_02320,Newsletter,1200,2023-08-24,CAMP_008,44,33758,4770
2321,CONT_02321,SocialMedia,1034,2023-09-18,CAMP_001,47,12532,3668
2322,CONT_02322,Blog,553,2023-03-01,CAMP_001,17,23754,5761
2323,CONT_02323,SocialMedia,563,2023-06-10,CAMP_009,49,37364,1189
2324,CONT_02324,Blog,2707,2024-03-04,CAMP_007,43,32053,6559
2325,CONT_02325,Newsletter,22,2024-05-16,CAMP_003,39,2204,247
2326,CONT_02326,Video,983,2023-12-25,CAMP_002,14,40437,3589
2327,CONT_02327,Newsletter,2122,2024-06-27,CAMP_002,20,45209,8816
2328,CONT_02328,Blog,2036,2024-07-30,CAMP_010,7,48752,6288
2329,CONT_02329,Video,167,2023-01-03,CAMP_009,47,4975,1327
2330,CONT_02330,Video,1444,2023-09-13,CAMP_009,22,49606,7038
2331,CONT_02331,Blog,105,2024-02-17,CAMP_009,19,17694,371
2332,CONT_02332,Video,1431,2023-09-16,CAMP_001,7,38639,3557
2333,CONT_02333,Blog,725,2024-07-15,CAMP_008,46,24327,7132
2334,CONT_02334,Newsletter,1618,2024-11-05,CAMP_006,4,22761,3921
2335,CONT_02335,SocialMedia,1027,2023-05-01,CAMP_003,49,22541,5104
2336,CONT_02336,SocialMedia,285,2023-10-20,CAMP_010,24,11558,1577
2337,CONT_02337,Video,67,2024-08-13,CAMP_006,35,16705,159
2338,CONT_02338,SocialMedia,1813,2023-06-02,CAMP_004,40,28545,7740
2339,CONT_02339,Newsletter,1576,2024-07-31,CAMP_001,29,32281,8572
2340,CONT_02340,Video,566,2023-01-05,CAMP_007,28,27180,1701
2341,CONT_02341,SocialMedia,63,2024-09-15,CAMP_010,3,32142,4947
2342,CONT_02342,Newsletter,357,2024-09-24,CAMP_002,32,47702,2281
2343,CONT_02343,Newsletter,61,2023-03-12,CAMP_005,41,1484,161
2344,CONT_02344,Video,86,2023-03-23,CAMP_010,24,2163,236
2345,CONT_02345,Newsletter,2150,2023-10-15,CAMP_009,20,44100,5373
2346,CONT_02346,Blog,745,2023-05-10,CAMP_009,15,18279,4724
2347,CONT_02347,Video,78,2023-05-19,CAMP_010,15,2724,776
2348,CONT_02348,Video,509,2023-11-04,CAMP_009,41,5874,1408
2349,CONT_02349,Newsletter,1905,2024-07-07,CAMP_001,23,41240,4025
2350,CONT_02350,Video,13,2024-11-07,CAMP_005,15,2680,535
2351,CONT_02351,Video,393,2024-09-12,CAMP_004,6,7375,2044
2352,CONT_02352,Newsletter,44,2024-11-20,CAMP_005,21,4788,118
2353,CONT_02353,Newsletter,266,2024-04-02,CAMP_010,26,42771,1301
2354,CONT_02354,Blog,215,2024-06-24,CAMP_009,46,28145,5550
2355,CONT_02355,Newsletter,1320,2023-07-19,CAMP_008,38,22455,4192
2356,CONT_02356,Newsletter,446,2024-12-29,CAMP_007,33,34020,1382
2357,CONT_02357,Blog,63,2024-08-11,CAMP_009,49,22128,689
2358,CONT_02358,Newsletter,1954,2023-07-18,CAMP_003,6,20340,5826
2359,CONT_02359,Newsletter,1211,2023-11-22,CAMP_008,19,33848,5341
2360,CONT_02360,Newsletter,111,2023-02-10,CAMP_009,50,30787,432
2361,CONT_02361,Video,1573,2023-11-16,CAMP_009,24,36683,8365
2362,CONT_02362,Newsletter,1912,2023-06-20,CAMP_008,46,47626,3845
2363,CONT_02363,Video,339,2024-03-12,CAMP_006,10,5148,1536
2364,CONT_02364,Newsletter,362,2024-01-28,CAMP_003,25,6034,1365
2365,CONT_02365,Newsletter,4415,2023-03-25,CAMP_009,4,41392,9298
2366,CONT_02366,Video,64,2023-02-16,CAMP_009,21,39027,2498
2367,CONT_02367,Video,746,2023-10-12,CAMP_007,3,7180,1780
2368,CONT_02368,Newsletter,1275,2024-07-31,CAMP_004,11,26834,5248
2369,CONT_02369,SocialMedia,2216,2023-08-04,CAMP_009,34,22057,5739
2370,CONT_02370,SocialMedia,679,2023-04-02,CAMP_005,38,15237,1907
2371,CONT_02371,SocialMedia,1179,2024-06-07,CAMP_006,37,23939,7020
2372,CONT_02372,SocialMedia,26,2024-02-08,CAMP_007,28,41799,2898
2373,CONT_02373,Video,2868,2023-03-31,CAMP_001,37,33267,7397
2374,CONT_02374,Blog,10,2023-02-10,CAMP_001,14,35688,1400
2375,CONT_02375,SocialMedia,194,2024-04-22,CAMP_009,1,26661,3403
2376,CONT_02376,Newsletter,2569,2024-12-22,CAMP_010,5,20713,5735
2377,CONT_02377,Newsletter,1005,2024-02-28,CAMP_006,1,9913,2074
2378,CONT_02378,SocialMedia,672,2023-12-29,CAMP_001,49,40405,4883
2379,CONT_02379,Blog,380,2023-07-26,CAMP_006,13,38110,1957
2380,CONT_02380,Newsletter,995,2023-03-16,CAMP_010,30,38870,2610
2381,CONT_02381,Newsletter,181,2023-10-23,CAMP_003,39,8118,1589
2382,CONT_02382,SocialMedia,16,2024-04-30,CAMP_001,8,2130,162
2383,CONT_02383,Newsletter,821,2023-01-21,CAMP_009,15,19746,2577
2384,CONT_02384,Video,249,2024-05-14,CAMP_006,1,25092,2223
2385,CONT_02385,Newsletter,43,2023-07-29,CAMP_004,8,13751,439
2386,CONT_02386,Video,1031,2024-01-22,CAMP_003,7,15328,2284
2387,CONT_02387,Newsletter,123,2024-04-08,CAMP_006,7,42339,538
2388,CONT_02388,Video,1682,2024-12-12,CAMP_007,34,18862,4646
2389,CONT_02389,SocialMedia,939,2024-11-21,CAMP_004,42,12925,2546
2390,CONT_02390,SocialMedia,50,2024-06-22,CAMP_005,45,26263,313
2391,CONT_02391,Newsletter,738,2024-11-02,CAMP_001,5,24082,3051
2392,CONT_02392,SocialMedia,4652,2023-03-24,CAMP_005,44,39836,11040
2393,CONT_02393,Video,699,2024-08-13,CAMP_006,16,13038,3675
2394,CONT_02394,Blog,1504,2023-10-06,CAMP_010,47,38010,6401
2395,CONT_02395,Newsletter,1059,2024-01-05,CAMP_010,37,41365,4800
2396,CONT_02396,Blog,11,2023-05-21,CAMP_001,41,10187,338
2397,CONT_02397,SocialMedia,16,2024-10-08,CAMP_008,5,44161,7854
2398,CONT_02398,SocialMedia,100,2023-10-22,CAMP_003,5,42126,7087
2399,CONT_02399,SocialMedia,11,2023-10-21,CAMP_007,35,7009,75
2400,CONT_02400,Newsletter,92,2023-02-11,CAMP_001,34,23678,1231
2401,CONT_02401,Video,369,2023-12-22,CAMP_006,46,21059,2504
2402,CONT_02402,Newsletter,592,2023-07-07,CAMP_003,40,34396,6337
2403,CONT_02403,Blog,1100,2023-10-18,CAMP_002,30,42662,5329
2404,CONT_02404,Blog,889,2024-09-06,CAMP_003,40,25584,4128
2405,CONT_02405,SocialMedia,3098,2024-08-10,CAMP_001,30,42746,6791
2406,CONT_02406,Blog,2027,2023-05-26,CAMP_004,22,16961,4279
2407,CONT_02407,SocialMedia,2744,2023-03-26,CAMP_008,24,41965,9483
2408,CONT_02408,SocialMedia,105,2023-02-10,CAMP_005,34,30950,7965
2409,CONT_02409,SocialMedia,1610,2023-05-13,CAMP_008,16,45529,7368
2410,CONT_02410,SocialMedia,481,2023-11-11,CAMP_004,36,14477,1341
2411,CONT_02411,SocialMedia,670,2023-05-11,CAMP_006,4,26364,6297
2412,CONT_02412,Newsletter,1094,2023-08-04,CAMP_008,16,14147,2541
2413,CONT_02413,SocialMedia,12,2023-09-24,CAMP_007,17,15697,73
2414,CONT_02414,Newsletter,145,2023-02-27,CAMP_010,21,2458,304
2415,CONT_02415,Video,332,2024-12-12,CAMP_003,4,6076,1158
2416,CONT_02416,SocialMedia,114,2023-05-04,CAMP_001,18,7389,228
2417,CONT_02417,Video,205,2023-02-14,CAMP_010,35,2849,422
2418,CONT_02418,Blog,1689,2023-09-18,CAMP_001,43,38999,4005
2419,CONT_02419,Newsletter,502,2024-02-18,CAMP_009,19,4094,1133
2420,CONT_02420,Newsletter,646,2023-06-16,CAMP_006,12,34671,5017
2421,CONT_02421,Newsletter,1925,2023-12-10,CAMP_006,45,34747,5811
2422,CONT_02422,Newsletter,299,2024-08-18,CAMP_003,32,19718,2603
2423,CONT_02423,Newsletter,225,2023-05-30,CAMP_006,9,6164,1284
2424,CONT_02424,Newsletter,1154,2023-05-21,CAMP_003,49,20956,5045
2425,CONT_02425,SocialMedia,166,2023-12-30,CAMP_003,13,25756,525
2426,CONT_02426,Blog,3697,2023-03-19,CAMP_005,12,40416,9020
2427,CONT_02427,Blog,1370,2023-11-22,CAMP_008,32,46403,3693
2428,CONT_02428,Newsletter,139,2023-02-21,CAMP_005,38,8377,774
2429,CONT_02429,SocialMedia,778,2023-05-31,CAMP_004,5,47109,3542
2430,CONT_02430,Newsletter,233,2024-04-23,CAMP_004,41,23517,1721
2431,CONT_02431,Video,901,2023-03-05,CAMP_007,21,31166,7123
2432,CONT_02432,Video,1468,2023-11-04,CAMP_007,40,30255,7113
2433,CONT_02433,Blog,4018,2023-08-13,CAMP_001,41,42231,9130
2434,CONT_02434,SocialMedia,2637,2024-06-24,CAMP_002,18,49861,8409
2435,CONT_02435,Video,1083,2024-12-28,CAMP_004,27,8815,2371
2436,CONT_02436,Newsletter,127,2023-11-17,CAMP_001,21,41398,395
2437,CONT_02437,Newsletter,1456,2024-01-08,CAMP_002,3,47462,5737
2438,CONT_02438,Newsletter,4474,2023-05-06,CAMP_009,34,39504,10299
2439,CONT_02439,Newsletter,437,2023-03-30,CAMP_006,36,40200,6294
2440,CONT_02440,Blog,524,2024-03-24,CAMP_003,38,5212,1553
2441,CONT_02441,Newsletter,200,2024-02-29,CAMP_009,14,5689,1543
2442,CONT_02442,Blog,673,2023-09-25,CAMP_003,4,27104,1431
2443,CONT_02443,Newsletter,108,2024-02-18,CAMP_010,50,42377,1183
2444,CONT_02444,Newsletter,44,2023-09-10,CAMP_006,49,1188,225
2445,CONT_02445,SocialMedia,147,2024-09-11,CAMP_005,46,36658,2104
2446,CONT_02446,Newsletter,32,2023-05-15,CAMP_004,12,48620,70
2447,CONT_02447,Newsletter,252,2023-09-10,CAMP_003,22,2608,763
2448,CONT_02448,Newsletter,102,2023-09-03,CAMP_001,13,9680,543
2449,CONT_02449,Video,513,2023-11-29,CAMP_007,46,37441,10478
2450,CONT_02450,Video,236,2023-05-21,CAMP_002,48,13892,718
2451,CONT_02451,Blog,439,2023-03-10,CAMP_002,34,18839,3286
2452,CONT_02452,Newsletter,3579,2023-01-17,CAMP_002,37,48361,7502
2453,CONT_02453,Newsletter,50,2024-11-29,CAMP_006,20,14212,2915
2454,CONT_02454,Video,150,2023-04-20,CAMP_004,7,12922,497
2455,CONT_02455,SocialMedia,46,2024-08-17,CAMP_008,13,29548,108
2456,CONT_02456,Video,1343,2023-01-22,CAMP_006,18,15964,2981
2457,CONT_02457,Blog,1987,2023-04-23,CAMP_009,44,27485,4214
2458,CONT_02458,Newsletter,2221,2023-07-16,CAMP_007,36,41783,9672
2459,CONT_02459,Blog,489,2024-09-22,CAMP_005,36,19871,2778
2460,CONT_02460,Blog,62,2024-03-27,CAMP_009,17,9265,142
2461,CONT_02461,Video,1358,2024-07-02,CAMP_005,4,34449,4588
2462,CONT_02462,SocialMedia,1561,2024-12-03,CAMP_001,9,29564,7971
2463,CONT_02463,Blog,397,2024-03-20,CAMP_008,9,4063,917
2464,CONT_02464,Video,1548,2023-10-18,CAMP_005,18,39207,3194
2465,CONT_02465,Video,88,2024-02-20,CAMP_008,32,8555,2461
2466,CONT_02466,Video,27,2023-07-16,CAMP_001,27,4782,65
2467,CONT_02467,SocialMedia,753,2024-05-16,CAMP_002,2,19849,1687
2468,CONT_02468,Video,1114,2023-07-09,CAMP_004,30,29621,5716
2469,CONT_02469,SocialMedia,1878,2023-05-09,CAMP_005,34,45611,4278
2470,CONT_02470,Newsletter,349,2023-06-15,CAMP_006,50,33903,3225
2471,CONT_02471,SocialMedia,239,2024-04-01,CAMP_005,42,12574,795
2472,CONT_02472,Newsletter,24,2024-06-14,CAMP_005,32,980,99
2473,CONT_02473,Blog,53,2024-06-24,CAMP_008,44,31748,205
2474,CONT_02474,Newsletter,103,2023-03-26,CAMP_003,47,9700,716
2475,CONT_02475,Blog,29,2023-08-08,CAMP_005,9,20513,150
2476,CONT_02476,Blog,3930,2024-10-17,CAMP_004,36,44926,8979
2477,CONT_02477,Video,77,2023-02-25,CAMP_003,7,14275,2990
2478,CONT_02478,Video,566,2023-07-23,CAMP_007,25,27459,2015
2479,CONT_02479,Newsletter,1556,2024-02-21,CAMP_006,33,42438,12427
2480,CONT_02480,Newsletter,300,2024-09-12,CAMP_010,31,20435,5098
2481,CONT_02481,Video,373,2024-10-20,CAMP_005,19,7985,950
2482,CONT_02482,Video,620,2024-02-04,CAMP_008,32,16728,1373
2483,CONT_02483,SocialMedia,1286,2023-06-09,CAMP_009,14,21160,4813
2484,CONT_02484,Blog,3236,2023-04-22,CAMP_007,27,36127,8657
2485,CONT_02485,Newsletter,534,2023-02-05,CAMP_010,6,20122,1563
2486,CONT_02486,Blog,398,2024-06-06,CAMP_003,19,48447,1891
2487,CONT_02487,Newsletter,1071,2024-11-13,CAMP_010,8,23846,5598
2488,CONT_02488,Blog,139,2024-03-14,CAMP_006,42,44766,4320
2489,CONT_02489,Video,205,2023-07-05,CAMP_007,31,26500,2944
2490,CONT_02490,Video,101,2023-08-20,CAMP_006,7,1650,284
2491,CONT_02491,SocialMedia,856,2023-06-18,CAMP_010,14,17585,3045
2492,CONT_02492,SocialMedia,1738,2023-12-05,CAMP_002,22,39860,5378
2493,CONT_02493,SocialMedia,162,2023-11-03,CAMP_008,26,14502,481
2494,CONT_02494,Blog,1682,2024-01-08,CAMP_007,6,28477,7381
2495,CONT_02495,SocialMedia,481,2023-11-02,CAMP_005,7,36425,3629
2496,CONT_02496,Video,2391,2023-07-29,CAMP_009,38,38511,6348
2497,CONT_02497,SocialMedia,216,2023-10-21,CAMP_010,15,11313,2569
2498,CONT_02498,Newsletter,2628,2024-10-29,CAMP_003,40,49884,5601
2499,CONT_02499,Blog,51,2024-12-19,CAMP_007,45,15225,738
2500,CONT_02500,Newsletter,927,2024-06-20,CAMP_007,34,17796,2209
2501,CONT_02501,Newsletter,18,2024-06-28,CAMP_002,7,712,167
2502,CONT_02502,Newsletter,349,2024-07-15,CAMP_003,26,16950,989
2503,CONT_02503,Newsletter,526,2024-04-23,CAMP_001,46,44360,1395
2504,CONT_02504,Blog,4565,2024-11-20,CAMP_008,18,47691,9413
2505,CONT_02505,Blog,305,2023-03-08,CAMP_010,49,18317,682
2506,CONT_02506,Video,4386,2024-10-10,CAMP_006,43,46261,9906
2507,CONT_02507,Blog,700,2024-02-04,CAMP_002,20,32025,4779
2508,CONT_02508,SocialMedia,126,2023-10-31,CAMP_006,6,29590,5133
2509,CONT_02509,SocialMedia,2063,2024-08-02,CAMP_004,42,34831,5441
2510,CONT_02510,Newsletter,105,2023-08-30,CAMP_006,29,8054,252
2511,CONT_02511,Video,590,2023-04-30,CAMP_001,2,6222,1189
2512,CONT_02512,Video,532,2024-02-16,CAMP_001,49,38667,2989
2513,CONT_02513,Blog,744,2023-09-23,CAMP_010,37,10376,2270
2514,CONT_02514,Newsletter,943,2023-04-13,CAMP_006,4,26737,6396
2515,CONT_02515,Blog,1821,2023-02-24,CAMP_005,44,28996,7217
2516,CONT_02516,SocialMedia,2824,2024-04-04,CAMP_010,2,24029,6812
2517,CONT_02517,SocialMedia,208,2023-10-05,CAMP_003,48,44458,804
2518,CONT_02518,SocialMedia,2061,2023-10-14,CAMP_009,33,24086,4707
2519,CONT_02519,Newsletter,654,2024-07-04,CAMP_007,19,41328,10909
2520,CONT_02520,Video,48,2023-09-01,CAMP_005,37,12016,379
2521,CONT_02521,Newsletter,1683,2024-05-26,CAMP_001,46,39969,10587
2522,CONT_02522,Newsletter,181,2023-05-23,CAMP_007,18,9884,974
2523,CONT_02523,SocialMedia,495,2023-03-01,CAMP_006,31,7766,1056
2524,CONT_02524,Blog,1280,2024-06-03,CAMP_005,32,28841,2699
2525,CONT_02525,Video,3958,2023-02-15,CAMP_001,37,33515,8125
2526,CONT_02526,Newsletter,394,2024-08-10,CAMP_010,18,8224,1143
2527,CONT_02527,SocialMedia,1668,2023-02-15,CAMP_002,28,34089,5824
2528,CONT_02528,Newsletter,1871,2024-03-26,CAMP_009,39,36800,6827
2529,CONT_02529,Video,642,2024-04-06,CAMP_006,14,9487,1307
2530,CONT_02530,SocialMedia,320,2024-09-18,CAMP_010,37,42537,6451
2531,CONT_02531,SocialMedia,73,2024-07-08,CAMP_007,8,48441,403
2532,CONT_02532,Video,552,2023-07-13,CAMP_007,35,42580,4725
2533,CONT_02533,SocialMedia,37,2024-04-07,CAMP_002,30,34872,190
2534,CONT_02534,Blog,97,2024-04-12,CAMP_005,26,21598,4458
2535,CONT_02535,Blog,115,2023-12-12,CAMP_005,21,3076,307
2536,CONT_02536,Newsletter,716,2024-01-30,CAMP_004,26,26048,1861
2537,CONT_02537,SocialMedia,938,2023-08-02,CAMP_010,10,36668,10983
2538,CONT_02538,SocialMedia,241,2023-10-18,CAMP_003,7,14315,526
2539,CONT_02539,Blog,4507,2023-07-10,CAMP_001,20,39459,9400
2540,CONT_02540,Newsletter,1770,2024-05-25,CAMP_001,49,47453,12127
2541,CONT_02541,Blog,468,2024-12-19,CAMP_010,48,13665,1422
2542,CONT_02542,SocialMedia,2911,2023-12-22,CAMP_010,1,41774,7769
2543,CONT_02543,Blog,275,2024-09-25,CAMP_003,2,9009,2465
2544,CONT_02544,Blog,83,2023-11-25,CAMP_008,18,29594,287
2545,CONT_02545,Blog,195,2024-04-28,CAMP_005,39,21592,454
2546,CONT_02546,Blog,164,2023-06-09,CAMP_009,9,5797,512
2547,CONT_02547,SocialMedia,1740,2023-11-16,CAMP_010,16,27467,4799
2548,CONT_02548,SocialMedia,189,2023-09-02,CAMP_009,1,37263,3724
2549,CONT_02549,Blog,414,2023-08-29,CAMP_007,48,14793,2095
2550,CONT_02550,Newsletter,1449,2024-02-19,CAMP_002,20,13523,3917
2551,CONT_02551,Blog,323,2024-09-12,CAMP_005,24,44620,6833
2552,CONT_02552,Newsletter,2627,2024-07-02,CAMP_002,33,44384,11847
2553,CONT_02553,Blog,99,2024-09-16,CAMP_010,19,1265,253
2554,CONT_02554,SocialMedia,346,2023-08-30,CAMP_002,48,38412,3071
2555,CONT_02555,Newsletter,2781,2024-06-19,CAMP_010,14,38473,5668
2556,CONT_02556,SocialMedia,296,2024-09-05,CAMP_009,45,3040,746
2557,CONT_02557,Blog,480,2023-06-01,CAMP_003,42,32008,2643
2558,CONT_02558,Newsletter,2135,2023-08-31,CAMP_001,6,49020,7255
2559,CONT_02559,Video,78,2023-07-28,CAMP_005,49,885,180
2560,CONT_02560,Video,1004,2023-10-26,CAMP_003,18,22735,2082
2561,CONT_02561,Video,2726,2024-07-16,CAMP_005,31,33001,8261
2562,CONT_02562,Newsletter,529,2024-11-17,CAMP_004,6,14599,1119
2563,CONT_02563,Blog,150,2024-09-03,CAMP_002,1,25022,3647
2564,CONT_02564,Video,3652,2024-08-14,CAMP_003,16,48927,9761
2565,CONT_02565,Video,48,2023-05-28,CAMP_006,3,2344,206
2566,CONT_02566,Video,118,2023-02-27,CAMP_007,49,26061,1715
2567,CONT_02567,SocialMedia,1163,2023-03-09,CAMP_009,30,37223,4857
2568,CONT_02568,Newsletter,3409,2023-03-31,CAMP_008,28,44603,8897
2569,CONT_02569,Newsletter,523,2023-01-21,CAMP_005,11,37397,6882
2570,CONT_02570,Newsletter,731,2023-03-01,CAMP_002,45,46992,8996
2571,CONT_02571,Video,144,2023-06-03,CAMP_006,38,47843,526
2572,CONT_02572,SocialMedia,208,2023-04-29,CAMP_008,27,25856,2872
2573,CONT_02573,SocialMedia,173,2023-06-05,CAMP_009,33,21799,1023
2574,CONT_02574,Blog,1716,2023-01-26,CAMP_006,18,20815,5037
2575,CONT_02575,Newsletter,186,2024-06-02,CAMP_005,42,24970,6956
2576,CONT_02576,Video,393,2023-01-15,CAMP_005,9,6209,1022
2577,CONT_02577,Blog,1729,2023-01-23,CAMP_009,29,31915,3501
2578,CONT_02578,Newsletter,239,2023-06-14,CAMP_003,48,8815,1633
2579,CONT_02579,Video,705,2023-07-16,CAMP_006,36,15765,1940
2580,CONT_02580,Blog,71,2023-08-09,CAMP_008,48,45282,1260
2581,CONT_02581,Newsletter,432,2023-08-08,CAMP_006,35,9803,1027
2582,CONT_02582,SocialMedia,54,2024-04-24,CAMP_005,43,2038,497
2583,CONT_02583,Blog,1847,2023-02-24,CAMP_009,34,24749,3927
2584,CONT_02584,SocialMedia,156,2023-09-28,CAMP_002,25,26265,7036
2585,CONT_02585,Blog,460,2024-12-31,CAMP_005,38,22893,2340
2586,CONT_02586,Blog,4130,2024-08-09,CAMP_003,20,42957,11604
2587,CONT_02587,Video,1733,2024-10-03,CAMP_005,47,30162,4741
2588,CONT_02588,SocialMedia,79,2023-01-17,CAMP_004,3,15611,512
2589,CONT_02589,Video,131,2024-01-04,CAMP_009,23,5830,1075
2590,CONT_02590,SocialMedia,321,2024-01-05,CAMP_009,43,28668,2105
2591,CONT_02591,Blog,2270,2024-09-18,CAMP_002,37,39594,9830
2592,CONT_02592,Video,497,2023-08-07,CAMP_002,12,29547,3258
2593,CONT_02593,SocialMedia,1455,2023-12-11,CAMP_007,50,25471,6121
2594,CONT_02594,Video,45,2023-01-10,CAMP_009,2,4385,370
2595,CONT_02595,Video,2041,2024-11-21,CAMP_010,45,46813,4917
2596,CONT_02596,SocialMedia,118,2023-07-08,CAMP_005,26,24720,585
2597,CONT_02597,Video,767,2024-08-31,CAMP_002,17,12877,2848
2598,CONT_02598,Newsletter,24,2023-09-29,CAMP_001,47,11460,232
2599,CONT_02599,Newsletter,572,2023-01-19,CAMP_001,29,33690,3749
2600,CONT_02600,Newsletter,3460,2024-10-08,CAMP_001,7,45552,10732
2601,CONT_02601,Blog,1598,2023-04-23,CAMP_008,16,48510,3661
2602,CONT_02602,Video,3535,2023-07-27,CAMP_003,7,48094,9304
2603,CONT_02603,Video,1984,2024-09-23,CAMP_008,21,43132,12521
2604,CONT_02604,SocialMedia,394,2023-04-13,CAMP_003,43,21952,1125
2605,CONT_02605,SocialMedia,12,2023-05-18,CAMP_006,37,2008,98
2606,CONT_02606,SocialMedia,2220,2023-03-27,CAMP_009,15,46948,5524
2607,CONT_02607,Video,28,2024-07-28,CAMP_008,48,3456,239
2608,CONT_02608,Video,4032,2024-01-16,CAMP_008,46,44473,8742
2609,CONT_02609,Video,176,2024-10-05,CAMP_009,44,15502,2887
2610,CONT_02610,Blog,328,2023-07-05,CAMP_002,41,10991,1826
2611,CONT_02611,Video,2442,2023-03-16,CAMP_007,47,35396,8414
2612,CONT_02612,SocialMedia,1179,2024-05-17,CAMP_008,42,46995,4611
2613,CONT_02613,SocialMedia,2517,2023-07-23,CAMP_010,43,41234,6866
2614,CONT_02614,SocialMedia,339,2024-01-11,CAMP_008,1,24663,6838
2615,CONT_02615,Video,1518,2023-08-25,CAMP_001,19,47428,3142
2616,CONT_02616,SocialMedia,467,2024-01-06,CAMP_010,36,18355,4598
2617,CONT_02617,SocialMedia,1208,2023-10-26,CAMP_004,16,34349,7757
2618,CONT_02618,Newsletter,144,2024-10-07,CAMP_001,10,14018,962
2619,CONT_02619,Blog,27,2023-04-19,CAMP_001,15,1818,75
2620,CONT_02620,Blog,61,2024-05-18,CAMP_006,24,42632,4959
2621,CONT_02621,Newsletter,157,2024-03-02,CAMP_004,17,29135,2806
2622,CONT_02622,Video,971,2023-03-02,CAMP_006,14,19370,1969
2623,CONT_02623,Video,3932,2023-12-11,CAMP_006,2,49831,10440
2624,CONT_02624,SocialMedia,1091,2024-10-12,CAMP_009,36,36846,2433
2625,CONT_02625,Blog,252,2024-04-13,CAMP_002,38,5754,527
2626,CONT_02626,Video,135,2023-08-20,CAMP_003,32,35586,522
2627,CONT_02627,Blog,712,2023-10-29,CAMP_003,35,15131,2906
2628,CONT_02628,Video,889,2024-10-08,CAMP_009,29,34563,6834
2629,CONT_02629,SocialMedia,278,2023-08-17,CAMP_003,49,11433,866
2630,CONT_02630,SocialMedia,1081,2023-09-02,CAMP_003,31,20959,5043
2631,CONT_02631,Video,712,2024-07-16,CAMP_006,40,25387,2938
2632,CONT_02632,SocialMedia,94,2023-08-30,CAMP_004,8,37181,874
2633,CONT_02633,Blog,2663,2023-10-14,CAMP_009,47,33554,5854
2634,CONT_02634,Blog,771,2023-09-17,CAMP_004,43,49408,11218
2635,CONT_02635,SocialMedia,198,2024-08-23,CAMP_010,17,32486,4417
2636,CONT_02636,Video,77,2023-07-26,CAMP_003,19,6472,1143
2637,CONT_02637,Blog,301,2024-02-23,CAMP_002,15,5198,1529
2638,CONT_02638,SocialMedia,1492,2023-09-11,CAMP_008,4,29193,3148
2639,CONT_02639,SocialMedia,720,2024-12-07,CAMP_007,13,21577,2688
2640,CONT_02640,Video,127,2024-10-24,CAMP_006,30,8342,1136
2641,CONT_02641,Newsletter,392,2024-04-05,CAMP_005,37,37088,975
2642,CONT_02642,SocialMedia,1554,2024-09-25,CAMP_007,27,43870,10626
2643,CONT_02643,Video,2888,2023-04-18,CAMP_005,7,42065,6041
2644,CONT_02644,Blog,927,2023-10-12,CAMP_006,43,12329,3193
2645,CONT_02645,Newsletter,1200,2024-10-28,CAMP_010,10,27467,2908
2646,CONT_02646,Video,474,2024-05-01,CAMP_004,27,28643,3168
2647,CONT_02647,Video,783,2023-08-25,CAMP_008,8,13685,1580
2648,CONT_02648,SocialMedia,64,2024-05-26,CAMP_001,42,26330,2048
2649,CONT_02649,Blog,854,2023-01-22,CAMP_005,11,22037,4395
2650,CONT_02650,Newsletter,35,2023-07-01,CAMP_007,23,16210,592
2651,CONT_02651,Video,1964,2023-09-28,CAMP_005,39,33082,4659
2652,CONT_02652,SocialMedia,677,2023-05-28,CAMP_002,26,32645,3783
2653,CONT_02653,Blog,52,2024-06-03,CAMP_010,30,20022,428
2654,CONT_02654,Video,1576,2024-12-03,CAMP_010,14,40979,3520
2655,CONT_02655,Video,5647,2024-02-05,CAMP_005,31,40676,11373
2656,CONT_02656,SocialMedia,2762,2024-02-03,CAMP_003,7,41190,11694
2657,CONT_02657,Video,3424,2023-05-17,CAMP_007,30,46700,13202
2658,CONT_02658,Blog,1304,2024-02-24,CAMP_008,4,35796,9931
2659,CONT_02659,Blog,104,2024-02-27,CAMP_007,29,4780,1244
2660,CONT_02660,SocialMedia,244,2024-10-26,CAMP_008,23,9833,542
2661,CONT_02661,Video,1006,2024-05-05,CAMP_003,2,20060,2223
2662,CONT_02662,Video,1507,2024-02-01,CAMP_010,30,15170,3674
2663,CONT_02663,Blog,418,2023-06-03,CAMP_005,16,9520,1934
2664,CONT_02664,Newsletter,123,2023-02-09,CAMP_001,30,3777,871
2665,CONT_02665,SocialMedia,252,2024-05-27,CAMP_008,49,14665,674
2666,CONT_02666,SocialMedia,1725,2023-08-15,CAMP_010,12,24419,7125
2667,CONT_02667,Blog,769,2024-01-29,CAMP_003,25,30242,1745
2668,CONT_02668,Newsletter,2763,2023-04-30,CAMP_001,23,22019,6110
2669,CONT_02669,Newsletter,1081,2023-12-18,CAMP_001,3,20167,3424
2670,CONT_02670,Video,1880,2024-11-12,CAMP_010,11,44828,4326
2671,CONT_02671,SocialMedia,2676,2023-04-12,CAMP_007,27,26627,6404
2672,CONT_02672,SocialMedia,342,2024-07-11,CAMP_008,37,46525,10036
2673,CONT_02673,SocialMedia,961,2024-10-24,CAMP_007,47,35868,6329
2674,CONT_02674,Newsletter,1286,2024-01-20,CAMP_007,15,28528,3829
2675,CONT_02675,Video,33,2023-01-19,CAMP_008,24,16142,3351
2676,CONT_02676,Video,24,2024-12-27,CAMP_004,33,1093,191
2677,CONT_02677,SocialMedia,60,2023-03-09,CAMP_008,21,38098,883
2678,CONT_02678,SocialMedia,19,2024-10-19,CAMP_008,39,42814,2197
2679,CONT_02679,Blog,4126,2024-07-03,CAMP_007,8,32177,9564
2680,CONT_02680,SocialMedia,434,2024-03-12,CAMP_005,3,46782,1174
2681,CONT_02681,SocialMedia,11,2023-05-29,CAMP_003,12,740,83
2682,CONT_02682,Video,180,2024-12-14,CAMP_007,21,25923,3598
2683,CONT_02683,Blog,1783,2024-02-12,CAMP_007,12,24053,4650
2684,CONT_02684,Newsletter,162,2023-08-12,CAMP_009,34,33128,909
2685,CONT_02685,SocialMedia,414,2024-11-20,CAMP_009,17,37913,2926
2686,CONT_02686,Blog,201,2024-02-09,CAMP_010,5,47152,1989
2687,CONT_02687,Newsletter,2294,2024-01-10,CAMP_008,29,17200,4768
2688,CONT_02688,Video,1173,2024-07-20,CAMP_005,4,14241,2631
2689,CONT_02689,Newsletter,969,2023-06-08,CAMP_001,49,21598,2507
2690,CONT_02690,SocialMedia,1350,2023-05-26,CAMP_010,27,25954,5684
2691,CONT_02691,Newsletter,236,2024-05-28,CAMP_010,5,16963,3911
2692,CONT_02692,Newsletter,128,2023-04-28,CAMP_001,2,3352,551
2693,CONT_02693,Blog,1934,2024-02-16,CAMP_007,43,37794,7767
2694,CONT_02694,Blog,11,2024-10-25,CAMP_004,45,10995,106
2695,CONT_02695,Newsletter,271,2023-06-20,CAMP_003,16,9068,939
2696,CONT_02696,Video,49,2023-04-14,CAMP_003,17,9741,171
2697,CONT_02697,Video,658,2024-10-02,CAMP_002,10,26807,1573
2698,CONT_02698,Blog,83,2023-09-16,CAMP_002,6,17396,265
2699,CONT_02699,SocialMedia,544,2023-12-23,CAMP_003,22,26892,2780
2700,CONT_02700,Video,861,2024-09-20,CAMP_009,15,26025,2667
2701,CONT_02701,Newsletter,116,2024-09-05,CAMP_003,27,39950,5351
2702,CONT_02702,SocialMedia,1528,2024-11-23,CAMP_008,10,40865,7948
2703,CONT_02703,Blog,1579,2024-12-29,CAMP_002,19,43989,11949
2704,CONT_02704,SocialMedia,163,2023-08-31,CAMP_003,33,27064,878
2705,CONT_02705,Video,2385,2024-04-08,CAMP_001,39,38347,10239
2706,CONT_02706,Blog,941,2024-07-19,CAMP_010,9,38203,9014
2707,CONT_02707,SocialMedia,71,2023-09-22,CAMP_005,38,31459,1220
2708,CONT_02708,Blog,238,2024-11-06,CAMP_007,17,43548,1762
2709,CONT_02709,Newsletter,458,2024-01-30,CAMP_009,34,40764,934
2710,CONT_02710,Newsletter,58,2024-09-05,CAMP_002,10,35818,470
2711,CONT_02711,Newsletter,182,2023-07-15,CAMP_009,48,32215,659
2712,CONT_02712,Newsletter,4163,2024-12-12,CAMP_010,22,47615,11397
2713,CONT_02713,SocialMedia,601,2024-04-07,CAMP_001,15,16995,1528
2714,CONT_02714,Newsletter,485,2024-06-10,CAMP_001,2,32849,3377
2715,CONT_02715,Video,178,2024-10-30,CAMP_007,47,17289,1636
2716,CONT_02716,Video,26,2023-05-17,CAMP_004,10,8572,82
2717,CONT_02717,Blog,4528,2024-02-01,CAMP_006,35,46147,11240
2718,CONT_02718,Newsletter,467,2023-09-23,CAMP_009,32,45991,3162
2719,CONT_02719,Blog,105,2023-03-07,CAMP_005,29,20053,1419
2720,CONT_02720,Video,459,2023-06-23,CAMP_006,6,21133,4034
2721,CONT_02721,Video,477,2023-07-14,CAMP_002,12,28009,1196
2722,CONT_02722,Video,596,2023-06-07,CAMP_005,31,8089,1926
2723,CONT_02723,Newsletter,208,2023-08-22,CAMP_006,41,30807,4537
2724,CONT_02724,SocialMedia,180,2024-01-28,CAMP_009,18,3061,837
2725,CONT_02725,Blog,225,2023-10-05,CAMP_001,26,10726,2054
2726,CONT_02726,Newsletter,126,2023-07-06,CAMP_007,13,17717,1007
2727,CONT_02727,Blog,833,2023-11-24,CAMP_001,36,44277,1734
2728,CONT_02728,SocialMedia,101,2024-08-27,CAMP_003,10,33555,3361
2729,CONT_02729,Blog,72,2023-09-17,CAMP_006,45,14057,3856
2730,CONT_02730,Blog,75,2024-05-23,CAMP_003,40,34202,6761
2731,CONT_02731,Video,525,2024-04-13,CAMP_004,50,27380,1192
2732,CONT_02732,Video,766,2023-04-30,CAMP_010,29,9558,2398
2733,CONT_02733,SocialMedia,1121,2024-01-28,CAMP_008,40,22513,2779
2734,CONT_02734,SocialMedia,89,2024-04-29,CAMP_009,28,3095,710
2735,CONT_02735,SocialMedia,2200,2024-03-27,CAMP_007,50,47476,4898
2736,CONT_02736,Video,146,2024-06-26,CAMP_001,27,49371,1616
2737,CONT_02737,Video,63,2023-02-06,CAMP_010,49,10850,561
2738,CONT_02738,Video,460,2023-12-09,CAMP_007,26,26564,7067
2739,CONT_02739,Newsletter,2522,2024-03-30,CAMP_002,14,45384,5578
2740,CONT_02740,Video,311,2024-10-09,CAMP_009,44,9047,2538
2741,CONT_02741,Blog,292,2024-10-06,CAMP_006,41,11546,920
2742,CONT_02742,SocialMedia,1318,2024-12-06,CAMP_006,19,41132,6609
2743,CONT_02743,Video,1333,2023-09-25,CAMP_009,34,33348,5350
2744,CONT_02744,Video,369,2024-02-01,CAMP_010,4,41929,11429
2745,CONT_02745,Video,2119,2024-06-24,CAMP_009,39,36456,7833
2746,CONT_02746,Video,1156,2023-01-02,CAMP_007,3,36198,5039
2747,CONT_02747,SocialMedia,302,2024-10-12,CAMP_006,39,38496,622
2748,CONT_02748,Video,1097,2023-04-18,CAMP_010,34,45036,10597
2749,CONT_02749,Blog,73,2024-04-21,CAMP_008,13,558,151
2750,CONT_02750,Blog,347,2023-08-24,CAMP_001,11,33462,1531
2751,CONT_02751,SocialMedia,1914,2024-04-04,CAMP_001,23,25887,6583
2752,CONT_02752,SocialMedia,733,2023-08-28,CAMP_009,20,38397,2289
2753,CONT_02753,Blog,929,2024-08-25,CAMP_002,15,9950,2901
2754,CONT_02754,SocialMedia,376,2024-06-16,CAMP_009,33,16791,1196
2755,CONT_02755,Video,87,2023-03-22,CAMP_007,12,45716,334
2756,CONT_02756,Newsletter,42,2024-11-18,CAMP_002,6,9487,448
2757,CONT_02757,Video,1063,2023-12-25,CAMP_001,10,18296,2589
2758,CONT_02758,Video,28,2024-11-25,CAMP_002,25,46253,1249
2759,CONT_02759,Blog,262,2024-05-08,CAMP_008,44,32924,1725
2760,CONT_02760,Newsletter,5176,2023-12-09,CAMP_002,46,41121,10440
2761,CONT_02761,Video,38,2023-07-14,CAMP_008,12,26305,135
2762,CONT_02762,Blog,701,2023-11-02,CAMP_001,19,16446,1508
2763,CONT_02763,Video,48,2024-03-31,CAMP_009,22,7223,698
2764,CONT_02764,Newsletter,1353,2023-11-14,CAMP_004,26,42443,3412
2765,CONT_02765,Blog,143,2023-03-28,CAMP_003,39,24397,6801
2766,CONT_02766,Blog,145,2024-03-21,CAMP_009,28,5934,376
2767,CONT_02767,Newsletter,611,2024-02-13,CAMP_010,33,23125,3190
2768,CONT_02768,SocialMedia,45,2024-08-05,CAMP_005,34,14019,1284
2769,CONT_02769,Blog,97,2024-08-19,CAMP_010,43,23743,1611
2770,CONT_02770,Blog,44,2023-11-08,CAMP_007,8,31441,594
2771,CONT_02771,Newsletter,131,2024-12-15,CAMP_004,40,4225,385
2772,CONT_02772,SocialMedia,1112,2023-08-25,CAMP_002,20,26054,3831
2773,CONT_02773,Newsletter,128,2024-06-04,CAMP_009,47,22379,6371
2774,CONT_02774,SocialMedia,822,2024-10-01,CAMP_007,37,17854,5230
2775,CONT_02775,Newsletter,1844,2024-11-25,CAMP_008,14,47850,5049
2776,CONT_02776,SocialMedia,178,2024-09-10,CAMP_003,42,10787,1097
2777,CONT_02777,Blog,15,2024-02-07,CAMP_002,34,9559,1302
2778,CONT_02778,Newsletter,1665,2023-01-21,CAMP_006,26,42815,4778
2779,CONT_02779,SocialMedia,65,2024-01-11,CAMP_007,40,17034,3088
2780,CONT_02780,Video,95,2024-03-15,CAMP_010,7,11504,1616
2781,CONT_02781,SocialMedia,299,2023-06-09,CAMP_006,36,15078,4328
2782,CONT_02782,Blog,95,2024-09-05,CAMP_008,18,26185,1436
2783,CONT_02783,Newsletter,129,2023-11-01,CAMP_003,18,20142,2483
2784,CONT_02784,Blog,3421,2023-11-19,CAMP_007,10,45911,11146
2785,CONT_02785,Newsletter,75,2024-02-18,CAMP_005,16,26395,498
2786,CONT_02786,Blog,51,2023-11-09,CAMP_008,26,2274,499
2787,CONT_02787,Newsletter,109,2023-08-12,CAMP_002,14,1169,232
2788,CONT_02788,Newsletter,591,2024-05-04,CAMP_007,25,14247,3836
2789,CONT_02789,SocialMedia,3741,2023-07-09,CAMP_005,50,48200,7939
2790,CONT_02790,SocialMedia,532,2023-11-16,CAMP_002,12,11567,2027
2791,CONT_02791,Newsletter,268,2023-05-29,CAMP_007,7,7445,597
2792,CONT_02792,SocialMedia,4545,2024-04-17,CAMP_008,39,47293,9605
2793,CONT_02793,Video,606,2023-11-16,CAMP_001,27,33596,1250
2794,CONT_02794,Blog,1655,2023-04-03,CAMP_001,19,30522,5735
2795,CONT_02795,Blog,303,2023-11-28,CAMP_009,26,31446,3124
2796,CONT_02796,Video,50,2023-10-10,CAMP_008,5,2479,437
2797,CONT_02797,Newsletter,805,2024-10-06,CAMP_009,48,26166,5093
2798,CONT_02798,Newsletter,16,2023-12-11,CAMP_005,8,5058,423
2799,CONT_02799,Video,196,2024-05-10,CAMP_009,27,33420,481
2800,CONT_02800,Video,24,2024-03-06,CAMP_010,25,32184,177
2801,CONT_02801,SocialMedia,500,2023-07-17,CAMP_007,9,49317,2523
2802,CONT_02802,Newsletter,509,2024-11-20,CAMP_009,5,26716,3090
2803,CONT_02803,SocialMedia,2721,2024-02-01,CAMP_003,13,35892,9764
2804,CONT_02804,Video,1340,2023-03-11,CAMP_003,38,15301,3043
2805,CONT_02805,Blog,3414,2023-08-13,CAMP_009,23,36213,9321
2806,CONT_02806,Video,30,2023-02-28,CAMP_005,21,3647,745
2807,CONT_02807,Blog,174,2024-01-26,CAMP_007,1,1936,458
2808,CONT_02808,Video,171,2024-08-05,CAMP_003,42,3401,642
2809,CONT_02809,Video,4137,2023-03-29,CAMP_006,34,42423,10747
2810,CONT_02810,SocialMedia,2013,2023-02-27,CAMP_003,8,25053,6821
2811,CONT_02811,Blog,1658,2024-11-11,CAMP_001,11,49585,6447
2812,CONT_02812,SocialMedia,269,2024-09-12,CAMP_007,23,6641,576
2813,CONT_02813,Newsletter,784,2024-12-31,CAMP_008,36,39131,10893
2814,CONT_02814,Blog,395,2024-01-29,CAMP_002,48,24475,2164
2815,CONT_02815,Blog,465,2024-01-22,CAMP_007,49,37050,3661
2816,CONT_02816,Video,487,2024-12-18,CAMP_005,15,13392,1208
2817,CONT_02817,Blog,891,2024-04-21,CAMP_009,48,42637,2371
2818,CONT_02818,Video,1508,2023-03-08,CAMP_002,50,26434,3607
2819,CONT_02819,Video,325,2024-02-23,CAMP_001,39,26645,4656
2820,CONT_02820,Newsletter,234,2024-06-07,CAMP_008,28,4270,807
2821,CONT_02821,Newsletter,492,2024-07-11,CAMP_003,44,48475,1297
2822,CONT_02822,Newsletter,1939,2023-08-21,CAMP_001,29,19129,5197
2823,CONT_02823,Video,48,2024-04-12,CAMP_010,32,47647,516
2824,CONT_02824,SocialMedia,35,2023-04-25,CAMP_010,40,33020,3364
2825,CONT_02825,Newsletter,1629,2024-01-17,CAMP_003,7,38817,5043
2826,CONT_02826,Newsletter,1613,2023-11-18,CAMP_009,38,24871,5394
2827,CONT_02827,Video,2312,2023-10-30,CAMP_005,15,36740,6992
2828,CONT_02828,Blog,445,2023-11-07,CAMP_006,30,34743,4533
2829,CONT_02829,Video,5922,2024-04-10,CAMP_004,36,48766,13356
2830,CONT_02830,Blog,2377,2024-09-01,CAMP_008,42,28296,7455
2831,CONT_02831,SocialMedia,181,2023-07-12,CAMP_001,9,23029,3526
2832,CONT_02832,SocialMedia,893,2024-09-01,CAMP_002,26,32026,6647
2833,CONT_02833,Video,1589,2024-08-14,CAMP_008,26,33225,3427
2834,CONT_02834,Newsletter,1204,2024-02-23,CAMP_005,32,25625,3052
2835,CONT_02835,Blog,503,2023-12-31,CAMP_004,18,5755,1430
2836,CONT_02836,Blog,800,2024-10-07,CAMP_006,8,7559,1857
2837,CONT_02837,Blog,456,2023-10-17,CAMP_005,4,21213,3483
2838,CONT_02838,Newsletter,85,2023-04-14,CAMP_007,12,8226,192
2839,CONT_02839,Newsletter,1977,2023-06-16,CAMP_008,33,41174,6926
2840,CONT_02840,SocialMedia,222,2024-05-18,CAMP_004,5,12148,1603
2841,CONT_02841,Newsletter,208,2024-03-06,CAMP_010,33,11924,1297
2842,CONT_02842,Blog,37,2024-04-29,CAMP_009,45,3524,95
2843,CONT_02843,Newsletter,389,2024-03-08,CAMP_010,6,30559,2025
2844,CONT_02844,Video,28,2023-06-11,CAMP_010,35,31215,293
2845,CONT_02845,SocialMedia,1471,2023-10-27,CAMP_002,25,38971,4236
2846,CONT_02846,Video,369,2023-02-13,CAMP_001,28,32446,1811
2847,CONT_02847,Newsletter,689,2023-07-25,CAMP_001,3,11369,2297
2848,CONT_02848,Video,3287,2024-06-30,CAMP_006,40,31265,8392
2849,CONT_02849,SocialMedia,12,2024-01-30,CAMP_006,47,8757,264
2850,CONT_02850,Newsletter,482,2023-11-01,CAMP_005,9,20540,5306
2851,CONT_02851,Blog,23,2023-10-20,CAMP_003,1,43641,91
2852,CONT_02852,Newsletter,3483,2023-06-27,CAMP_002,32,36508,7704
2853,CONT_02853,Blog,1721,2024-06-21,CAMP_008,42,47976,7079
2854,CONT_02854,Blog,4581,2023-05-04,CAMP_008,40,47522,11036
2855,CONT_02855,Newsletter,257,2023-04-22,CAMP_003,16,5780,938
2856,CONT_02856,Blog,2088,2023-08-20,CAMP_007,24,46143,5669
2857,CONT_02857,Blog,796,2024-02-21,CAMP_007,23,44694,10408
2858,CONT_02858,Blog,2887,2023-06-17,CAMP_003,49,28151,6729
2859,CONT_02859,SocialMedia,202,2023-03-06,CAMP_001,9,3024,606
2860,CONT_02860,Blog,16,2024-08-07,CAMP_007,16,1870,422
2861,CONT_02861,Video,613,2024-06-26,CAMP_009,5,13225,3707
2862,CONT_02862,Video,4585,2023-05-29,CAMP_005,45,44549,12391
2863,CONT_02863,Newsletter,2330,2024-12-08,CAMP_005,14,49039,7724
2864,CONT_02864,Video,852,2024-01-13,CAMP_007,28,7899,1963
2865,CONT_02865,Newsletter,771,2023-03-31,CAMP_004,11,39848,6577
2866,CONT_02866,SocialMedia,774,2023-01-11,CAMP_002,44,12334,2591
2867,CONT_02867,Newsletter,58,2023-07-18,CAMP_003,7,5881,131
2868,CONT_02868,Newsletter,45,2024-04-15,CAMP_003,25,33417,125
2869,CONT_02869,Newsletter,2708,2023-03-19,CAMP_002,40,46016,5489
2870,CONT_02870,SocialMedia,1401,2023-03-05,CAMP_010,2,35572,3555
2871,CONT_02871,Video,414,2024-11-12,CAMP_008,12,33961,1483
2872,CONT_02872,Blog,27,2023-05-13,CAMP_001,6,16430,130
2873,CONT_02873,Video,499,2023-08-21,CAMP_002,6,23424,1361
2874,CONT_02874,Newsletter,1016,2023-07-10,CAMP_003,18,23508,3417
2875,CONT_02875,Blog,1383,2023-01-25,CAMP_004,34,26031,7618
2876,CONT_02876,Video,702,2024-08-03,CAMP_006,38,6787,1973
2877,CONT_02877,SocialMedia,739,2024-12-08,CAMP_005,17,17840,4844
2878,CONT_02878,Video,1779,2023-03-29,CAMP_006,37,49148,6603
2879,CONT_02879,SocialMedia,122,2024-08-28,CAMP_008,25,9299,265
2880,CONT_02880,Video,292,2023-07-12,CAMP_009,11,25839,589
2881,CONT_02881,Video,2418,2023-05-02,CAMP_005,15,22615,5691
2882,CONT_02882,SocialMedia,184,2023-10-14,CAMP_006,25,7995,2026
2883,CONT_02883,Blog,189,2023-02-26,CAMP_009,41,5550,1098
2884,CONT_02884,Blog,535,2023-01-03,CAMP_009,32,7962,1900
2885,CONT_02885,Blog,1267,2024-03-28,CAMP_004,10,15177,4295
2886,CONT_02886,Video,247,2023-03-02,CAMP_004,28,4399,783
2887,CONT_02887,Video,775,2023-11-20,CAMP_008,2,25013,4805
2888,CONT_02888,Newsletter,1297,2024-09-07,CAMP_001,45,31923,9475
2889,CONT_02889,Video,4417,2023-03-15,CAMP_002,47,49382,9488
2890,CONT_02890,Newsletter,243,2024-05-06,CAMP_001,12,6130,1380
2891,CONT_02891,Newsletter,199,2024-01-31,CAMP_008,12,25594,4057
2892,CONT_02892,Newsletter,91,2023-02-08,CAMP_003,27,9999,1247
2893,CONT_02893,SocialMedia,37,2024-07-16,CAMP_004,12,35529,3432
2894,CONT_02894,Blog,321,2024-12-27,CAMP_004,41,38425,1469
2895,CONT_02895,Blog,1055,2023-03-10,CAMP_006,16,16082,4440
2896,CONT_02896,Blog,1382,2023-08-24,CAMP_001,31,46821,8506
2897,CONT_02897,SocialMedia,594,2024-08-04,CAMP_009,34,39043,7630
2898,CONT_02898,Newsletter,1899,2023-03-16,CAMP_004,48,35177,7429
2899,CONT_02899,Blog,1931,2024-11-17,CAMP_007,33,15731,4207
2900,CONT_02900,Blog,25,2024-11-21,CAMP_008,40,950,53
2901,CONT_02901,Newsletter,3598,2024-04-12,CAMP_001,39,47556,7596
2902,CONT_02902,Newsletter,392,2023-09-09,CAMP_010,40,24633,1272
2903,CONT_02903,Blog,1273,2023-03-11,CAMP_004,8,34806,5336
2904,CONT_02904,Newsletter,696,2024-12-16,CAMP_002,38,17614,2100
2905,CONT_02905,Video,466,2023-07-30,CAMP_005,17,11670,2798
2906,CONT_02906,Blog,4157,2024-01-07,CAMP_006,5,47533,9166
2907,CONT_02907,Blog,221,2024-03-30,CAMP_002,1,40235,2544
2908,CONT_02908,Newsletter,92,2023-12-14,CAMP_010,41,21805,2043
2909,CONT_02909,Newsletter,55,2024-07-26,CAMP_008,44,26510,5768
2910,CONT_02910,SocialMedia,1032,2024-05-22,CAMP_008,22,22697,2105
2911,CONT_02911,SocialMedia,772,2024-04-05,CAMP_007,35,36348,1988
2912,CONT_02912,SocialMedia,492,2024-06-20,CAMP_002,46,8979,1177
2913,CONT_02913,Blog,822,2024-03-13,CAMP_003,8,43991,1989
2914,CONT_02914,Newsletter,1199,2023-07-26,CAMP_002,27,19175,3502
2915,CONT_02915,Blog,2786,2024-11-22,CAMP_002,25,46102,5701
2916,CONT_02916,Video,164,2024-05-20,CAMP_001,41,47246,10119
2917,CONT_02917,Video,316,2024-12-08,CAMP_007,19,22860,1000
2918,CONT_02918,SocialMedia,187,2024-03-11,CAMP_002,40,2136,439
2919,CONT_02919,Blog,2130,2023-10-28,CAMP_003,21,43309,4501
2920,CONT_02920,SocialMedia,1910,2023-05-03,CAMP_010,14,27311,6958
2921,CONT_02921,Blog,2007,2023-07-23,CAMP_010,2,43144,4906
2922,CONT_02922,Newsletter,844,2023-06-15,CAMP_005,14,22794,4420
2923,CONT_02923,Video,2969,2023-04-27,CAMP_004,13,47899,13571
2924,CONT_02924,SocialMedia,3052,2024-09-03,CAMP_006,18,47394,6742
2925,CONT_02925,SocialMedia,435,2024-08-03,CAMP_004,23,12519,1179
2926,CONT_02926,Video,2269,2024-06-12,CAMP_004,43,40944,8181
2927,CONT_02927,Newsletter,3273,2023-06-11,CAMP_001,20,31535,7945
2928,CONT_02928,SocialMedia,524,2024-06-09,CAMP_009,44,33117,2028
2929,CONT_02929,Video,751,2024-10-01,CAMP_007,21,7783,1589
2930,CONT_02930,Newsletter,456,2024-09-05,CAMP_003,34,23781,2994
2931,CONT_02931,Video,555,2024-05-13,CAMP_007,39,13815,3918
2932,CONT_02932,Newsletter,1101,2023-11-10,CAMP_001,27,24811,5733
2933,CONT_02933,Newsletter,2466,2023-06-03,CAMP_006,14,39430,9742
2934,CONT_02934,SocialMedia,961,2023-01-06,CAMP_009,2,26510,4816
2935,CONT_02935,Blog,4018,2023-06-29,CAMP_002,42,44314,8912
2936,CONT_02936,SocialMedia,1502,2023-01-18,CAMP_003,3,48139,3148
2937,CONT_02937,Blog,1842,2023-06-18,CAMP_004,35,28552,5644
2938,CONT_02938,Newsletter,205,2023-03-20,CAMP_009,28,27238,6060
2939,CONT_02939,Blog,1396,2023-10-05,CAMP_001,45,16484,3582
2940,CONT_02940,Newsletter,194,2023-03-19,CAMP_009,20,35953,575
2941,CONT_02941,Blog,998,2023-12-29,CAMP_001,16,32874,8042
2942,CONT_02942,Blog,2415,2024-04-16,CAMP_005,5,35162,4997
2943,CONT_02943,Newsletter,650,2023-12-30,CAMP_007,15,11314,2206
2944,CONT_02944,SocialMedia,62,2023-07-08,CAMP_004,22,43989,130
2945,CONT_02945,SocialMedia,769,2024-05-24,CAMP_010,43,48184,12954
2946,CONT_02946,SocialMedia,99,2024-07-01,CAMP_010,5,7421,532
2947,CONT_02947,SocialMedia,313,2023-01-21,CAMP_003,30,46406,5334
2948,CONT_02948,Blog,2143,2023-03-31,CAMP_005,30,23544,5301
2949,CONT_02949,Newsletter,1554,2023-05-24,CAMP_004,14,46910,5503
2950,CONT_02950,Blog,1664,2024-06-11,CAMP_009,22,30561,7428
2951,CONT_02951,Video,1131,2023-11-29,CAMP_009,10,42651,6365
2952,CONT_02952,Video,435,2023-09-12,CAMP_004,1,13987,3956
2953,CONT_02953,Blog,39,2023-04-12,CAMP_007,43,951,119
2954,CONT_02954,Newsletter,155,2024-10-29,CAMP_003,24,10433,1014
2955,CONT_02955,SocialMedia,133,2023-05-09,CAMP_009,41,3561,1055
2956,CONT_02956,Blog,13,2023-04-02,CAMP_003,38,1282,51
2957,CONT_02957,Video,846,2024-07-02,CAMP_008,47,32488,8285
2958,CONT_02958,Video,862,2024-03-03,CAMP_004,29,25824,2900
2959,CONT_02959,Blog,975,2024-10-17,CAMP_008,13,41897,4321
2960,CONT_02960,Newsletter,130,2024-01-18,CAMP_004,21,5813,572
2961,CONT_02961,Video,268,2023-06-06,CAMP_009,46,28550,2759
2962,CONT_02962,Video,82,2023-02-27,CAMP_010,32,27012,3220
2963,CONT_02963,Video,28,2023-04-04,CAMP_003,25,38324,73
2964,CONT_02964,Blog,412,2024-01-13,CAMP_002,20,24979,4595
2965,CONT_02965,Blog,1227,2023-02-28,CAMP_001,20,24803,5146
2966,CONT_02966,Newsletter,42,2024-01-31,CAMP_010,24,1010,191
2967,CONT_02967,Video,1557,2024-12-18,CAMP_010,30,39659,5192
2968,CONT_02968,Newsletter,174,2023-09-09,CAMP_005,2,28576,1139
2969,CONT_02969,Blog,2695,2023-05-17,CAMP_003,40,49966,11481
2970,CONT_02970,Blog,32,2023-01-27,CAMP_008,28,2161,141
2971,CONT_02971,SocialMedia,33,2023-04-11,CAMP_003,48,18215,1448
2972,CONT_02972,Blog,85,2023-11-04,CAMP_004,17,12654,222
2973,CONT_02973,SocialMedia,618,2023-03-28,CAMP_010,36,34435,2301
2974,CONT_02974,Video,3898,2023-08-05,CAMP_005,8,48174,8439
2975,CONT_02975,SocialMedia,30,2024-12-20,CAMP_008,15,10268,901
2976,CONT_02976,Video,809,2023-03-12,CAMP_009,29,42279,3522
2977,CONT_02977,Newsletter,2957,2023-08-02,CAMP_006,11,33095,8471
2978,CONT_02978,Video,672,2024-10-12,CAMP_010,37,16677,2658
2979,CONT_02979,Video,159,2023-09-12,CAMP_007,4,18211,913
2980,CONT_02980,Video,597,2023-08-29,CAMP_001,35,32814,2133
2981,CONT_02981,Video,143,2024-03-12,CAMP_005,42,27001,6035
2982,CONT_02982,Blog,325,2024-01-07,CAMP_001,37,20056,2509
2983,CONT_02983,Newsletter,1369,2024-12-17,CAMP_008,37,16767,4120
2984,CONT_02984,Blog,77,2024-07-12,CAMP_001,28,23796,187
2985,CONT_02985,SocialMedia,1371,2023-10-06,CAMP_006,1,34616,4773
2986,CONT_02986,Video,1491,2024-09-09,CAMP_007,23,43775,10623
2987,CONT_02987,SocialMedia,851,2024-05-29,CAMP_001,39,17161,3933
2988,CONT_02988,Video,974,2023-11-17,CAMP_001,23,26477,4542
2989,CONT_02989,Blog,640,2023-01-31,CAMP_003,30,16043,2314
2990,CONT_02990,Video,2781,2023-02-24,CAMP_002,18,42080,8084
2991,CONT_02991,SocialMedia,94,2023-09-04,CAMP_004,28,39132,5613
2992,CONT_02992,SocialMedia,82,2023-06-08,CAMP_002,8,15240,2500
2993,CONT_02993,Blog,2138,2023-02-12,CAMP_005,25,20035,4724
2994,CONT_02994,Blog,637,2024-10-11,CAMP_010,14,12792,3764
2995,CONT_02995,Blog,1800,2023-07-22,CAMP_005,39,27422,7151
2996,CONT_02996,Blog,390,2023-11-27,CAMP_008,29,4029,815
2997,CONT_02997,SocialMedia,143,2024-01-03,CAMP_006,41,38182,704
2998,CONT_02998,Video,464,2023-07-17,CAMP_002,39,12700,3349
2999,CONT_02999,SocialMedia,162,2023-02-17,CAMP_009,8,10692,2860
3000,CONT_03000,Blog,79,2024-05-15,CAMP_008,13,3166,272
3001,CONT_03001,Blog,780,2024-08-08,CAMP_007,36,29738,8233
3002,CONT_03002,Newsletter,1589,2024-03-16,CAMP_009,43,45954,6870
3003,CONT_03003,Video,191,2024-03-19,CAMP_006,3,13361,3892
3004,CONT_03004,SocialMedia,194,2024-05-17,CAMP_003,19,35392,1131
3005,CONT_03005,Blog,102,2023-11-09,CAMP_004,39,18158,496
3006,CONT_03006,SocialMedia,2182,2024-05-04,CAMP_004,33,41241,8515
3007,CONT_03007,Video,887,2024-05-13,CAMP_003,24,21246,1808
3008,CONT_03008,Blog,960,2024-11-13,CAMP_006,34,22536,6362
3009,CONT_03009,Video,12,2023-07-29,CAMP_003,15,10513,122
3010,CONT_03010,Blog,204,2024-11-03,CAMP_009,26,7817,605
3011,CONT_03011,Blog,1049,2023-12-30,CAMP_006,45,32691,3803
3012,CONT_03012,Video,58,2024-10-02,CAMP_009,6,3732,757
3013,CONT_03013,Newsletter,385,2023-11-05,CAMP_003,25,25200,7181
3014,CONT_03014,Newsletter,431,2024-05-21,CAMP_008,49,20532,1906
3015,CONT_03015,Blog,745,2023-03-30,CAMP_001,33,41750,11503
3016,CONT_03016,Blog,814,2023-10-10,CAMP_010,7,12209,2688
3017,CONT_03017,SocialMedia,3914,2023-09-22,CAMP_009,38,43516,9700
3018,CONT_03018,Video,390,2023-06-03,CAMP_008,22,17926,1194
3019,CONT_03019,SocialMedia,584,2023-01-07,CAMP_006,50,32503,9621
3020,CONT_03020,SocialMedia,714,2024-01-30,CAMP_004,14,23969,3409
3021,CONT_03021,Newsletter,324,2024-07-13,CAMP_009,39,17365,1618
3022,CONT_03022,Blog,39,2023-01-26,CAMP_003,17,2152,81
3023,CONT_03023,SocialMedia,125,2024-04-18,CAMP_007,2,5235,321
3024,CONT_03024,Newsletter,695,2024-08-19,CAMP_006,49,9206,1578
3025,CONT_03025,Newsletter,237,2023-04-10,CAMP_003,47,19888,2493
3026,CONT_03026,Video,133,2023-06-29,CAMP_008,17,11945,432
3027,CONT_03027,SocialMedia,2108,2023-02-26,CAMP_005,31,47017,10240
3028,CONT_03028,Blog,457,2023-03-13,CAMP_007,34,31949,1863
3029,CONT_03029,Video,627,2024-10-10,CAMP_003,25,44301,8302
3030,CONT_03030,SocialMedia,1049,2024-04-07,CAMP_010,20,45579,13349
3031,CONT_03031,Blog,23,2024-08-27,CAMP_008,16,42792,5688
3032,CONT_03032,SocialMedia,276,2024-05-03,CAMP_001,15,3512,667
3033,CONT_03033,SocialMedia,1129,2024-01-04,CAMP_003,32,11636,2476
3034,CONT_03034,Blog,578,2023-11-10,CAMP_005,25,29716,3840
3035,CONT_03035,SocialMedia,544,2024-05-07,CAMP_005,37,19803,3187
3036,CONT_03036,Newsletter,265,2023-04-11,CAMP_002,1,37701,2036
3037,CONT_03037,Blog,179,2023-03-17,CAMP_009,6,24901,1091
3038,CONT_03038,Video,2224,2024-06-29,CAMP_002,11,38831,5872
3039,CONT_03039,SocialMedia,4325,2024-02-26,CAMP_007,3,48222,9239
3040,CONT_03040,SocialMedia,217,2023-03-15,CAMP_004,43,16043,3092
3041,CONT_03041,Video,280,2024-08-12,CAMP_005,24,11815,1371
3042,CONT_03042,Newsletter,215,2024-07-12,CAMP_002,4,5740,1011
3043,CONT_03043,Blog,1711,2023-06-12,CAMP_005,31,43336,3565
3044,CONT_03044,Blog,140,2023-04-12,CAMP_005,6,12822,282
3045,CONT_03045,Video,743,2024-03-24,CAMP_005,46,15103,3645
3046,CONT_03046,Video,2672,2023-05-06,CAMP_008,49,25016,7122
3047,CONT_03047,SocialMedia,12,2024-02-21,CAMP_006,45,13199,70
3048,CONT_03048,Video,1520,2024-04-04,CAMP_009,6,30355,6474
3049,CONT_03049,Video,210,2023-12-28,CAMP_006,41,5320,911
3050,CONT_03050,Blog,802,2023-09-14,CAMP_003,5,10005,2334
3051,CONT_03051,SocialMedia,899,2023-04-06,CAMP_005,31,7953,2016
3052,CONT_03052,SocialMedia,1392,2023-05-09,CAMP_010,45,11873,3390
3053,CONT_03053,Video,425,2024-12-24,CAMP_006,6,6975,1205
3054,CONT_03054,Newsletter,290,2024-11-08,CAMP_001,22,19544,856
3055,CONT_03055,Video,176,2023-08-19,CAMP_009,48,2328,581
3056,CONT_03056,Blog,663,2023-01-20,CAMP_008,49,40174,4526
3057,CONT_03057,Newsletter,4853,2023-02-08,CAMP_010,30,46116,10098
3058,CONT_03058,Newsletter,663,2023-08-20,CAMP_002,7,38258,11443
3059,CONT_03059,Newsletter,3772,2024-06-15,CAMP_002,22,43985,8625
3060,CONT_03060,Newsletter,996,2024-03-08,CAMP_008,5,45987,9627
3061,CONT_03061,Newsletter,211,2024-11-22,CAMP_010,34,28914,7785
3062,CONT_03062,Newsletter,2712,2023-05-02,CAMP_007,36,36336,8814
3063,CONT_03063,SocialMedia,607,2024-11-01,CAMP_009,24,36982,6073
3064,CONT_03064,Newsletter,53,2023-10-23,CAMP_002,43,4455,185
3065,CONT_03065,Video,1402,2023-04-02,CAMP_002,35,26646,4262
3066,CONT_03066,Blog,6307,2024-05-16,CAMP_009,32,44960,12885
3067,CONT_03067,SocialMedia,338,2023-04-30,CAMP_005,40,4145,1195
3068,CONT_03068,Newsletter,1886,2024-11-05,CAMP_002,45,30175,6185
3069,CONT_03069,Newsletter,27,2023-07-16,CAMP_002,13,19533,248
3070,CONT_03070,Video,2304,2023-07-21,CAMP_010,42,45481,6357
3071,CONT_03071,Newsletter,204,2023-08-14,CAMP_010,23,23050,3833
3072,CONT_03072,Newsletter,570,2023-10-27,CAMP_006,5,7468,1780
3073,CONT_03073,SocialMedia,264,2023-06-28,CAMP_004,34,18254,5212
3074,CONT_03074,Newsletter,1559,2023-02-15,CAMP_004,35,35629,10112
3075,CONT_03075,Blog,1617,2023-02-22,CAMP_005,1,48372,7675
3076,CONT_03076,Newsletter,875,2023-05-28,CAMP_010,11,12556,3070
3077,CONT_03077,SocialMedia,841,2024-03-28,CAMP_007,11,37713,5898
3078,CONT_03078,Blog,4513,2024-01-04,CAMP_004,12,47965,9313
3079,CONT_03079,Newsletter,65,2024-02-11,CAMP_008,24,9400,214
3080,CONT_03080,Video,103,2024-08-14,CAMP_008,14,42934,294
3081,CONT_03081,Blog,1000,2024-04-28,CAMP_005,24,21710,5507
3082,CONT_03082,Blog,1679,2023-01-05,CAMP_007,36,46589,8512
3083,CONT_03083,SocialMedia,885,2024-03-28,CAMP_001,18,34337,2065
3084,CONT_03084,Newsletter,565,2024-04-01,CAMP_010,49,38762,4941
3085,CONT_03085,Blog,455,2023-08-06,CAMP_008,45,5107,928
3086,CONT_03086,Blog,3675,2023-05-30,CAMP_001,11,49988,14964
3087,CONT_03087,SocialMedia,2314,2024-05-14,CAMP_001,50,38399,7303
3088,CONT_03088,Newsletter,96,2023-11-04,CAMP_003,18,5028,697
3089,CONT_03089,Video,74,2024-09-27,CAMP_010,14,3411,995
3090,CONT_03090,SocialMedia,976,2024-10-30,CAMP_005,3,14577,3359
3091,CONT_03091,Blog,2740,2023-09-27,CAMP_003,32,48341,5631
3092,CONT_03092,Blog,230,2024-12-09,CAMP_009,8,34246,3576
3093,CONT_03093,Blog,40,2024-04-12,CAMP_002,20,18755,1590
3094,CONT_03094,SocialMedia,1268,2023-12-20,CAMP_001,36,22161,6167
3095,CONT_03095,SocialMedia,2818,2024-09-05,CAMP_009,46,42242,5917
3096,CONT_03096,Newsletter,619,2024-05-20,CAMP_005,33,36831,1636
3097,CONT_03097,Video,649,2023-06-24,CAMP_004,11,29292,4281
3098,CONT_03098,Newsletter,352,2023-01-09,CAMP_005,27,17144,1402
3099,CONT_03099,Video,723,2024-12-18,CAMP_008,19,6633,1958
3100,CONT_03100,SocialMedia,2454,2023-02-24,CAMP_007,28,36166,8976
3101,CONT_03101,Blog,62,2023-03-27,CAMP_002,28,18187,2875
3102,CONT_03102,Blog,563,2024-12-21,CAMP_002,36,10787,2658
3103,CONT_03103,Blog,126,2024-02-11,CAMP_003,48,27333,482
3104,CONT_03104,Blog,677,2024-02-23,CAMP_003,6,26701,5050
3105,CONT_03105,Newsletter,48,2023-06-10,CAMP_001,25,31234,3009
3106,CONT_03106,SocialMedia,27,2024-08-28,CAMP_003,18,20947,605
3107,CONT_03107,Video,1226,2023-01-05,CAMP_006,28,38846,5903
3108,CONT_03108,Newsletter,3061,2023-05-07,CAMP_008,12,38067,6502
3109,CONT_03109,Video,1017,2024-11-22,CAMP_004,5,30511,2302
3110,CONT_03110,Newsletter,146,2024-02-03,CAMP_003,2,3618,682
3111,CONT_03111,SocialMedia,983,2023-03-17,CAMP_010,40,19375,2948
3112,CONT_03112,Blog,829,2023-10-16,CAMP_003,41,45048,7863
3113,CONT_03113,Blog,45,2023-01-26,CAMP_008,42,6497,253
3114,CONT_03114,Blog,1289,2024-09-03,CAMP_003,38,29123,6282
3115,CONT_03115,Blog,464,2024-07-31,CAMP_005,12,13060,2170
3116,CONT_03116,Newsletter,1499,2023-09-29,CAMP_003,20,49435,3657
3117,CONT_03117,Newsletter,2340,2023-05-17,CAMP_003,9,44241,4921
3118,CONT_03118,Video,380,2023-10-25,CAMP_001,2,6874,912
3119,CONT_03119,Video,2959,2023-06-16,CAMP_005,8,46756,9411
3120,CONT_03120,Video,888,2023-11-12,CAMP_007,26,18905,3029
3121,CONT_03121,SocialMedia,53,2023-04-03,CAMP_003,47,5710,1075
3122,CONT_03122,Blog,1021,2024-01-01,CAMP_010,40,16294,2948
3123,CONT_03123,Newsletter,1302,2024-02-19,CAMP_008,23,39665,7710
3124,CONT_03124,Newsletter,2041,2024-01-22,CAMP_007,29,43748,6965
3125,CONT_03125,Video,235,2023-11-06,CAMP_009,7,47320,1570
3126,CONT_03126,Newsletter,59,2023-08-06,CAMP_003,20,48101,4610
3127,CONT_03127,SocialMedia,1456,2023-07-24,CAMP_003,44,28236,4241
3128,CONT_03128,Video,2609,2023-05-17,CAMP_002,20,19302,5712
3129,CONT_03129,Newsletter,83,2024-06-10,CAMP_004,21,1569,195
3130,CONT_03130,Blog,420,2024-09-24,CAMP_009,13,22412,4164
3131,CONT_03131,Newsletter,1200,2023-02-28,CAMP_006,39,19690,3329
3132,CONT_03132,Blog,855,2023-12-28,CAMP_004,40,15370,3992
3133,CONT_03133,Newsletter,30,2024-04-14,CAMP_009,14,2673,87
3134,CONT_03134,Video,264,2024-01-02,CAMP_001,38,36081,860
3135,CONT_03135,Video,567,2024-01-17,CAMP_002,14,14371,2699
3136,CONT_03136,Newsletter,87,2023-11-02,CAMP_003,47,2948,178
3137,CONT_03137,SocialMedia,356,2024-07-28,CAMP_006,38,3356,731
3138,CONT_03138,Video,214,2023-05-29,CAMP_002,24,13030,3290
3139,CONT_03139,Video,1518,2024-08-07,CAMP_003,18,23882,4757
3140,CONT_03140,Blog,453,2024-02-05,CAMP_006,21,29298,1872
3141,CONT_03141,SocialMedia,79,2023-03-30,CAMP_002,42,3519,170
3142,CONT_03142,Newsletter,55,2024-11-17,CAMP_004,10,13910,1113
3143,CONT_03143,Video,82,2023-10-21,CAMP_005,45,13592,1675
3144,CONT_03144,Blog,117,2023-12-13,CAMP_002,20,10727,339
3145,CONT_03145,Blog,428,2024-07-20,CAMP_008,12,7021,1255
3146,CONT_03146,Newsletter,989,2023-01-15,CAMP_003,8,32850,3892
3147,CONT_03147,Video,95,2023-07-29,CAMP_006,21,17370,2917
3148,CONT_03148,Newsletter,111,2024-11-11,CAMP_002,10,15157,770
3149,CONT_03149,Blog,199,2023-11-14,CAMP_004,17,5382,1529
3150,CONT_03150,Newsletter,123,2023-07-26,CAMP_007,12,25942,1099
3151,CONT_03151,Blog,1066,2023-01-15,CAMP_007,1,39328,4571
3152,CONT_03152,Blog,1500,2023-04-26,CAMP_003,1,19599,3483
3153,CONT_03153,Video,1162,2023-09-21,CAMP_008,24,36755,4559
3154,CONT_03154,SocialMedia,38,2024-05-06,CAMP_005,34,28396,1060
3155,CONT_03155,Blog,766,2023-08-30,CAMP_004,45,45407,3144
3156,CONT_03156,SocialMedia,268,2024-03-29,CAMP_006,8,41256,4560
3157,CONT_03157,Blog,1593,2024-01-12,CAMP_009,10,29883,5781
3158,CONT_03158,Video,987,2024-06-02,CAMP_007,36,17599,4233
3159,CONT_03159,Newsletter,1402,2023-12-15,CAMP_009,32,13523,3702
3160,CONT_03160,Blog,36,2023-02-12,CAMP_010,4,797,172
3161,CONT_03161,Newsletter,1295,2024-01-31,CAMP_004,25,37568,4148
3162,CONT_03162,Newsletter,64,2024-09-08,CAMP_007,48,13199,450
3163,CONT_03163,SocialMedia,428,2024-07-11,CAMP_010,30,26486,2073
3164,CONT_03164,Video,20,2023-07-05,CAMP_002,19,2014,170
3165,CONT_03165,SocialMedia,791,2024-09-24,CAMP_004,37,24000,5029
3166,CONT_03166,Video,1058,2023-06-02,CAMP_009,33,29659,2838
3167,CONT_03167,Blog,2569,2024-01-27,CAMP_001,19,27807,6078
3168,CONT_03168,Blog,1163,2023-11-09,CAMP_008,30,43604,7662
3169,CONT_03169,Blog,220,2023-09-03,CAMP_006,32,36083,1338
3170,CONT_03170,SocialMedia,559,2023-10-18,CAMP_003,15,39093,2593
3171,CONT_03171,Video,2127,2023-11-16,CAMP_004,49,27103,4525
3172,CONT_03172,SocialMedia,64,2024-02-06,CAMP_003,28,15108,3239
3173,CONT_03173,SocialMedia,327,2023-04-23,CAMP_010,9,10174,992
3174,CONT_03174,Video,4124,2024-12-04,CAMP_008,18,46264,12256
3175,CONT_03175,Video,1477,2024-11-27,CAMP_001,13,24086,3487
3176,CONT_03176,Blog,2075,2024-01-30,CAMP_006,38,36052,6790
3177,CONT_03177,SocialMedia,2124,2023-04-27,CAMP_003,39,39633,5138
3178,CONT_03178,Newsletter,542,2024-04-16,CAMP_008,8,19152,4307
3179,CONT_03179,Video,648,2024-08-24,CAMP_005,8,42053,2043
3180,CONT_03180,SocialMedia,1834,2024-04-27,CAMP_003,38,20830,5614
3181,CONT_03181,Blog,1281,2023-02-14,CAMP_002,17,33430,4692
3182,CONT_03182,Newsletter,22,2023-04-01,CAMP_010,25,626,95
3183,CONT_03183,Blog,534,2024-07-13,CAMP_003,44,9882,1495
3184,CONT_03184,Video,915,2023-05-01,CAMP_009,2,48559,2845
3185,CONT_03185,Video,189,2024-07-09,CAMP_010,37,40596,1549
3186,CONT_03186,Video,934,2023-11-10,CAMP_005,29,7656,2005
3187,CONT_03187,Video,1887,2024-02-05,CAMP_006,8,49683,11945
3188,CONT_03188,SocialMedia,87,2024-04-14,CAMP_001,46,31255,436
3189,CONT_03189,SocialMedia,343,2024-01-07,CAMP_001,25,30197,2067
3190,CONT_03190,SocialMedia,39,2023-08-13,CAMP_006,33,9498,80
3191,CONT_03191,Blog,3651,2024-09-26,CAMP_006,6,40943,10365
3192,CONT_03192,Newsletter,1543,2023-06-03,CAMP_005,3,46516,4374
3193,CONT_03193,Video,721,2023-08-27,CAMP_006,39,37619,7683
3194,CONT_03194,Blog,5126,2024-06-09,CAMP_009,21,37744,10971
3195,CONT_03195,Video,329,2024-09-18,CAMP_008,31,11608,2508
3196,CONT_03196,Blog,4526,2023-10-18,CAMP_006,36,41833,9639
3197,CONT_03197,Video,171,2023-02-08,CAMP_006,19,19170,1164
3198,CONT_03198,Newsletter,200,2024-09-06,CAMP_009,43,38368,1862
3199,CONT_03199,Newsletter,1394,2024-12-04,CAMP_004,30,16783,3048
3200,CONT_03200,Blog,309,2023-07-31,CAMP_001,1,28579,3580
3201,CONT_03201,Blog,2908,2023-12-31,CAMP_008,28,40373,12088
3202,CONT_03202,SocialMedia,499,2024-02-07,CAMP_007,9,25023,5367
3203,CONT_03203,Blog,2612,2024-04-29,CAMP_005,36,45767,6982
3204,CONT_03204,Newsletter,114,2023-08-31,CAMP_001,14,19024,4075
3205,CONT_03205,Newsletter,2745,2024-12-23,CAMP_001,9,34350,7053
3206,CONT_03206,Newsletter,707,2024-04-12,CAMP_006,33,30318,1959
3207,CONT_03207,Video,38,2023-03-10,CAMP_009,41,1801,220
3208,CONT_03208,Newsletter,200,2024-06-03,CAMP_009,41,21849,1544
3209,CONT_03209,Newsletter,170,2024-04-18,CAMP_005,27,8570,1877
3210,CONT_03210,Blog,10,2024-01-18,CAMP_009,36,19775,786
3211,CONT_03211,SocialMedia,225,2023-08-30,CAMP_006,6,30054,509
3212,CONT_03212,Newsletter,1832,2023-09-22,CAMP_006,1,39052,4461
3213,CONT_03213,Blog,146,2024-11-07,CAMP_005,4,3759,924
3214,CONT_03214,Newsletter,187,2024-11-27,CAMP_006,15,5204,1360
3215,CONT_03215,Video,93,2023-12-03,CAMP_006,12,7471,447
3216,CONT_03216,Video,583,2024-11-26,CAMP_003,4,9509,1849
3217,CONT_03217,Blog,68,2023-01-31,CAMP_009,42,4683,284
3218,CONT_03218,SocialMedia,29,2024-03-20,CAMP_010,21,12989,505
3219,CONT_03219,Blog,115,2023-09-27,CAMP_006,50,8850,651
3220,CONT_03220,Blog,3472,2023-01-30,CAMP_008,5,36578,9302
3221,CONT_03221,SocialMedia,967,2023-01-13,CAMP_009,4,25627,3188
3222,CONT_03222,Newsletter,185,2023-03-03,CAMP_007,19,28548,918
3223,CONT_03223,Blog,244,2023-07-02,CAMP_009,47,6274,1156
3224,CONT_03224,Video,806,2024-11-06,CAMP_005,47,46227,12261
3225,CONT_03225,Video,79,2023-07-26,CAMP_009,37,41151,382
3226,CONT_03226,SocialMedia,204,2023-05-30,CAMP_005,28,7135,1911
3227,CONT_03227,Blog,650,2023-06-08,CAMP_005,42,44379,5920
3228,CONT_03228,Blog,160,2024-07-19,CAMP_002,9,17572,696
3229,CONT_03229,Newsletter,797,2024-01-14,CAMP_009,45,37614,2233
3230,CONT_03230,SocialMedia,976,2023-09-03,CAMP_009,14,42183,2908
3231,CONT_03231,Newsletter,1680,2023-01-28,CAMP_007,40,36294,5356
3232,CONT_03232,Video,1131,2024-03-25,CAMP_001,39,27085,4233
3233,CONT_03233,SocialMedia,2023,2024-08-04,CAMP_010,28,41100,6190
3234,CONT_03234,Video,509,2024-08-31,CAMP_005,17,12324,2639
3235,CONT_03235,Video,80,2023-11-13,CAMP_006,30,824,168
3236,CONT_03236,Video,517,2023-06-22,CAMP_004,4,43165,11838
3237,CONT_03237,Newsletter,909,2023-11-14,CAMP_007,22,31583,1926
3238,CONT_03238,Blog,1149,2024-03-08,CAMP_001,5,44744,2499
3239,CONT_03239,Blog,2533,2023-03-10,CAMP_001,33,29635,6744
3240,CONT_03240,Blog,4431,2023-04-10,CAMP_004,31,36337,9888
3241,CONT_03241,Blog,127,2023-01-04,CAMP_009,42,3380,341
3242,CONT_03242,Video,657,2023-08-24,CAMP_003,23,17081,2141
3243,CONT_03243,Newsletter,721,2023-03-07,CAMP_010,44,6358,1744
3244,CONT_03244,Video,28,2023-10-07,CAMP_006,47,6169,65
3245,CONT_03245,SocialMedia,155,2024-02-21,CAMP_006,23,34928,2225
3246,CONT_03246,Blog,1403,2023-01-12,CAMP_001,1,28919,2878
3247,CONT_03247,Newsletter,167,2023-09-03,CAMP_008,29,20054,924
3248,CONT_03248,SocialMedia,1345,2024-03-15,CAMP_010,47,33731,6090
3249,CONT_03249,SocialMedia,958,2023-12-30,CAMP_005,35,18780,4667
3250,CONT_03250,Blog,832,2023-05-27,CAMP_008,27,47758,8115
3251,CONT_03251,Blog,344,2023-08-31,CAMP_008,31,40313,11883
3252,CONT_03252,Newsletter,15,2023-11-23,CAMP_004,30,6883,69
3253,CONT_03253,Video,436,2023-12-05,CAMP_009,21,38545,3642
3254,CONT_03254,Blog,288,2024-10-02,CAMP_005,37,23237,5515
3255,CONT_03255,Video,77,2024-03-17,CAMP_008,9,1810,303
3256,CONT_03256,SocialMedia,677,2023-04-17,CAMP_009,33,41315,8598
3257,CONT_03257,SocialMedia,394,2024-03-25,CAMP_007,50,49550,12349
3258,CONT_03258,Blog,1313,2024-07-02,CAMP_008,50,38374,6005
3259,CONT_03259,Blog,718,2024-03-24,CAMP_008,27,24653,1879
3260,CONT_03260,Newsletter,392,2023-10-05,CAMP_010,26,16856,1122
3261,CONT_03261,Newsletter,32,2024-07-14,CAMP_008,14,32340,174
3262,CONT_03262,Newsletter,102,2024-04-11,CAMP_002,10,14216,283
3263,CONT_03263,Blog,6693,2024-03-22,CAMP_003,39,49005,13423
3264,CONT_03264,Newsletter,752,2024-05-04,CAMP_004,17,25801,4329
3265,CONT_03265,SocialMedia,97,2024-02-11,CAMP_009,21,4349,593
3266,CONT_03266,Video,74,2024-06-23,CAMP_010,22,695,153
3267,CONT_03267,SocialMedia,88,2024-11-18,CAMP_004,13,5108,1326
3268,CONT_03268,Blog,107,2024-05-04,CAMP_010,21,19986,1086
3269,CONT_03269,SocialMedia,2847,2024-03-02,CAMP_005,23,45793,8766
3270,CONT_03270,Blog,538,2023-01-26,CAMP_005,44,27677,2808
3271,CONT_03271,Video,120,2023-04-04,CAMP_007,47,6826,878
3272,CONT_03272,Newsletter,259,2023-02-26,CAMP_001,4,19363,830
3273,CONT_03273,SocialMedia,75,2024-03-27,CAMP_005,9,38916,310
3274,CONT_03274,Blog,215,2024-11-20,CAMP_007,2,3063,485
3275,CONT_03275,Video,187,2024-07-02,CAMP_006,27,33308,478
3276,CONT_03276,Blog,802,2024-10-04,CAMP_008,4,47975,9211
3277,CONT_03277,Blog,163,2023-03-05,CAMP_008,22,9722,1178
3278,CONT_03278,SocialMedia,3652,2024-04-18,CAMP_003,10,49983,9249
3279,CONT_03279,Newsletter,1832,2023-08-20,CAMP_005,40,28267,6464
3280,CONT_03280,Video,264,2023-04-02,CAMP_006,46,34714,7198
3281,CONT_03281,Blog,2285,2023-11-27,CAMP_005,37,24852,6510
3282,CONT_03282,Blog,1444,2023-03-11,CAMP_007,32,45705,6421
3283,CONT_03283,SocialMedia,76,2024-09-09,CAMP_006,10,9870,1856
3284,CONT_03284,Newsletter,868,2024-04-26,CAMP_001,43,8533,2152
3285,CONT_03285,Newsletter,3897,2023-05-24,CAMP_001,5,46291,11737
3286,CONT_03286,Newsletter,1073,2024-04-18,CAMP_002,16,43246,5210
3287,CONT_03287,SocialMedia,385,2024-12-18,CAMP_010,46,21874,4587
3288,CONT_03288,Newsletter,243,2023-01-19,CAMP_001,20,36831,1525
3289,CONT_03289,SocialMedia,667,2024-02-05,CAMP_010,8,9911,1573
3290,CONT_03290,Video,4944,2024-11-23,CAMP_004,1,49487,10593
3291,CONT_03291,Video,521,2024-12-10,CAMP_007,11,5761,1153
3292,CONT_03292,Video,388,2023-01-29,CAMP_002,3,28583,6242
3293,CONT_03293,Newsletter,365,2024-06-03,CAMP_002,25,46573,1116
3294,CONT_03294,Blog,314,2024-08-10,CAMP_009,28,13784,2981
3295,CONT_03295,Video,3178,2023-04-26,CAMP_005,23,28540,6356
3296,CONT_03296,Blog,584,2024-05-06,CAMP_009,24,36769,1225
3297,CONT_03297,Blog,840,2024-01-30,CAMP_002,12,30901,4978
3298,CONT_03298,Video,1362,2024-11-06,CAMP_007,7,11382,3154
3299,CONT_03299,Blog,91,2023-03-10,CAMP_003,6,4653,721
3300,CONT_03300,SocialMedia,433,2023-01-18,CAMP_001,44,14415,3774
3301,CONT_03301,Newsletter,527,2024-08-26,CAMP_008,39,15894,1358
3302,CONT_03302,Video,1530,2024-04-17,CAMP_006,28,15388,3884
3303,CONT_03303,Video,104,2023-05-22,CAMP_001,31,1917,365
3304,CONT_03304,SocialMedia,1126,2023-01-07,CAMP_004,32,22618,5039
3305,CONT_03305,Newsletter,336,2023-07-17,CAMP_004,2,20089,5736
3306,CONT_03306,Video,148,2024-01-19,CAMP_006,19,24159,1326
3307,CONT_03307,Video,708,2023-03-14,CAMP_005,6,11580,2136
3308,CONT_03308,SocialMedia,312,2023-12-26,CAMP_006,34,48761,3370
3309,CONT_03309,Newsletter,762,2023-07-14,CAMP_004,1,15913,1779
3310,CONT_03310,Video,230,2023-03-21,CAMP_002,43,41698,3773
3311,CONT_03311,SocialMedia,971,2024-12-05,CAMP_010,4,14042,3494
3312,CONT_03312,SocialMedia,389,2024-01-15,CAMP_003,48,8672,915
3313,CONT_03313,SocialMedia,36,2024-06-12,CAMP_010,2,8180,363
3314,CONT_03314,SocialMedia,503,2024-08-21,CAMP_010,14,3700,1089
3315,CONT_03315,SocialMedia,527,2023-07-12,CAMP_009,42,39892,10741
3316,CONT_03316,Blog,3473,2023-01-22,CAMP_003,2,40304,9262
3317,CONT_03317,SocialMedia,2084,2024-10-13,CAMP_002,35,27174,5433
3318,CONT_03318,Blog,1073,2024-03-07,CAMP_003,35,13864,2653
3319,CONT_03319,SocialMedia,44,2024-01-07,CAMP_009,34,24699,4190
3320,CONT_03320,Newsletter,2059,2023-02-07,CAMP_008,27,39361,7187
3321,CONT_03321,Newsletter,300,2024-03-04,CAMP_005,18,12190,1194
3322,CONT_03322,SocialMedia,2364,2024-06-26,CAMP_007,18,43497,5692
3323,CONT_03323,Video,4792,2023-07-10,CAMP_008,2,48050,12839
3324,CONT_03324,SocialMedia,1057,2023-05-29,CAMP_003,41,32256,6155
3325,CONT_03325,Video,56,2023-11-05,CAMP_008,25,36705,655
3326,CONT_03326,SocialMedia,1252,2023-04-21,CAMP_006,40,12966,2701
3327,CONT_03327,Newsletter,1716,2024-11-24,CAMP_009,47,33890,6197
3328,CONT_03328,Blog,1113,2023-09-16,CAMP_006,18,16652,2271
3329,CONT_03329,Video,1345,2023-06-26,CAMP_007,13,30297,3134
3330,CONT_03330,SocialMedia,248,2024-06-02,CAMP_002,5,45220,7339
3331,CONT_03331,Newsletter,1681,2023-03-30,CAMP_005,20,39371,6239
3332,CONT_03332,Newsletter,250,2024-06-21,CAMP_010,46,34541,4442
3333,CONT_03333,Video,32,2024-01-29,CAMP_002,7,3720,1039
3334,CONT_03334,Video,347,2023-08-08,CAMP_006,38,12027,733
3335,CONT_03335,Newsletter,1381,2023-12-27,CAMP_003,12,23487,4318
3336,CONT_03336,Video,1192,2023-08-08,CAMP_007,2,44520,4979
3337,CONT_03337,Video,1627,2023-03-09,CAMP_009,7,19356,4423
3338,CONT_03338,Newsletter,1817,2024-02-17,CAMP_009,9,29311,5230
3339,CONT_03339,Newsletter,91,2023-02-07,CAMP_009,38,28918,244
3340,CONT_03340,Newsletter,66,2024-03-10,CAMP_006,40,15837,437
3341,CONT_03341,Blog,906,2023-09-14,CAMP_004,13,18520,3521
3342,CONT_03342,Video,3749,2023-02-24,CAMP_006,22,37634,11224
3343,CONT_03343,Video,115,2023-07-19,CAMP_005,15,7722,867
3344,CONT_03344,Blog,1007,2024-12-17,CAMP_005,40,31297,2246
3345,CONT_03345,Newsletter,528,2023-12-31,CAMP_004,48,6830,1076
3346,CONT_03346,Video,137,2024-11-25,CAMP_001,8,10020,1652
3347,CONT_03347,Video,400,2023-08-01,CAMP_003,14,21462,1296
3348,CONT_03348,Blog,4271,2024-12-24,CAMP_006,31,46552,13005
3349,CONT_03349,Newsletter,1725,2023-05-25,CAMP_001,24,36414,4659
3350,CONT_03350,Video,728,2023-04-03,CAMP_009,27,49632,11469
3351,CONT_03351,Newsletter,178,2024-02-13,CAMP_004,48,11836,1974
3352,CONT_03352,Video,762,2023-10-17,CAMP_010,29,33879,8991
3353,CONT_03353,Newsletter,138,2024-12-06,CAMP_003,30,7582,355
3354,CONT_03354,Blog,855,2023-07-18,CAMP_002,38,49535,14543
3355,CONT_03355,Video,1158,2024-04-23,CAMP_007,45,49002,8870
3356,CONT_03356,SocialMedia,1780,2023-08-27,CAMP_006,29,39571,4361
3357,CONT_03357,Blog,4340,2024-02-16,CAMP_009,49,45880,13260
3358,CONT_03358,SocialMedia,482,2024-04-22,CAMP_005,22,18855,3920
3359,CONT_03359,Newsletter,3673,2023-07-09,CAMP_008,17,45874,13029
3360,CONT_03360,Newsletter,23,2024-03-28,CAMP_002,9,13744,557
3361,CONT_03361,SocialMedia,854,2024-12-01,CAMP_003,47,29547,8451
3362,CONT_03362,Blog,234,2024-03-25,CAMP_004,38,18217,1358
3363,CONT_03363,Newsletter,79,2024-11-25,CAMP_002,17,46469,381
3364,CONT_03364,Video,3398,2023-03-27,CAMP_004,26,35923,8788
3365,CONT_03365,Video,1164,2023-02-03,CAMP_007,16,16461,3063
3366,CONT_03366,SocialMedia,1323,2023-12-14,CAMP_005,47,30492,7451
3367,CONT_03367,Video,29,2023-03-11,CAMP_001,44,1520,194
3368,CONT_03368,Newsletter,2744,2024-04-15,CAMP_007,46,34566,8537
3369,CONT_03369,Blog,2944,2024-03-03,CAMP_007,44,37942,6701
3370,CONT_03370,Newsletter,1544,2024-05-20,CAMP_009,44,38606,9326
3371,CONT_03371,SocialMedia,262,2024-08-18,CAMP_009,39,47338,575
3372,CONT_03372,Blog,3024,2024-11-27,CAMP_009,39,37659,8027
3373,CONT_03373,SocialMedia,4200,2023-08-29,CAMP_004,34,33259,9494
3374,CONT_03374,Blog,216,2023-05-14,CAMP_005,1,7586,825
3375,CONT_03375,SocialMedia,2794,2023-06-03,CAMP_007,17,22408,6523
3376,CONT_03376,Newsletter,852,2024-12-08,CAMP_004,47,17031,2683
3377,CONT_03377,SocialMedia,2704,2023-01-24,CAMP_006,20,42731,12093
3378,CONT_03378,Newsletter,2368,2024-05-27,CAMP_009,1,34734,8579
3379,CONT_03379,Video,597,2023-07-05,CAMP_001,2,17674,3975
3380,CONT_03380,SocialMedia,469,2023-11-08,CAMP_004,43,37873,2494
3381,CONT_03381,Newsletter,99,2024-12-25,CAMP_005,13,6665,656
3382,CONT_03382,Blog,1783,2023-07-02,CAMP_005,39,16616,3828
3383,CONT_03383,SocialMedia,113,2024-09-13,CAMP_007,21,19916,310
3384,CONT_03384,Newsletter,967,2024-10-04,CAMP_008,21,45530,5565
3385,CONT_03385,Blog,41,2023-05-21,CAMP_002,21,10397,98
3386,CONT_03386,Blog,21,2023-06-03,CAMP_005,32,860,95
3387,CONT_03387,Blog,698,2023-08-31,CAMP_004,30,42501,11351
3388,CONT_03388,Blog,52,2024-09-22,CAMP_007,18,35721,5109
3389,CONT_03389,SocialMedia,1493,2023-12-01,CAMP_006,3,15625,4640
3390,CONT_03390,Newsletter,13,2023-02-08,CAMP_009,9,12876,767
3391,CONT_03391,SocialMedia,258,2023-08-14,CAMP_001,41,20147,2240
3392,CONT_03392,Newsletter,33,2023-11-22,CAMP_008,4,509,115
3393,CONT_03393,Video,270,2023-01-02,CAMP_007,18,12846,1719
3394,CONT_03394,Blog,270,2023-05-20,CAMP_003,11,7649,557
3395,CONT_03395,Video,1362,2024-08-13,CAMP_006,4,44454,11717
3396,CONT_03396,Blog,209,2023-06-11,CAMP_002,14,16537,1515
3397,CONT_03397,SocialMedia,2087,2023-05-04,CAMP_005,12,35905,5205
3398,CONT_03398,Newsletter,27,2023-04-13,CAMP_005,40,2873,226
3399,CONT_03399,Blog,20,2024-09-06,CAMP_010,22,6601,157
3400,CONT_03400,SocialMedia,20,2024-09-17,CAMP_008,33,6518,50
3401,CONT_03401,Video,1365,2024-07-07,CAMP_002,19,12237,3380
3402,CONT_03402,SocialMedia,135,2024-10-01,CAMP_010,30,8403,1297
3403,CONT_03403,Blog,95,2023-04-19,CAMP_010,42,16330,226
3404,CONT_03404,Blog,759,2023-04-27,CAMP_007,45,18611,1762
3405,CONT_03405,Newsletter,309,2023-04-23,CAMP_001,20,5635,1417
3406,CONT_03406,SocialMedia,722,2024-01-25,CAMP_003,42,27135,2199
3407,CONT_03407,Blog,1553,2024-10-09,CAMP_003,46,40880,9013
3408,CONT_03408,Newsletter,586,2023-07-29,CAMP_010,30,24622,1238
3409,CONT_03409,SocialMedia,5768,2023-05-10,CAMP_001,48,42317,12003
3410,CONT_03410,Video,2544,2023-04-07,CAMP_007,29,27502,7657
3411,CONT_03411,Blog,847,2024-09-23,CAMP_005,18,9828,1950
3412,CONT_03412,Blog,157,2024-04-06,CAMP_003,21,1924,406
3413,CONT_03413,SocialMedia,643,2024-10-07,CAMP_010,30,49469,2754
3414,CONT_03414,Blog,35,2024-07-23,CAMP_007,36,13452,116
3415,CONT_03415,Newsletter,598,2023-07-07,CAMP_001,46,29134,1947
3416,CONT_03416,SocialMedia,715,2023-10-23,CAMP_001,18,9739,2274
3417,CONT_03417,Blog,448,2024-02-04,CAMP_009,43,49669,1562
3418,CONT_03418,Video,50,2024-03-18,CAMP_003,11,4480,255
3419,CONT_03419,Video,481,2024-09-29,CAMP_001,27,17663,4296
3420,CONT_03420,Blog,5005,2024-07-10,CAMP_003,46,42763,12312
3421,CONT_03421,Newsletter,82,2023-12-16,CAMP_007,20,19059,3931
3422,CONT_03422,Newsletter,1201,2023-05-07,CAMP_003,26,32202,2435
3423,CONT_03423,Blog,287,2024-01-03,CAMP_004,13,16479,1875
3424,CONT_03424,Video,63,2024-09-07,CAMP_008,33,1870,191
3425,CONT_03425,SocialMedia,22,2024-05-30,CAMP_006,45,3802,411
3426,CONT_03426,SocialMedia,539,2023-12-13,CAMP_010,34,24304,3327
3427,CONT_03427,Blog,116,2023-12-15,CAMP_009,23,17422,2142
3428,CONT_03428,Newsletter,333,2024-08-20,CAMP_008,48,40877,6023
3429,CONT_03429,Video,152,2023-09-15,CAMP_005,49,40195,5713
3430,CONT_03430,Video,4624,2023-05-24,CAMP_001,38,46675,11514
3431,CONT_03431,Video,187,2023-07-06,CAMP_009,14,24437,2264
3432,CONT_03432,Blog,1213,2023-10-04,CAMP_003,12,30169,4717
3433,CONT_03433,SocialMedia,2754,2024-11-14,CAMP_009,30,42156,9443
3434,CONT_03434,Video,3046,2023-08-13,CAMP_001,18,39799,6772
3435,CONT_03435,Video,82,2023-11-08,CAMP_008,35,22853,240
3436,CONT_03436,Newsletter,110,2024-07-13,CAMP_009,11,4900,939
3437,CONT_03437,Blog,2318,2023-06-14,CAMP_006,7,47758,5561
3438,CONT_03438,SocialMedia,2322,2024-01-26,CAMP_003,16,33526,9734
3439,CONT_03439,Blog,1522,2024-01-13,CAMP_007,15,28946,6210
3440,CONT_03440,Newsletter,19,2024-11-26,CAMP_004,13,530,56
3441,CONT_03441,Video,32,2024-02-10,CAMP_005,1,3156,130
3442,CONT_03442,Newsletter,1359,2024-02-18,CAMP_010,19,41759,6032
3443,CONT_03443,Blog,1824,2023-08-04,CAMP_006,40,26052,6012
3444,CONT_03444,SocialMedia,1401,2024-09-22,CAMP_007,10,13290,3006
3445,CONT_03445,Video,425,2024-11-03,CAMP_007,8,30464,4343
3446,CONT_03446,Newsletter,1417,2024-02-07,CAMP_006,30,24352,3459
3447,CONT_03447,Newsletter,259,2024-01-28,CAMP_006,22,26547,1791
3448,CONT_03448,Newsletter,24,2024-03-08,CAMP_010,27,8088,395
3449,CONT_03449,Newsletter,1271,2023-07-08,CAMP_005,38,39767,3744
3450,CONT_03450,Newsletter,590,2023-07-25,CAMP_007,39,15350,2599
3451,CONT_03451,SocialMedia,186,2024-03-01,CAMP_003,46,21180,734
3452,CONT_03452,SocialMedia,1828,2024-04-03,CAMP_005,5,39722,4710
3453,CONT_03453,Newsletter,859,2023-02-27,CAMP_002,4,15139,2075
3454,CONT_03454,Newsletter,1579,2024-11-30,CAMP_001,24,28352,7879
3455,CONT_03455,SocialMedia,62,2023-12-03,CAMP_009,45,22440,349
3456,CONT_03456,Blog,5443,2024-11-10,CAMP_006,20,48968,13277
3457,CONT_03457,Blog,271,2023-11-16,CAMP_007,20,26240,943
3458,CONT_03458,Newsletter,1860,2024-02-05,CAMP_005,28,34776,6127
3459,CONT_03459,Blog,3610,2023-07-27,CAMP_003,19,25130,7230
3460,CONT_03460,SocialMedia,741,2023-05-28,CAMP_008,7,28748,6681
3461,CONT_03461,SocialMedia,803,2023-12-11,CAMP_007,27,15161,3409
3462,CONT_03462,Newsletter,203,2024-11-27,CAMP_001,32,40306,965
3463,CONT_03463,SocialMedia,409,2024-02-28,CAMP_006,46,32928,2722
3464,CONT_03464,Newsletter,1440,2024-03-18,CAMP_007,23,17463,3814
3465,CONT_03465,Newsletter,124,2023-06-10,CAMP_003,26,27807,4230
3466,CONT_03466,Blog,1051,2023-07-20,CAMP_005,38,43703,12191
3467,CONT_03467,Video,1847,2023-06-28,CAMP_005,45,22739,6005
3468,CONT_03468,Video,230,2023-10-05,CAMP_009,46,6224,982
3469,CONT_03469,SocialMedia,309,2023-01-27,CAMP_010,39,20242,4353
3470,CONT_03470,Video,591,2024-07-29,CAMP_004,14,31847,8452
3471,CONT_03471,Blog,40,2023-04-29,CAMP_006,26,1322,163
3472,CONT_03472,Newsletter,34,2023-09-12,CAMP_001,35,1120,224
3473,CONT_03473,Video,1122,2024-11-24,CAMP_007,4,35598,3314
3474,CONT_03474,Newsletter,639,2024-09-24,CAMP_009,39,45701,3044
3475,CONT_03475,Video,75,2023-02-13,CAMP_004,1,37986,1466
3476,CONT_03476,Newsletter,882,2024-07-22,CAMP_001,17,35097,6356
3477,CONT_03477,Blog,209,2023-03-18,CAMP_007,26,18059,850
3478,CONT_03478,Blog,35,2023-12-02,CAMP_005,34,734,151
3479,CONT_03479,Video,654,2023-01-14,CAMP_005,33,27983,1494
3480,CONT_03480,Blog,64,2024-10-30,CAMP_008,17,899,130
3481,CONT_03481,Newsletter,229,2023-06-23,CAMP_005,49,46926,4196
3482,CONT_03482,SocialMedia,147,2024-09-06,CAMP_010,49,4867,491
3483,CONT_03483,SocialMedia,702,2024-11-16,CAMP_005,49,45618,3817
3484,CONT_03484,Video,2227,2024-09-24,CAMP_001,22,22562,6500
3485,CONT_03485,Newsletter,137,2023-05-08,CAMP_010,48,13754,2720
3486,CONT_03486,Video,293,2024-12-17,CAMP_006,44,5411,1619
3487,CONT_03487,Newsletter,614,2024-01-12,CAMP_007,28,11669,3449
3488,CONT_03488,SocialMedia,66,2023-05-22,CAMP_009,6,3580,784
3489,CONT_03489,Newsletter,946,2023-04-02,CAMP_008,16,29195,7184
3490,CONT_03490,SocialMedia,1156,2023-12-27,CAMP_007,36,13519,3622
3491,CONT_03491,SocialMedia,1842,2023-02-10,CAMP_001,8,42074,5512
3492,CONT_03492,Video,563,2023-07-29,CAMP_002,28,46736,4021
3493,CONT_03493,SocialMedia,668,2024-02-19,CAMP_003,8,13683,3027
3494,CONT_03494,SocialMedia,199,2024-04-02,CAMP_002,50,13237,1030
3495,CONT_03495,SocialMedia,645,2024-09-23,CAMP_003,5,21648,4042
3496,CONT_03496,SocialMedia,34,2024-05-31,CAMP_003,34,28340,92
3497,CONT_03497,Newsletter,4197,2024-04-04,CAMP_001,10,44208,10924
3498,CONT_03498,Video,1350,2023-08-27,CAMP_002,44,20793,5682
3499,CONT_03499,Blog,465,2024-05-04,CAMP_001,1,42392,9627
3500,CONT_03500,Newsletter,1914,2023-11-10,CAMP_005,15,38120,7196
3501,CONT_03501,Video,578,2024-01-08,CAMP_008,5,38911,3750
3502,CONT_03502,Newsletter,675,2024-10-20,CAMP_007,14,7905,1535
3503,CONT_03503,SocialMedia,342,2023-01-18,CAMP_002,16,27225,5611
3504,CONT_03504,SocialMedia,21,2023-08-22,CAMP_007,32,12284,827
3505,CONT_03505,SocialMedia,478,2023-02-10,CAMP_009,6,19055,3664
3506,CONT_03506,Newsletter,53,2023-01-30,CAMP_004,47,3268,252
3507,CONT_03507,Video,47,2024-06-03,CAMP_010,22,3375,459
3508,CONT_03508,Blog,1362,2023-04-13,CAMP_002,43,19626,4592
3509,CONT_03509,Newsletter,1207,2023-06-13,CAMP_002,5,37088,3700
3510,CONT_03510,Video,2039,2024-07-17,CAMP_006,34,41993,6234
3511,CONT_03511,Newsletter,2175,2024-01-31,CAMP_007,31,49213,11213
3512,CONT_03512,Newsletter,537,2024-09-22,CAMP_004,4,26663,4399
3513,CONT_03513,Blog,39,2023-09-03,CAMP_009,29,14181,3915
3514,CONT_03514,Newsletter,961,2024-06-03,CAMP_006,2,28845,4453
3515,CONT_03515,SocialMedia,154,2023-09-30,CAMP_006,50,30054,551
3516,CONT_03516,Video,762,2024-10-10,CAMP_009,35,37069,4076
3517,CONT_03517,Newsletter,22,2024-08-18,CAMP_005,15,11769,449
3518,CONT_03518,Blog,1874,2024-08-27,CAMP_005,48,18948,5670
3519,CONT_03519,SocialMedia,881,2023-02-20,CAMP_009,2,8361,2184
3520,CONT_03520,Newsletter,1184,2023-08-23,CAMP_010,36,47345,3656
3521,CONT_03521,Video,3219,2023-01-10,CAMP_001,49,30085,6991
3522,CONT_03522,Video,273,2023-09-03,CAMP_010,27,3109,654
3523,CONT_03523,Video,4800,2023-11-04,CAMP_004,44,34942,10349
3524,CONT_03524,SocialMedia,56,2023-08-11,CAMP_007,15,34179,185
3525,CONT_03525,Video,406,2024-05-22,CAMP_009,3,41820,1353
3526,CONT_03526,Video,362,2024-10-07,CAMP_005,17,29601,1062
3527,CONT_03527,Video,769,2024-06-11,CAMP_003,17,38887,2860
3528,CONT_03528,Blog,67,2023-09-23,CAMP_006,37,936,192
3529,CONT_03529,SocialMedia,1668,2023-04-11,CAMP_001,23,33706,9439
3530,CONT_03530,Newsletter,2473,2023-09-21,CAMP_007,5,34614,6600
3531,CONT_03531,Video,1030,2023-03-06,CAMP_005,7,25677,2690
3532,CONT_03532,Newsletter,3134,2023-11-16,CAMP_002,2,44778,7464
3533,CONT_03533,Video,275,2024-02-26,CAMP_003,18,13215,3653
3534,CONT_03534,Newsletter,108,2023-12-15,CAMP_008,35,2589,234
3535,CONT_03535,Newsletter,994,2024-07-18,CAMP_007,27,15751,2796
3536,CONT_03536,Newsletter,1727,2023-01-29,CAMP_004,10,14488,3544
3537,CONT_03537,Blog,1373,2023-10-11,CAMP_006,36,44824,11796
3538,CONT_03538,Newsletter,1261,2024-08-14,CAMP_009,20,18504,4002
3539,CONT_03539,Video,77,2024-09-04,CAMP_010,27,7138,1475
3540,CONT_03540,SocialMedia,588,2024-06-29,CAMP_010,41,32013,6914
3541,CONT_03541,Blog,234,2023-01-29,CAMP_006,38,14882,4022
3542,CONT_03542,Newsletter,125,2024-12-07,CAMP_010,33,11274,858
3543,CONT_03543,Blog,321,2024-05-17,CAMP_003,9,46906,4072
3544,CONT_03544,Video,2223,2024-12-31,CAMP_002,7,32575,5221
3545,CONT_03545,Newsletter,3059,2024-09-21,CAMP_008,5,38074,6448
3546,CONT_03546,Video,914,2024-04-21,CAMP_002,25,18090,3668
3547,CONT_03547,SocialMedia,822,2024-06-20,CAMP_001,39,21202,5091
3548,CONT_03548,Newsletter,2104,2024-02-08,CAMP_002,6,48715,7662
3549,CONT_03549,Blog,1415,2023-10-15,CAMP_005,3,37105,3826
3550,CONT_03550,SocialMedia,382,2024-11-15,CAMP_009,15,47258,13502
3551,CONT_03551,Video,3815,2023-10-16,CAMP_004,24,48524,8933
3552,CONT_03552,Video,2257,2023-10-25,CAMP_003,1,33862,5211
3553,CONT_03553,Video,1038,2024-09-23,CAMP_003,33,24250,5198
3554,CONT_03554,Newsletter,1785,2024-04-07,CAMP_006,15,31146,5604
3555,CONT_03555,Newsletter,329,2023-12-17,CAMP_004,49,34380,1298
3556,CONT_03556,SocialMedia,824,2023-07-24,CAMP_004,32,6210,1814
3557,CONT_03557,SocialMedia,684,2023-11-07,CAMP_001,34,11850,1668
3558,CONT_03558,Blog,596,2024-07-29,CAMP_010,4,20109,2590
3559,CONT_03559,SocialMedia,488,2023-08-28,CAMP_006,40,19940,1200
3560,CONT_03560,Blog,90,2024-05-02,CAMP_009,28,8875,431
3561,CONT_03561,Video,1346,2024-07-31,CAMP_007,6,47130,8746
3562,CONT_03562,SocialMedia,532,2024-04-03,CAMP_001,3,21021,1264
3563,CONT_03563,Blog,302,2024-03-12,CAMP_006,10,25185,1342
3564,CONT_03564,Blog,190,2024-02-20,CAMP_003,17,8760,670
3565,CONT_03565,Video,1258,2023-06-09,CAMP_001,28,27687,2561
3566,CONT_03566,Newsletter,859,2024-10-20,CAMP_007,32,17565,3057
3567,CONT_03567,Blog,235,2023-02-18,CAMP_002,4,29360,836
3568,CONT_03568,Video,1601,2023-12-28,CAMP_004,33,24425,4011
3569,CONT_03569,SocialMedia,2285,2023-09-19,CAMP_004,30,46418,7473
3570,CONT_03570,Blog,579,2023-12-25,CAMP_007,40,31667,1225
3571,CONT_03571,Blog,3880,2024-07-13,CAMP_002,33,47544,11836
3572,CONT_03572,Newsletter,378,2024-07-17,CAMP_010,8,33588,1498
3573,CONT_03573,Newsletter,965,2024-06-14,CAMP_005,4,39954,3415
3574,CONT_03574,Newsletter,171,2023-12-19,CAMP_007,12,24358,3956
3575,CONT_03575,Blog,26,2024-05-13,CAMP_002,37,3701,88
3576,CONT_03576,Video,1784,2024-06-12,CAMP_006,38,43469,5432
3577,CONT_03577,Blog,919,2023-01-05,CAMP_009,27,13193,3741
3578,CONT_03578,Blog,1744,2023-07-30,CAMP_010,6,20330,3515
3579,CONT_03579,Blog,720,2023-08-11,CAMP_008,33,30639,4857
3580,CONT_03580,SocialMedia,574,2023-08-31,CAMP_002,47,43023,6989
3581,CONT_03581,Video,110,2024-12-02,CAMP_001,48,6583,348
3582,CONT_03582,Video,1295,2024-10-01,CAMP_003,26,46717,11546
3583,CONT_03583,Newsletter,284,2023-02-23,CAMP_002,15,15823,3226
3584,CONT_03584,Video,531,2024-05-26,CAMP_007,15,7166,1080
3585,CONT_03585,Blog,3237,2023-05-15,CAMP_009,8,39306,8250
3586,CONT_03586,Blog,210,2024-12-05,CAMP_009,35,13746,540
3587,CONT_03587,Video,206,2023-12-24,CAMP_009,12,39158,1180
3588,CONT_03588,Newsletter,1839,2024-06-21,CAMP_009,45,48583,4668
3589,CONT_03589,SocialMedia,1030,2024-09-14,CAMP_009,32,45427,10202
3590,CONT_03590,Blog,413,2024-05-18,CAMP_003,13,14482,1036
3591,CONT_03591,SocialMedia,470,2024-09-25,CAMP_003,46,10838,2684
3592,CONT_03592,Newsletter,218,2024-06-26,CAMP_008,4,6573,1640
3593,CONT_03593,Video,65,2023-12-10,CAMP_005,32,19217,2355
3594,CONT_03594,Video,125,2023-07-26,CAMP_007,40,12486,1258
3595,CONT_03595,Blog,102,2024-10-18,CAMP_005,38,2742,211
3596,CONT_03596,Blog,40,2023-04-11,CAMP_008,36,7391,101
3597,CONT_03597,Newsletter,3085,2023-12-31,CAMP_004,45,28071,8172
3598,CONT_03598,Newsletter,30,2023-11-08,CAMP_006,32,535,85
3599,CONT_03599,Video,487,2023-08-08,CAMP_008,14,24730,1936
3600,CONT_03600,SocialMedia,2838,2023-07-25,CAMP_008,10,45602,9478
3601,CONT_03601,Video,2973,2023-05-04,CAMP_003,11,37816,7853
3602,CONT_03602,Newsletter,158,2024-10-26,CAMP_004,27,21109,648
3603,CONT_03603,SocialMedia,47,2023-04-09,CAMP_003,23,3548,111
3604,CONT_03604,Video,219,2023-05-18,CAMP_010,32,20945,6148
3605,CONT_03605,Blog,976,2024-06-03,CAMP_010,31,38239,5860
3606,CONT_03606,Blog,153,2023-03-20,CAMP_004,32,43983,4309
3607,CONT_03607,Video,2057,2024-07-24,CAMP_003,28,26191,6876
3608,CONT_03608,SocialMedia,527,2023-09-27,CAMP_007,5,25419,5035
3609,CONT_03609,Blog,4923,2024-10-23,CAMP_004,8,37951,10370
3610,CONT_03610,Blog,1257,2023-10-19,CAMP_001,21,20168,4018
3611,CONT_03611,Blog,433,2023-12-08,CAMP_010,18,45664,5425
3612,CONT_03612,Blog,179,2024-03-05,CAMP_003,30,4477,546
3613,CONT_03613,Blog,33,2023-02-10,CAMP_001,50,5443,86
3614,CONT_03614,Blog,260,2024-03-27,CAMP_003,36,7374,1538
3615,CONT_03615,Blog,34,2024-07-25,CAMP_010,36,49396,4344
3616,CONT_03616,Video,2700,2023-08-06,CAMP_002,44,29428,6005
3617,CONT_03617,Blog,141,2024-03-07,CAMP_005,14,19535,2690
3618,CONT_03618,SocialMedia,1078,2024-06-16,CAMP_009,16,39127,8712
3619,CONT_03619,Newsletter,11,2024-08-30,CAMP_008,17,30767,75
3620,CONT_03620,Blog,3410,2024-07-18,CAMP_003,50,36685,9031
3621,CONT_03621,Newsletter,611,2024-11-21,CAMP_009,35,32582,1622
3622,CONT_03622,Newsletter,1594,2023-02-23,CAMP_008,22,42042,11283
3623,CONT_03623,Video,2673,2023-04-07,CAMP_007,21,36494,6715
3624,CONT_03624,Video,23,2023-02-07,CAMP_010,14,13380,3472
3625,CONT_03625,SocialMedia,832,2023-07-02,CAMP_001,27,27225,2444
3626,CONT_03626,Newsletter,1979,2024-03-02,CAMP_002,38,40876,8262
3627,CONT_03627,Video,247,2023-07-05,CAMP_009,45,47919,14147
3628,CONT_03628,SocialMedia,1056,2024-12-04,CAMP_001,12,13688,3006
3629,CONT_03629,Newsletter,1268,2024-07-26,CAMP_001,15,39578,10773
3630,CONT_03630,Blog,357,2024-03-17,CAMP_006,42,41672,2690
3631,CONT_03631,Blog,725,2024-08-18,CAMP_003,23,29444,7631
3632,CONT_03632,Newsletter,860,2024-06-27,CAMP_002,9,28301,3885
3633,CONT_03633,SocialMedia,314,2023-12-02,CAMP_003,28,45760,3657
3634,CONT_03634,Blog,562,2024-10-16,CAMP_002,12,42121,1502
3635,CONT_03635,SocialMedia,1085,2024-06-22,CAMP_009,43,31967,3530
3636,CONT_03636,Blog,155,2023-06-20,CAMP_002,9,5510,1339
3637,CONT_03637,Video,6217,2024-11-29,CAMP_007,23,49414,12744
3638,CONT_03638,SocialMedia,19,2023-02-02,CAMP_008,41,6734,173
3639,CONT_03639,Video,370,2023-02-22,CAMP_001,38,3586,762
3640,CONT_03640,Blog,3790,2023-04-30,CAMP_006,33,41698,11907
3641,CONT_03641,Blog,515,2023-03-27,CAMP_002,21,24845,5192
3642,CONT_03642,Blog,94,2023-06-15,CAMP_006,4,20343,928
3643,CONT_03643,Blog,943,2023-12-06,CAMP_001,34,11415,2113
3644,CONT_03644,SocialMedia,82,2023-02-26,CAMP_010,32,3222,249
3645,CONT_03645,SocialMedia,301,2024-09-11,CAMP_004,32,29258,1601
3646,CONT_03646,Blog,104,2023-04-24,CAMP_005,8,2565,332
3647,CONT_03647,Video,1000,2024-05-21,CAMP_006,49,35763,8269
3648,CONT_03648,Newsletter,2285,2023-08-21,CAMP_005,35,37594,5773
3649,CONT_03649,SocialMedia,173,2024-04-23,CAMP_006,15,39569,1121
3650,CONT_03650,Newsletter,1267,2024-09-24,CAMP_001,23,20237,3924
3651,CONT_03651,SocialMedia,1509,2024-11-07,CAMP_005,31,45247,3210
3652,CONT_03652,Video,505,2024-07-17,CAMP_004,23,38325,1197
3653,CONT_03653,Newsletter,1116,2023-02-05,CAMP_006,34,42881,6229
3654,CONT_03654,Video,79,2024-01-16,CAMP_006,29,5288,255
3655,CONT_03655,Newsletter,225,2024-04-07,CAMP_006,31,2033,503
3656,CONT_03656,Newsletter,955,2023-03-15,CAMP_001,46,28903,2209
3657,CONT_03657,Newsletter,54,2023-02-03,CAMP_004,2,2710,341
3658,CONT_03658,Newsletter,2868,2023-08-28,CAMP_009,25,46643,12073
3659,CONT_03659,SocialMedia,328,2024-04-23,CAMP_009,2,4792,709
3660,CONT_03660,Blog,3156,2023-04-30,CAMP_007,39,43217,9246
3661,CONT_03661,Blog,1015,2023-09-24,CAMP_008,21,34625,5253
3662,CONT_03662,Video,2159,2023-04-12,CAMP_005,20,29255,4925
3663,CONT_03663,Video,1159,2024-02-25,CAMP_010,11,39213,4345
3664,CONT_03664,Newsletter,1232,2023-12-19,CAMP_002,38,27636,3599
3665,CONT_03665,Blog,965,2023-07-13,CAMP_005,45,15458,4426
3666,CONT_03666,Video,379,2024-08-10,CAMP_010,11,21396,2812
3667,CONT_03667,Newsletter,374,2023-07-14,CAMP_006,35,44934,7486
3668,CONT_03668,Newsletter,17,2023-03-24,CAMP_004,7,26208,241
3669,CONT_03669,Blog,4045,2024-05-28,CAMP_008,5,44618,10300
3670,CONT_03670,Newsletter,1367,2024-08-08,CAMP_004,4,30726,8643
3671,CONT_03671,Blog,586,2023-11-24,CAMP_009,20,30036,7782
3672,CONT_03672,Blog,23,2023-07-11,CAMP_006,2,3895,60
3673,CONT_03673,Video,1627,2023-01-04,CAMP_006,1,25677,5511
3674,CONT_03674,Newsletter,114,2024-01-08,CAMP_006,47,2223,236
3675,CONT_03675,SocialMedia,3738,2023-07-22,CAMP_008,41,34636,9832
3676,CONT_03676,Video,43,2023-04-28,CAMP_010,2,43684,231
3677,CONT_03677,SocialMedia,705,2023-04-17,CAMP_008,29,8407,1730
3678,CONT_03678,SocialMedia,3617,2023-08-23,CAMP_001,37,33162,9390
3679,CONT_03679,Blog,788,2023-02-27,CAMP_002,44,15202,1644
3680,CONT_03680,SocialMedia,1165,2024-04-03,CAMP_001,17,35028,7054
3681,CONT_03681,Video,53,2023-07-29,CAMP_002,16,21307,424
3682,CONT_03682,Newsletter,5989,2023-10-28,CAMP_005,32,49936,12693
3683,CONT_03683,Blog,116,2023-08-12,CAMP_008,7,25294,2984
3684,CONT_03684,Video,15,2024-05-10,CAMP_005,36,46878,558
3685,CONT_03685,SocialMedia,560,2023-05-29,CAMP_001,6,10262,1836
3686,CONT_03686,SocialMedia,890,2023-11-23,CAMP_003,26,47520,12972
3687,CONT_03687,SocialMedia,3496,2024-12-02,CAMP_008,37,43710,11184
3688,CONT_03688,Video,1904,2023-04-17,CAMP_009,28,32769,5178
3689,CONT_03689,Newsletter,23,2024-09-01,CAMP_008,16,1529,63
3690,CONT_03690,Newsletter,3297,2024-10-20,CAMP_010,17,34231,7394
3691,CONT_03691,SocialMedia,254,2024-10-09,CAMP_006,7,43679,3499
3692,CONT_03692,Blog,652,2024-05-20,CAMP_009,13,41972,9188
3693,CONT_03693,Blog,155,2024-09-25,CAMP_001,38,22124,3806
3694,CONT_03694,SocialMedia,1482,2023-04-24,CAMP_008,27,27359,3533
3695,CONT_03695,Video,548,2024-06-06,CAMP_004,30,33743,1455
3696,CONT_03696,Newsletter,471,2023-03-21,CAMP_003,23,28087,1159
3697,CONT_03697,Video,2225,2023-09-29,CAMP_010,13,30040,5689
3698,CONT_03698,Blog,1317,2024-03-05,CAMP_005,4,31869,8825
3699,CONT_03699,SocialMedia,1266,2023-08-01,CAMP_005,4,43849,4526
3700,CONT_03700,SocialMedia,1291,2024-08-30,CAMP_010,6,34705,5536
3701,CONT_03701,Blog,510,2023-11-18,CAMP_007,25,30157,1823
3702,CONT_03702,SocialMedia,16,2024-06-03,CAMP_002,35,38630,66
3703,CONT_03703,Newsletter,41,2023-01-10,CAMP_008,47,13730,711
3704,CONT_03704,SocialMedia,1357,2023-10-24,CAMP_004,29,45386,6485
3705,CONT_03705,Blog,619,2024-08-22,CAMP_003,34,9163,1662
3706,CONT_03706,Newsletter,465,2024-02-22,CAMP_002,40,9243,1123
3707,CONT_03707,SocialMedia,1952,2024-10-21,CAMP_007,3,35558,8150
3708,CONT_03708,Blog,43,2023-09-25,CAMP_006,13,1959,488
3709,CONT_03709,Blog,2027,2023-04-19,CAMP_009,9,21080,6230
3710,CONT_03710,Newsletter,943,2023-04-30,CAMP_001,26,12319,3598
3711,CONT_03711,Video,1719,2024-01-10,CAMP_009,17,29091,5904
3712,CONT_03712,Blog,4755,2023-03-27,CAMP_001,14,42202,11746
3713,CONT_03713,Newsletter,878,2023-11-03,CAMP_006,27,30072,3221
3714,CONT_03714,Newsletter,51,2023-11-03,CAMP_010,36,10958,372
3715,CONT_03715,Newsletter,174,2023-12-27,CAMP_008,48,20214,662
3716,CONT_03716,SocialMedia,52,2023-09-11,CAMP_010,25,16755,585
3717,CONT_03717,SocialMedia,96,2024-05-28,CAMP_003,37,46458,833
3718,CONT_03718,Newsletter,375,2023-01-17,CAMP_008,6,48006,2940
3719,CONT_03719,Blog,68,2023-07-13,CAMP_007,27,24482,277
3720,CONT_03720,Video,586,2024-05-21,CAMP_009,14,19375,5004
3721,CONT_03721,Newsletter,1014,2023-07-12,CAMP_003,19,18793,2477
3722,CONT_03722,Video,1507,2023-10-05,CAMP_010,49,38005,5460
3723,CONT_03723,Newsletter,945,2024-12-04,CAMP_007,3,31670,2627
3724,CONT_03724,Video,1122,2023-04-05,CAMP_008,32,48411,2901
3725,CONT_03725,Blog,1184,2023-10-06,CAMP_005,12,25745,4849
3726,CONT_03726,SocialMedia,288,2024-05-19,CAMP_001,1,14471,1472
3727,CONT_03727,Video,3053,2023-11-26,CAMP_005,31,45171,10830
3728,CONT_03728,Blog,69,2023-04-01,CAMP_007,36,2886,501
3729,CONT_03729,Blog,2306,2023-07-05,CAMP_005,10,25445,6536
3730,CONT_03730,SocialMedia,2625,2024-03-24,CAMP_007,45,39843,7815
3731,CONT_03731,Newsletter,284,2023-08-16,CAMP_010,7,13478,570
3732,CONT_03732,Newsletter,2359,2023-02-22,CAMP_006,33,22818,5024
3733,CONT_03733,Video,2548,2024-06-09,CAMP_003,18,38758,10662
3734,CONT_03734,Newsletter,954,2023-03-10,CAMP_009,34,45237,12675
3735,CONT_03735,Blog,1653,2024-04-07,CAMP_001,45,48039,4467
3736,CONT_03736,Blog,2475,2023-08-08,CAMP_009,17,49726,6972
3737,CONT_03737,Newsletter,54,2024-02-10,CAMP_004,32,5280,110
3738,CONT_03738,Blog,154,2024-07-29,CAMP_006,3,29285,2803
3739,CONT_03739,SocialMedia,137,2023-11-11,CAMP_001,22,4751,868
3740,CONT_03740,Video,2686,2024-09-21,CAMP_001,49,40588,8362
3741,CONT_03741,Blog,643,2023-03-04,CAMP_001,5,11675,3410
3742,CONT_03742,Newsletter,161,2024-11-12,CAMP_004,21,2110,349
3743,CONT_03743,Newsletter,87,2024-04-28,CAMP_008,2,19408,816
3744,CONT_03744,Blog,991,2023-07-18,CAMP_009,32,48500,5960
3745,CONT_03745,SocialMedia,618,2023-05-08,CAMP_003,16,16144,1429
3746,CONT_03746,Blog,576,2024-05-17,CAMP_005,42,5764,1393
3747,CONT_03747,Blog,925,2023-05-27,CAMP_007,11,32988,4179
3748,CONT_03748,Video,797,2023-02-12,CAMP_004,21,15159,4034
3749,CONT_03749,Newsletter,581,2023-10-08,CAMP_003,19,9582,2478
3750,CONT_03750,Newsletter,226,2023-10-21,CAMP_008,10,9570,694
3751,CONT_03751,SocialMedia,493,2023-06-12,CAMP_007,3,14871,2546
3752,CONT_03752,SocialMedia,922,2023-12-05,CAMP_007,7,10327,2747
3753,CONT_03753,Newsletter,887,2023-11-09,CAMP_005,43,23692,4372
3754,CONT_03754,Blog,89,2024-06-03,CAMP_002,47,14850,257
3755,CONT_03755,Blog,601,2024-11-06,CAMP_003,18,38137,2398
3756,CONT_03756,Blog,905,2023-08-20,CAMP_006,39,11677,2505
3757,CONT_03757,Newsletter,1050,2023-08-22,CAMP_003,2,9502,2150
3758,CONT_03758,SocialMedia,2251,2023-02-06,CAMP_001,39,17653,5111
3759,CONT_03759,SocialMedia,908,2024-06-30,CAMP_006,6,27206,3676
3760,CONT_03760,Video,648,2023-10-18,CAMP_005,47,23019,2258
3761,CONT_03761,Video,3805,2023-08-16,CAMP_008,10,39851,10633
3762,CONT_03762,Newsletter,483,2023-07-29,CAMP_005,35,11220,3294
3763,CONT_03763,SocialMedia,1533,2024-12-07,CAMP_008,41,44633,5833
3764,CONT_03764,SocialMedia,128,2024-08-31,CAMP_004,5,22800,806
3765,CONT_03765,Blog,451,2023-04-27,CAMP_003,27,26019,2752
3766,CONT_03766,Video,2530,2024-01-23,CAMP_008,23,25484,5740
3767,CONT_03767,Newsletter,850,2024-05-05,CAMP_002,24,31805,1804
3768,CONT_03768,Blog,818,2023-08-20,CAMP_004,24,15121,1934
3769,CONT_03769,Newsletter,3056,2023-12-11,CAMP_001,8,41938,10755
3770,CONT_03770,SocialMedia,473,2023-02-26,CAMP_004,47,36613,5048
3771,CONT_03771,Video,404,2024-11-08,CAMP_003,2,15770,3663
3772,CONT_03772,SocialMedia,126,2024-07-07,CAMP_003,9,5940,982
3773,CONT_03773,Newsletter,213,2024-07-05,CAMP_007,41,3076,868
3774,CONT_03774,Newsletter,71,2023-01-17,CAMP_010,40,548,146
3775,CONT_03775,Newsletter,3348,2023-08-22,CAMP_010,48,36147,8895
3776,CONT_03776,Newsletter,599,2023-06-23,CAMP_010,37,28628,1665
3777,CONT_03777,Video,12,2023-05-12,CAMP_010,34,5801,226
3778,CONT_03778,Video,337,2023-01-15,CAMP_010,16,14104,1606
3779,CONT_03779,SocialMedia,141,2024-09-24,CAMP_007,39,24689,1609
3780,CONT_03780,Video,792,2024-12-04,CAMP_003,4,49279,6543
3781,CONT_03781,Blog,117,2024-02-10,CAMP_006,50,48061,12434
3782,CONT_03782,SocialMedia,1257,2023-03-14,CAMP_002,43,16041,3261
3783,CONT_03783,Newsletter,918,2023-03-17,CAMP_006,6,45234,12575
3784,CONT_03784,Newsletter,5488,2023-09-16,CAMP_007,22,46484,12751
3785,CONT_03785,SocialMedia,2446,2024-04-28,CAMP_009,10,27720,6191
3786,CONT_03786,Newsletter,25,2023-01-04,CAMP_005,30,3893,1129
3787,CONT_03787,Blog,51,2023-01-14,CAMP_009,33,11002,1754
3788,CONT_03788,Video,1163,2023-03-24,CAMP_004,45,43760,3159
3789,CONT_03789,Video,461,2023-01-22,CAMP_006,14,16567,1014
3790,CONT_03790,SocialMedia,26,2023-11-15,CAMP_005,11,11049,2602
3791,CONT_03791,SocialMedia,893,2023-02-04,CAMP_002,2,28085,2090
3792,CONT_03792,Newsletter,1704,2024-12-30,CAMP_009,11,37114,10270
3793,CONT_03793,Blog,5253,2023-04-07,CAMP_001,7,49450,13445
3794,CONT_03794,Video,16,2024-09-05,CAMP_008,33,872,156
3795,CONT_03795,Video,82,2024-11-21,CAMP_003,45,44821,478
3796,CONT_03796,Blog,3423,2024-11-20,CAMP_007,28,44619,7551
3797,CONT_03797,SocialMedia,48,2023-11-14,CAMP_006,13,2672,101
3798,CONT_03798,Blog,2291,2023-05-23,CAMP_003,14,46955,10408
3799,CONT_03799,Newsletter,494,2023-03-23,CAMP_005,31,16122,1397
3800,CONT_03800,SocialMedia,71,2024-01-23,CAMP_003,13,23180,156
3801,CONT_03801,SocialMedia,171,2024-08-18,CAMP_005,20,30537,6152
3802,CONT_03802,Video,303,2024-08-18,CAMP_004,27,5950,1064
3803,CONT_03803,Blog,51,2024-03-22,CAMP_009,31,5317,865
3804,CONT_03804,Newsletter,112,2024-04-21,CAMP_003,10,2528,546
3805,CONT_03805,Video,997,2024-02-17,CAMP_004,39,36233,4331
3806,CONT_03806,Blog,37,2024-06-09,CAMP_010,36,2639,154
3807,CONT_03807,Blog,1819,2024-07-22,CAMP_009,9,37789,5314
3808,CONT_03808,SocialMedia,703,2023-12-11,CAMP_009,28,14175,1951
3809,CONT_03809,SocialMedia,278,2023-08-22,CAMP_005,49,9780,2739
3810,CONT_03810,SocialMedia,18,2023-05-05,CAMP_005,41,20298,673
3811,CONT_03811,Video,12,2024-01-07,CAMP_007,25,9748,837
3812,CONT_03812,Video,61,2024-02-18,CAMP_002,41,30121,6950
3813,CONT_03813,SocialMedia,274,2023-09-01,CAMP_005,12,8643,2040
3814,CONT_03814,Blog,641,2024-07-03,CAMP_009,37,20893,1971
3815,CONT_03815,SocialMedia,73,2024-12-22,CAMP_002,28,37665,487
3816,CONT_03816,Newsletter,95,2023-06-03,CAMP_007,43,28807,8521
3817,CONT_03817,Newsletter,464,2024-10-06,CAMP_002,29,37159,5711
3818,CONT_03818,Newsletter,3508,2023-04-28,CAMP_003,18,47257,11534
3819,CONT_03819,Newsletter,2640,2024-07-18,CAMP_006,45,45335,6204
3820,CONT_03820,Newsletter,1164,2023-06-11,CAMP_007,24,20299,3554
3821,CONT_03821,Blog,871,2024-04-10,CAMP_005,27,10989,1987
3822,CONT_03822,Video,690,2023-10-25,CAMP_006,30,36202,3052
3823,CONT_03823,Newsletter,1378,2024-07-25,CAMP_003,3,19827,3754
3824,CONT_03824,Blog,2105,2023-09-11,CAMP_006,11,32636,6380
3825,CONT_03825,Blog,187,2023-02-17,CAMP_005,27,8959,1131
3826,CONT_03826,Video,78,2024-11-02,CAMP_008,41,21017,1347
3827,CONT_03827,Blog,784,2024-05-21,CAMP_008,37,31647,2253
3828,CONT_03828,SocialMedia,22,2023-07-16,CAMP_001,18,3611,347
3829,CONT_03829,SocialMedia,2322,2023-01-19,CAMP_001,41,32338,7646
3830,CONT_03830,Blog,379,2023-07-19,CAMP_003,16,6329,1770
3831,CONT_03831,Video,2785,2024-01-15,CAMP_006,1,37857,10075
3832,CONT_03832,Newsletter,580,2023-05-07,CAMP_001,25,32319,2061
3833,CONT_03833,SocialMedia,1176,2023-10-10,CAMP_009,4,35528,6050
3834,CONT_03834,Newsletter,1119,2024-12-23,CAMP_007,9,48365,6298
3835,CONT_03835,Blog,1331,2023-03-06,CAMP_007,23,47213,6961
3836,CONT_03836,Blog,522,2024-05-02,CAMP_004,31,26797,2665
3837,CONT_03837,Blog,320,2023-05-03,CAMP_006,10,43114,1109
3838,CONT_03838,SocialMedia,4046,2023-03-02,CAMP_001,1,29237,8710
3839,CONT_03839,Video,114,2024-10-14,CAMP_010,14,23168,508
3840,CONT_03840,Video,694,2023-07-31,CAMP_009,42,26614,2017
3841,CONT_03841,Blog,406,2024-10-30,CAMP_004,28,21731,2483
3842,CONT_03842,Blog,16,2024-05-20,CAMP_007,4,10630,73
3843,CONT_03843,SocialMedia,265,2023-02-02,CAMP_008,16,3057,695
3844,CONT_03844,Newsletter,1704,2024-07-03,CAMP_001,16,26426,3484
3845,CONT_03845,Blog,3632,2024-03-21,CAMP_001,29,40407,10580
3846,CONT_03846,Blog,1777,2023-01-23,CAMP_001,22,25697,5325
3847,CONT_03847,Video,152,2024-08-10,CAMP_004,18,15996,580
3848,CONT_03848,Video,408,2023-03-29,CAMP_006,40,40324,1156
3849,CONT_03849,Blog,2506,2024-12-16,CAMP_009,10,37162,7237
3850,CONT_03850,Newsletter,354,2023-12-08,CAMP_008,20,9635,1378
3851,CONT_03851,Blog,1306,2023-02-14,CAMP_009,41,17596,2874
3852,CONT_03852,Blog,116,2023-08-27,CAMP_005,1,2140,287
3853,CONT_03853,Blog,330,2024-03-02,CAMP_010,14,25448,7235
3854,CONT_03854,Blog,396,2023-07-25,CAMP_005,21,13454,1067
3855,CONT_03855,SocialMedia,203,2023-07-02,CAMP_007,17,18114,1848
3856,CONT_03856,Video,2101,2023-04-08,CAMP_007,20,25042,6469
3857,CONT_03857,Video,346,2023-06-11,CAMP_009,27,6787,1669
3858,CONT_03858,Blog,380,2024-02-27,CAMP_008,20,40621,1840
3859,CONT_03859,Blog,4823,2023-09-16,CAMP_010,7,45786,13600
3860,CONT_03860,Newsletter,249,2024-03-09,CAMP_001,43,40512,11369
3861,CONT_03861,Blog,412,2023-02-01,CAMP_003,45,29312,1066
3862,CONT_03862,SocialMedia,1803,2023-03-10,CAMP_005,31,17902,4555
3863,CONT_03863,Blog,2503,2024-02-06,CAMP_006,3,32494,5774
3864,CONT_03864,Blog,56,2023-04-26,CAMP_010,48,43663,359
3865,CONT_03865,Newsletter,3462,2023-11-07,CAMP_008,1,49961,11421
3866,CONT_03866,Video,127,2023-03-26,CAMP_007,22,27346,5479
3867,CONT_03867,Newsletter,853,2023-05-18,CAMP_006,27,20842,3625
3868,CONT_03868,Video,226,2023-05-19,CAMP_009,47,24859,594
3869,CONT_03869,Blog,193,2023-06-05,CAMP_009,43,7658,1175
3870,CONT_03870,Video,2003,2024-06-17,CAMP_006,8,25700,4850
3871,CONT_03871,SocialMedia,290,2024-07-06,CAMP_001,42,35074,1257
3872,CONT_03872,Video,939,2023-12-11,CAMP_009,3,25152,1950
3873,CONT_03873,Blog,931,2023-05-21,CAMP_010,6,43032,2246
3874,CONT_03874,Newsletter,44,2023-04-22,CAMP_003,40,8651,482
3875,CONT_03875,Blog,2066,2024-05-30,CAMP_005,5,23217,4326
3876,CONT_03876,SocialMedia,1389,2024-01-20,CAMP_004,6,41999,10414
3877,CONT_03877,SocialMedia,1055,2024-03-10,CAMP_001,30,20253,4843
3878,CONT_03878,Blog,701,2023-05-12,CAMP_002,38,10992,2605
3879,CONT_03879,SocialMedia,147,2023-06-20,CAMP_010,14,22949,1391
3880,CONT_03880,Blog,240,2023-03-23,CAMP_002,24,20888,1567
3881,CONT_03881,Video,3713,2024-10-07,CAMP_001,17,38643,11380
3882,CONT_03882,SocialMedia,45,2024-01-23,CAMP_001,21,47091,2899
3883,CONT_03883,SocialMedia,785,2024-12-26,CAMP_003,33,20813,2052
3884,CONT_03884,Video,143,2024-09-03,CAMP_010,14,42728,1304
3885,CONT_03885,Newsletter,836,2023-03-20,CAMP_001,29,33951,4479
3886,CONT_03886,Video,280,2024-04-06,CAMP_007,18,5754,588
3887,CONT_03887,SocialMedia,15,2023-02-23,CAMP_002,35,796,51
3888,CONT_03888,Newsletter,312,2024-08-07,CAMP_003,18,27911,3279
3889,CONT_03889,Blog,532,2023-01-21,CAMP_002,50,25233,1465
3890,CONT_03890,Newsletter,71,2023-06-25,CAMP_009,7,2756,525
3891,CONT_03891,Newsletter,5262,2023-02-02,CAMP_008,32,41519,10628
3892,CONT_03892,SocialMedia,161,2024-03-17,CAMP_007,23,36974,10223
3893,CONT_03893,Blog,1527,2023-08-27,CAMP_005,2,28397,5975
3894,CONT_03894,Blog,348,2024-02-26,CAMP_002,30,29037,8128
3895,CONT_03895,SocialMedia,968,2024-11-22,CAMP_010,37,29662,5252
3896,CONT_03896,Video,367,2024-10-04,CAMP_007,7,14265,816
3897,CONT_03897,Blog,918,2023-10-13,CAMP_003,42,39199,8523
3898,CONT_03898,Blog,1170,2023-09-05,CAMP_001,2,38283,3003
3899,CONT_03899,Video,603,2023-06-10,CAMP_010,18,18490,5016
3900,CONT_03900,Newsletter,3845,2024-02-15,CAMP_002,27,36643,10288
3901,CONT_03901,Newsletter,772,2024-04-19,CAMP_001,48,8134,2243
3902,CONT_03902,Blog,156,2023-06-10,CAMP_001,31,1832,483
3903,CONT_03903,SocialMedia,1655,2023-11-26,CAMP_006,43,46267,7204
3904,CONT_03904,Newsletter,1367,2024-05-09,CAMP_003,37,40373,5554
3905,CONT_03905,Blog,245,2024-07-13,CAMP_007,21,5034,1387
3906,CONT_03906,Blog,1338,2024-05-03,CAMP_003,32,33039,3819
3907,CONT_03907,SocialMedia,111,2023-07-15,CAMP_006,40,39125,515
3908,CONT_03908,SocialMedia,86,2024-11-09,CAMP_001,2,8184,1523
3909,CONT_03909,Blog,1498,2023-10-07,CAMP_009,28,39150,8685
3910,CONT_03910,Blog,10,2023-07-14,CAMP_006,34,5961,248
3911,CONT_03911,Blog,68,2024-08-27,CAMP_002,11,45574,1451
3912,CONT_03912,Blog,1386,2024-08-17,CAMP_004,33,17130,2847
3913,CONT_03913,Newsletter,934,2024-06-18,CAMP_005,21,40433,6220
3914,CONT_03914,SocialMedia,1129,2023-04-27,CAMP_010,27,18561,3252
3915,CONT_03915,Newsletter,1680,2024-11-26,CAMP_001,1,13094,3701
3916,CONT_03916,SocialMedia,412,2024-04-21,CAMP_006,31,15774,3252
3917,CONT_03917,Blog,285,2024-12-27,CAMP_001,47,22206,572
3918,CONT_03918,Newsletter,448,2024-03-13,CAMP_009,12,35944,3758
3919,CONT_03919,Newsletter,2490,2024-02-11,CAMP_005,50,45899,11752
3920,CONT_03920,Video,919,2023-03-10,CAMP_001,3,29874,5793
3921,CONT_03921,SocialMedia,1279,2023-07-07,CAMP_008,21,28543,7315
3922,CONT_03922,Newsletter,267,2023-06-30,CAMP_006,23,18418,4337
3923,CONT_03923,SocialMedia,1423,2023-07-27,CAMP_010,32,45018,6692
3924,CONT_03924,Video,14,2024-11-13,CAMP_006,36,16982,129
3925,CONT_03925,Newsletter,713,2024-03-31,CAMP_003,24,27833,4679
3926,CONT_03926,Video,397,2023-06-02,CAMP_005,2,11590,2219
3927,CONT_03927,SocialMedia,608,2023-05-20,CAMP_003,48,34673,9614
3928,CONT_03928,Video,774,2023-11-17,CAMP_001,7,29336,1773
3929,CONT_03929,Blog,1180,2023-11-02,CAMP_002,20,44529,4094
3930,CONT_03930,SocialMedia,41,2024-08-05,CAMP_005,3,39124,969
3931,CONT_03931,Blog,409,2024-08-03,CAMP_003,33,32144,4313
3932,CONT_03932,SocialMedia,406,2023-04-25,CAMP_001,38,37610,6113
3933,CONT_03933,Newsletter,136,2024-11-30,CAMP_003,19,47081,7446
3934,CONT_03934,Blog,1637,2023-11-02,CAMP_008,42,27637,3707
3935,CONT_03935,Newsletter,976,2023-10-07,CAMP_007,29,9873,2540
3936,CONT_03936,SocialMedia,611,2023-05-01,CAMP_008,36,46041,7616
3937,CONT_03937,SocialMedia,5576,2023-05-20,CAMP_008,39,38899,11530
3938,CONT_03938,Blog,389,2024-06-09,CAMP_005,26,4141,878
3939,CONT_03939,Video,626,2024-01-10,CAMP_008,25,33241,4113
3940,CONT_03940,SocialMedia,1890,2023-07-17,CAMP_002,6,24439,4251
3941,CONT_03941,Blog,379,2023-11-18,CAMP_009,25,24473,2412
3942,CONT_03942,Newsletter,1201,2023-11-16,CAMP_004,8,27223,6549
3943,CONT_03943,SocialMedia,904,2024-01-18,CAMP_007,5,35655,1859
3944,CONT_03944,SocialMedia,459,2023-08-30,CAMP_003,40,12666,948
3945,CONT_03945,Blog,43,2023-10-27,CAMP_007,44,28718,112
3946,CONT_03946,Newsletter,78,2023-10-22,CAMP_009,3,2698,531
3947,CONT_03947,Blog,4965,2024-05-09,CAMP_002,32,41398,10230
3948,CONT_03948,Blog,343,2023-11-23,CAMP_003,32,17150,4612
3949,CONT_03949,Newsletter,386,2023-06-16,CAMP_008,21,5240,785
3950,CONT_03950,Blog,1561,2024-03-11,CAMP_002,16,48530,3399
3951,CONT_03951,SocialMedia,137,2023-06-16,CAMP_003,13,4213,864
3952,CONT_03952,Newsletter,667,2024-12-29,CAMP_010,30,33687,1615
3953,CONT_03953,Blog,16,2024-05-01,CAMP_004,27,5877,484
3954,CONT_03954,Newsletter,4921,2024-12-22,CAMP_007,30,49875,12740
3955,CONT_03955,Blog,3233,2024-08-31,CAMP_008,34,39155,7121
3956,CONT_03956,Blog,1012,2023-04-07,CAMP_005,5,26791,3160
3957,CONT_03957,Newsletter,689,2024-12-07,CAMP_006,38,11885,1717
3958,CONT_03958,Newsletter,340,2023-04-24,CAMP_003,29,29675,3575
3959,CONT_03959,Blog,100,2023-05-07,CAMP_010,29,9713,398
3960,CONT_03960,Blog,639,2024-04-14,CAMP_004,7,26917,6231
3961,CONT_03961,Newsletter,623,2024-07-21,CAMP_005,10,17060,4698
3962,CONT_03962,Newsletter,468,2024-05-27,CAMP_005,1,27641,1561
3963,CONT_03963,Video,472,2023-05-12,CAMP_001,27,23344,5377
3964,CONT_03964,Blog,1960,2023-09-12,CAMP_008,1,25242,4247
3965,CONT_03965,Blog,4124,2024-04-12,CAMP_008,7,41041,11145
3966,CONT_03966,Video,1018,2024-07-22,CAMP_002,47,40339,2106
3967,CONT_03967,SocialMedia,1924,2023-08-09,CAMP_010,44,39553,8340
3968,CONT_03968,Blog,4746,2023-08-08,CAMP_007,33,47956,10952
3969,CONT_03969,Newsletter,130,2023-11-20,CAMP_002,6,17929,1350
3970,CONT_03970,SocialMedia,13,2024-08-24,CAMP_002,47,26113,595
3971,CONT_03971,SocialMedia,508,2023-11-19,CAMP_007,43,10388,2012
3972,CONT_03972,Video,1753,2024-05-17,CAMP_007,46,37646,9232
3973,CONT_03973,Newsletter,782,2023-11-11,CAMP_003,28,10776,1776
3974,CONT_03974,Newsletter,66,2023-03-31,CAMP_005,9,29507,3518
3975,CONT_03975,SocialMedia,701,2024-09-20,CAMP_005,16,9464,2039
3976,CONT_03976,Video,425,2023-05-26,CAMP_008,26,30496,1236
3977,CONT_03977,Newsletter,2147,2024-03-20,CAMP_001,42,35136,5089
3978,CONT_03978,Video,50,2024-12-26,CAMP_001,26,8214,989
3979,CONT_03979,Newsletter,88,2024-09-19,CAMP_008,10,3407,791
3980,CONT_03980,Video,1499,2023-12-30,CAMP_007,1,13757,4070
3981,CONT_03981,Blog,68,2024-02-16,CAMP_009,5,17571,4312
3982,CONT_03982,Blog,2441,2024-01-09,CAMP_001,14,41567,5599
3983,CONT_03983,Newsletter,1215,2024-03-16,CAMP_003,15,45207,12856
3984,CONT_03984,Newsletter,2597,2023-10-28,CAMP_004,10,22476,6097
3985,CONT_03985,SocialMedia,40,2024-07-27,CAMP_005,25,1159,131
3986,CONT_03986,SocialMedia,362,2024-06-13,CAMP_004,29,4144,819
3987,CONT_03987,Video,1085,2024-05-09,CAMP_001,10,17465,2970
3988,CONT_03988,SocialMedia,54,2023-12-03,CAMP_007,20,31371,1117
3989,CONT_03989,Blog,1261,2023-04-19,CAMP_006,34,27541,7425
3990,CONT_03990,Newsletter,547,2023-10-21,CAMP_001,41,21354,5566
3991,CONT_03991,Newsletter,668,2024-01-14,CAMP_001,30,7025,1344
3992,CONT_03992,Video,1264,2024-08-14,CAMP_007,41,27682,4288
3993,CONT_03993,SocialMedia,206,2023-11-08,CAMP_009,8,38005,3042
3994,CONT_03994,Newsletter,154,2023-07-20,CAMP_007,24,18553,555
3995,CONT_03995,Video,86,2024-12-30,CAMP_007,4,5693,1259
3996,CONT_03996,Blog,320,2024-03-13,CAMP_006,46,46927,2310
3997,CONT_03997,Newsletter,1294,2024-03-06,CAMP_007,9,39580,10186
3998,CONT_03998,Video,247,2024-07-10,CAMP_002,20,18720,846
3999,CONT_03999,Blog,1486,2024-10-27,CAMP_009,25,46693,6427
4000,CONT_04000,Blog,248,2024-12-09,CAMP_002,38,40670,2540
4001,CONT_04001,SocialMedia,1911,2024-01-07,CAMP_008,18,25499,4459
4002,CONT_04002,Blog,1050,2024-04-29,CAMP_007,32,11882,2975
4003,CONT_04003,Blog,981,2023-03-14,CAMP_009,25,17999,2575
4004,CONT_04004,Video,75,2023-02-07,CAMP_009,4,15407,474
4005,CONT_04005,Newsletter,1906,2023-11-22,CAMP_006,41,48483,8580
4006,CONT_04006,Newsletter,42,2024-08-23,CAMP_004,6,12561,1962
4007,CONT_04007,Blog,164,2023-12-10,CAMP_010,22,46707,1096
4008,CONT_04008,SocialMedia,305,2023-05-03,CAMP_003,28,14552,1153
4009,CONT_04009,Newsletter,102,2024-03-11,CAMP_009,21,12154,2741
4010,CONT_04010,Newsletter,453,2024-09-20,CAMP_001,46,3347,912
4011,CONT_04011,SocialMedia,1254,2023-03-12,CAMP_002,5,22207,6565
4012,CONT_04012,Blog,32,2023-02-04,CAMP_003,25,2388,142
4013,CONT_04013,Blog,530,2023-06-04,CAMP_008,45,22472,3076
4014,CONT_04014,Newsletter,289,2023-03-08,CAMP_001,20,6472,1372
4015,CONT_04015,Video,3874,2024-02-21,CAMP_005,47,34673,8833
4016,CONT_04016,Newsletter,168,2023-01-26,CAMP_005,40,33982,400
4017,CONT_04017,Video,190,2023-04-22,CAMP_009,24,2313,393
4018,CONT_04018,Video,202,2023-07-26,CAMP_008,10,25697,2315
4019,CONT_04019,Blog,49,2023-11-07,CAMP_005,36,11475,905
4020,CONT_04020,Newsletter,2075,2023-02-03,CAMP_003,39,27718,6984
4021,CONT_04021,Video,2318,2024-12-21,CAMP_010,29,36192,5676
4022,CONT_04022,Video,853,2023-12-21,CAMP_008,3,12572,3558
4023,CONT_04023,Blog,603,2023-10-18,CAMP_004,10,9643,2195
4024,CONT_04024,Blog,733,2023-04-06,CAMP_007,3,35967,1493
4025,CONT_04025,Newsletter,1167,2023-12-01,CAMP_007,6,45430,4083
4026,CONT_04026,SocialMedia,14,2023-01-08,CAMP_004,32,21750,887
4027,CONT_04027,Video,1225,2023-05-08,CAMP_003,1,37972,11289
4028,CONT_04028,Newsletter,159,2023-02-20,CAMP_008,30,34092,6379
4029,CONT_04029,Video,195,2023-12-05,CAMP_007,9,6610,791
4030,CONT_04030,SocialMedia,1714,2023-11-13,CAMP_007,46,19109,4119
4031,CONT_04031,Blog,1054,2024-01-19,CAMP_010,45,22597,3790
4032,CONT_04032,Blog,69,2024-08-23,CAMP_006,39,8370,2305
4033,CONT_04033,Blog,65,2023-05-12,CAMP_007,26,1659,486
4034,CONT_04034,SocialMedia,408,2023-02-26,CAMP_004,7,22788,6056
4035,CONT_04035,Video,249,2023-02-04,CAMP_004,15,2151,571
4036,CONT_04036,Blog,430,2024-05-10,CAMP_008,27,11131,1181
4037,CONT_04037,Newsletter,3007,2023-01-06,CAMP_007,19,36869,7353
4038,CONT_04038,Blog,10,2024-04-26,CAMP_003,37,4003,185
4039,CONT_04039,Newsletter,549,2023-12-13,CAMP_006,8,12032,1212
4040,CONT_04040,Video,113,2023-09-22,CAMP_004,19,29860,638
4041,CONT_04041,Blog,61,2023-02-24,CAMP_004,42,5527,1409
4042,CONT_04042,Video,181,2024-06-30,CAMP_004,42,41523,718
4043,CONT_04043,SocialMedia,2437,2023-10-15,CAMP_004,41,42948,5097
4044,CONT_04044,Newsletter,229,2023-08-02,CAMP_007,36,25067,532
4045,CONT_04045,Video,1517,2024-06-03,CAMP_007,47,41363,11335
4046,CONT_04046,SocialMedia,1914,2023-09-15,CAMP_002,5,38664,10736
4047,CONT_04047,Video,425,2024-10-27,CAMP_007,23,27930,4457
4048,CONT_04048,Blog,732,2023-08-21,CAMP_001,23,19954,1782
4049,CONT_04049,Video,2344,2024-03-11,CAMP_006,7,47964,6670
4050,CONT_04050,Video,2295,2023-06-30,CAMP_008,10,25743,7053
4051,CONT_04051,Video,85,2023-03-05,CAMP_010,41,16652,2079
4052,CONT_04052,SocialMedia,84,2023-04-04,CAMP_008,31,10666,1190
4053,CONT_04053,Blog,888,2024-05-17,CAMP_004,8,46610,3195
4054,CONT_04054,Newsletter,36,2023-12-17,CAMP_003,7,10773,320
4055,CONT_04055,SocialMedia,1955,2024-03-05,CAMP_001,37,49375,9905
4056,CONT_04056,Newsletter,1273,2024-09-26,CAMP_006,24,12963,3594
4057,CONT_04057,Blog,147,2024-03-14,CAMP_009,34,2041,296
4058,CONT_04058,Newsletter,421,2023-05-25,CAMP_004,1,39498,4882
4059,CONT_04059,Newsletter,1850,2023-11-05,CAMP_006,16,25326,6264
4060,CONT_04060,Newsletter,212,2023-09-17,CAMP_003,9,32577,640
4061,CONT_04061,Video,288,2024-03-21,CAMP_001,13,33809,6011
4062,CONT_04062,Blog,317,2023-09-29,CAMP_003,48,41075,1380
4063,CONT_04063,SocialMedia,179,2023-10-10,CAMP_001,16,5666,688
4064,CONT_04064,SocialMedia,185,2023-09-18,CAMP_007,17,18314,890
4065,CONT_04065,SocialMedia,580,2023-05-20,CAMP_008,5,24734,4704
4066,CONT_04066,SocialMedia,87,2023-10-09,CAMP_002,43,1118,290
4067,CONT_04067,Blog,680,2024-09-14,CAMP_008,33,34451,6355
4068,CONT_04068,SocialMedia,2350,2023-11-27,CAMP_004,34,42284,8309
4069,CONT_04069,Blog,898,2024-03-20,CAMP_001,18,37997,2094
4070,CONT_04070,Blog,198,2024-08-16,CAMP_009,38,49769,498
4071,CONT_04071,SocialMedia,181,2023-03-09,CAMP_008,10,36020,7407
4072,CONT_04072,Blog,555,2023-09-28,CAMP_008,49,45985,1472
4073,CONT_04073,Video,13,2023-11-22,CAMP_005,44,3232,113
4074,CONT_04074,SocialMedia,270,2023-06-17,CAMP_007,20,44464,2700
4075,CONT_04075,SocialMedia,618,2024-10-11,CAMP_005,50,29483,2757
4076,CONT_04076,Video,865,2023-11-08,CAMP_008,28,15032,4175
4077,CONT_04077,Video,760,2024-12-28,CAMP_004,10,38816,5303
4078,CONT_04078,Video,2654,2023-10-31,CAMP_003,11,31494,7838
4079,CONT_04079,Newsletter,157,2024-07-15,CAMP_005,16,4637,828
4080,CONT_04080,Video,838,2023-05-18,CAMP_007,3,24051,2397
4081,CONT_04081,Video,1464,2023-12-25,CAMP_009,33,33480,6001
4082,CONT_04082,Video,761,2024-10-13,CAMP_009,37,39137,1658
4083,CONT_04083,Blog,950,2024-12-01,CAMP_005,18,18050,3914
4084,CONT_04084,Video,876,2024-12-22,CAMP_010,49,36863,5528
4085,CONT_04085,Blog,234,2023-02-25,CAMP_009,14,5105,506
4086,CONT_04086,SocialMedia,36,2024-03-13,CAMP_002,49,5872,431
4087,CONT_04087,Newsletter,398,2024-08-11,CAMP_008,14,23861,799
4088,CONT_04088,Blog,1241,2024-06-13,CAMP_004,14,10199,2662
4089,CONT_04089,Blog,522,2023-04-08,CAMP_001,4,21855,1207
4090,CONT_04090,Newsletter,4420,2024-05-05,CAMP_002,1,40523,9003
4091,CONT_04091,Video,80,2023-09-09,CAMP_009,4,19617,353
4092,CONT_04092,Blog,850,2023-12-05,CAMP_009,42,25438,3401
4093,CONT_04093,Blog,784,2023-06-09,CAMP_003,16,14187,2082
4094,CONT_04094,SocialMedia,575,2024-03-15,CAMP_010,23,14316,3203
4095,CONT_04095,Video,746,2024-12-13,CAMP_010,10,20875,3580
4096,CONT_04096,Blog,4302,2024-01-06,CAMP_001,30,34775,9184
4097,CONT_04097,SocialMedia,428,2023-07-09,CAMP_010,44,30861,1485
4098,CONT_04098,Blog,860,2024-09-12,CAMP_003,24,31736,2763
4099,CONT_04099,SocialMedia,87,2024-09-19,CAMP_007,27,8976,212
4100,CONT_04100,SocialMedia,44,2024-05-13,CAMP_001,5,9238,1442
4101,CONT_04101,SocialMedia,82,2023-02-16,CAMP_008,24,1319,331
4102,CONT_04102,SocialMedia,649,2024-06-08,CAMP_006,38,31890,2131
4103,CONT_04103,SocialMedia,2749,2024-06-01,CAMP_008,33,32937,8471
4104,CONT_04104,Newsletter,129,2024-07-07,CAMP_007,31,3980,769
4105,CONT_04105,Newsletter,71,2024-10-06,CAMP_004,29,1298,146
4106,CONT_04106,Newsletter,90,2023-07-27,CAMP_007,29,9778,2325
4107,CONT_04107,Blog,4732,2023-09-14,CAMP_007,48,38185,9499
4108,CONT_04108,Video,59,2023-12-11,CAMP_008,34,6280,431
4109,CONT_04109,SocialMedia,1271,2023-10-06,CAMP_010,48,13408,2670
4110,CONT_04110,Newsletter,636,2023-02-19,CAMP_007,10,36030,3657
4111,CONT_04111,Newsletter,958,2024-02-10,CAMP_005,20,24655,5587
4112,CONT_04112,Blog,1812,2024-10-10,CAMP_005,22,31542,8078
4113,CONT_04113,Video,786,2024-06-11,CAMP_001,35,35643,3776
4114,CONT_04114,Blog,20,2024-03-25,CAMP_010,25,13150,730
4115,CONT_04115,Video,497,2023-12-30,CAMP_006,9,35023,1115
4116,CONT_04116,Video,103,2023-12-26,CAMP_006,9,15582,593
4117,CONT_04117,Video,16,2024-07-11,CAMP_010,45,2305,247
4118,CONT_04118,Newsletter,3569,2024-02-24,CAMP_001,43,48562,7842
4119,CONT_04119,SocialMedia,239,2023-07-23,CAMP_004,9,34471,7815
4120,CONT_04120,Blog,867,2024-10-06,CAMP_007,14,22699,4153
4121,CONT_04121,Blog,716,2024-06-21,CAMP_007,30,41393,2107
4122,CONT_04122,Video,102,2023-10-26,CAMP_009,44,41735,6351
4123,CONT_04123,SocialMedia,243,2024-03-25,CAMP_006,1,9507,2296
4124,CONT_04124,Newsletter,312,2023-10-28,CAMP_008,5,3104,754
4125,CONT_04125,Blog,2569,2024-10-19,CAMP_006,5,26046,5567
4126,CONT_04126,SocialMedia,177,2024-08-01,CAMP_007,29,8480,1178
4127,CONT_04127,SocialMedia,1611,2024-07-15,CAMP_007,48,29777,4193
4128,CONT_04128,SocialMedia,806,2023-03-20,CAMP_001,48,25239,2478
4129,CONT_04129,Newsletter,125,2024-04-12,CAMP_010,17,6980,401
4130,CONT_04130,Blog,1059,2024-09-17,CAMP_009,33,21825,2670
4131,CONT_04131,SocialMedia,429,2023-05-29,CAMP_008,3,39787,1116
4132,CONT_04132,Video,497,2024-06-18,CAMP_006,27,19158,5300
4133,CONT_04133,SocialMedia,122,2024-02-16,CAMP_008,12,14020,1988
4134,CONT_04134,Blog,638,2024-10-19,CAMP_008,4,30141,2352
4135,CONT_04135,Video,363,2023-07-20,CAMP_001,32,40571,5911
4136,CONT_04136,Video,80,2024-10-12,CAMP_001,13,10143,2505
4137,CONT_04137,Video,51,2024-01-11,CAMP_008,42,11578,2671
4138,CONT_04138,Blog,279,2024-11-05,CAMP_003,27,13372,2431
4139,CONT_04139,SocialMedia,13,2024-05-23,CAMP_009,49,643,102
4140,CONT_04140,SocialMedia,429,2023-09-24,CAMP_003,47,4843,1364
4141,CONT_04141,Video,85,2024-10-07,CAMP_006,42,26893,877
4142,CONT_04142,Newsletter,874,2024-12-12,CAMP_003,13,35589,2062
4143,CONT_04143,SocialMedia,39,2023-07-23,CAMP_001,35,8192,1777
4144,CONT_04144,SocialMedia,1659,2023-09-04,CAMP_002,6,44669,6141
4145,CONT_04145,Video,203,2023-12-25,CAMP_004,4,11646,3027
4146,CONT_04146,Blog,127,2024-02-27,CAMP_002,30,4124,378
4147,CONT_04147,Newsletter,363,2024-06-09,CAMP_010,16,7142,741
4148,CONT_04148,SocialMedia,535,2023-05-21,CAMP_003,49,18564,3106
4149,CONT_04149,SocialMedia,498,2024-11-27,CAMP_008,34,6088,1581
4150,CONT_04150,Blog,238,2023-10-08,CAMP_003,31,12145,3324
4151,CONT_04151,Newsletter,1803,2023-01-23,CAMP_008,28,28797,5597
4152,CONT_04152,SocialMedia,219,2023-08-12,CAMP_006,4,17178,1038
4153,CONT_04153,SocialMedia,15,2024-01-22,CAMP_002,8,12772,387
4154,CONT_04154,Video,209,2023-10-17,CAMP_006,22,3558,815
4155,CONT_04155,SocialMedia,2096,2023-03-07,CAMP_003,18,45254,9433
4156,CONT_04156,Video,315,2023-11-11,CAMP_007,22,25097,843
4157,CONT_04157,SocialMedia,23,2024-06-07,CAMP_008,39,660,88
4158,CONT_04158,SocialMedia,466,2023-06-23,CAMP_004,46,12495,2610
4159,CONT_04159,Newsletter,162,2024-07-18,CAMP_010,24,29300,451
4160,CONT_04160,SocialMedia,719,2023-03-09,CAMP_008,4,10105,1500
4161,CONT_04161,Blog,2060,2024-06-30,CAMP_002,44,46894,5240
4162,CONT_04162,SocialMedia,1444,2023-05-18,CAMP_005,36,25019,6275
4163,CONT_04163,SocialMedia,3880,2023-05-07,CAMP_004,1,49752,8325
4164,CONT_04164,Blog,228,2023-11-13,CAMP_002,7,36921,8615
4165,CONT_04165,SocialMedia,143,2024-01-30,CAMP_002,4,4792,1402
4166,CONT_04166,Blog,100,2023-05-21,CAMP_010,50,8258,248
4167,CONT_04167,Newsletter,1807,2024-06-07,CAMP_001,13,27920,7744
4168,CONT_04168,Video,121,2023-08-27,CAMP_010,14,13239,479
4169,CONT_04169,Video,914,2023-11-16,CAMP_010,2,24514,3025
4170,CONT_04170,Video,512,2024-03-29,CAMP_002,21,32455,1416
4171,CONT_04171,Video,3092,2023-09-16,CAMP_004,10,34687,9474
4172,CONT_04172,SocialMedia,1592,2023-08-27,CAMP_002,35,26198,4860
4173,CONT_04173,Blog,3454,2023-01-02,CAMP_010,40,35428,9803
4174,CONT_04174,SocialMedia,1316,2024-02-02,CAMP_004,17,42789,10393
4175,CONT_04175,SocialMedia,171,2023-01-20,CAMP_005,33,10311,1814
4176,CONT_04176,SocialMedia,158,2023-03-13,CAMP_008,50,7802,1472
4177,CONT_04177,SocialMedia,94,2024-06-18,CAMP_010,29,3824,188
4178,CONT_04178,SocialMedia,1507,2023-10-19,CAMP_008,7,46005,10294
4179,CONT_04179,Video,1642,2024-05-01,CAMP_004,40,22887,4613
4180,CONT_04180,Blog,2340,2024-04-01,CAMP_003,34,49990,6402
4181,CONT_04181,Blog,2649,2024-06-30,CAMP_005,3,33927,6107
4182,CONT_04182,Newsletter,94,2024-08-08,CAMP_001,44,19447,1924
4183,CONT_04183,Video,575,2024-02-08,CAMP_010,49,46402,3526
4184,CONT_04184,Newsletter,2262,2024-08-31,CAMP_008,4,22763,5659
4185,CONT_04185,Blog,2359,2023-06-05,CAMP_003,43,47400,11403
4186,CONT_04186,Newsletter,3022,2024-01-19,CAMP_008,30,47834,14077
4187,CONT_04187,SocialMedia,174,2024-12-12,CAMP_004,27,3574,787
4188,CONT_04188,Blog,913,2023-11-17,CAMP_004,35,28820,4529
4189,CONT_04189,SocialMedia,2013,2024-02-27,CAMP_008,45,35851,7733
4190,CONT_04190,Blog,1043,2023-03-20,CAMP_002,24,37960,4455
4191,CONT_04191,SocialMedia,163,2024-12-20,CAMP_008,47,40846,1814
4192,CONT_04192,Blog,799,2024-02-14,CAMP_003,4,13172,3717
4193,CONT_04193,Newsletter,266,2023-09-22,CAMP_005,30,10418,2084
4194,CONT_04194,Blog,1937,2023-09-24,CAMP_006,1,38608,7077
4195,CONT_04195,Newsletter,312,2023-06-08,CAMP_006,9,10012,1003
4196,CONT_04196,Newsletter,2996,2023-12-07,CAMP_008,22,44688,13279
4197,CONT_04197,Newsletter,1014,2023-04-24,CAMP_003,1,44054,8469
4198,CONT_04198,Blog,1306,2023-12-21,CAMP_004,4,27984,5303
4199,CONT_04199,Video,825,2024-10-04,CAMP_010,14,47647,4607
4200,CONT_04200,Newsletter,3524,2023-01-10,CAMP_008,42,43870,7412
4201,CONT_04201,Video,370,2024-09-26,CAMP_003,19,14564,1911
4202,CONT_04202,SocialMedia,275,2023-09-10,CAMP_003,35,20139,2103
4203,CONT_04203,Blog,47,2024-02-11,CAMP_004,32,31399,1074
4204,CONT_04204,Blog,893,2024-06-18,CAMP_010,16,8507,2284
4205,CONT_04205,SocialMedia,5975,2023-12-18,CAMP_005,13,46643,13867
4206,CONT_04206,Video,146,2024-07-26,CAMP_005,4,33213,1324
4207,CONT_04207,SocialMedia,198,2024-07-19,CAMP_009,30,17727,558
4208,CONT_04208,Blog,768,2024-08-04,CAMP_004,8,40694,12097
4209,CONT_04209,Newsletter,344,2023-04-15,CAMP_010,22,15779,1623
4210,CONT_04210,Blog,136,2023-11-09,CAMP_005,2,9702,824
4211,CONT_04211,Video,4650,2024-11-15,CAMP_004,36,49534,11981
4212,CONT_04212,SocialMedia,238,2024-11-26,CAMP_009,32,13382,910
4213,CONT_04213,SocialMedia,1083,2023-03-02,CAMP_006,36,15557,2724
4214,CONT_04214,SocialMedia,2791,2024-08-05,CAMP_009,5,38893,8748
4215,CONT_04215,Video,51,2024-09-21,CAMP_006,5,35643,247
4216,CONT_04216,Video,1662,2023-11-05,CAMP_003,12,32491,4542
4217,CONT_04217,Newsletter,71,2024-02-05,CAMP_005,30,2937,475
4218,CONT_04218,Blog,255,2023-10-28,CAMP_003,34,34837,7895
4219,CONT_04219,Blog,900,2024-09-10,CAMP_003,40,44281,8911
4220,CONT_04220,Video,874,2023-08-08,CAMP_004,41,18201,3678
4221,CONT_04221,Newsletter,1972,2024-06-06,CAMP_001,17,39980,9426
4222,CONT_04222,Newsletter,19,2023-07-23,CAMP_008,28,7936,1048
4223,CONT_04223,Blog,610,2023-04-11,CAMP_008,39,39305,1827
4224,CONT_04224,Newsletter,1196,2024-11-21,CAMP_008,14,22240,3779
4225,CONT_04225,Blog,134,2023-03-13,CAMP_004,28,3920,404
4226,CONT_04226,SocialMedia,386,2024-05-12,CAMP_009,19,12431,1350
4227,CONT_04227,Blog,29,2023-05-12,CAMP_003,5,1106,177
4228,CONT_04228,Blog,4172,2024-03-12,CAMP_010,42,46217,8354
4229,CONT_04229,Blog,251,2023-01-15,CAMP_010,20,28901,545
4230,CONT_04230,Blog,2041,2023-06-13,CAMP_005,6,38620,5323
4231,CONT_04231,Newsletter,2106,2023-12-25,CAMP_004,47,49126,8366
4232,CONT_04232,Newsletter,49,2023-12-24,CAMP_004,47,33829,1262
4233,CONT_04233,Video,1027,2023-10-20,CAMP_010,12,15048,2457
4234,CONT_04234,SocialMedia,61,2024-04-27,CAMP_010,38,35871,1131
4235,CONT_04235,SocialMedia,156,2023-08-18,CAMP_010,43,27116,2979
4236,CONT_04236,Blog,805,2024-04-10,CAMP_005,43,44241,2810
4237,CONT_04237,Video,1269,2024-01-20,CAMP_003,21,48481,3738
4238,CONT_04238,Blog,103,2024-05-07,CAMP_002,21,36559,530
4239,CONT_04239,SocialMedia,996,2024-12-19,CAMP_003,47,30159,3895
4240,CONT_04240,SocialMedia,1570,2024-06-24,CAMP_007,8,13579,3743
4241,CONT_04241,Newsletter,207,2024-07-15,CAMP_004,22,37335,1086
4242,CONT_04242,Blog,39,2024-01-03,CAMP_003,20,33720,1602
4243,CONT_04243,Video,1327,2024-07-02,CAMP_004,24,21080,3766
4244,CONT_04244,Video,967,2024-12-22,CAMP_004,42,49701,1958
4245,CONT_04245,Video,168,2023-09-26,CAMP_005,2,26382,800
4246,CONT_04246,Blog,4004,2024-09-11,CAMP_009,20,38792,9372
4247,CONT_04247,SocialMedia,176,2024-05-11,CAMP_010,6,22844,1454
4248,CONT_04248,Blog,1791,2023-12-26,CAMP_006,3,31058,5047
4249,CONT_04249,Newsletter,21,2024-10-31,CAMP_001,2,16011,129
4250,CONT_04250,Newsletter,1431,2024-10-29,CAMP_003,13,27050,6527
4251,CONT_04251,SocialMedia,51,2023-10-23,CAMP_003,10,9408,140
4252,CONT_04252,Video,30,2024-06-18,CAMP_005,33,1129,183
4253,CONT_04253,Video,113,2024-05-09,CAMP_003,19,5435,461
4254,CONT_04254,Video,298,2023-02-24,CAMP_001,34,40830,3933
4255,CONT_04255,Video,3636,2023-11-27,CAMP_003,5,45674,9062
4256,CONT_04256,SocialMedia,1143,2024-11-08,CAMP_007,20,40212,4926
4257,CONT_04257,SocialMedia,247,2023-05-18,CAMP_001,37,8752,2460
4258,CONT_04258,Newsletter,886,2024-10-07,CAMP_006,32,22883,4306
4259,CONT_04259,Blog,3478,2023-05-20,CAMP_001,34,31314,8586
4260,CONT_04260,SocialMedia,2533,2023-07-16,CAMP_005,36,38306,8157
4261,CONT_04261,SocialMedia,77,2024-05-19,CAMP_005,10,17031,4306
4262,CONT_04262,Newsletter,38,2023-12-27,CAMP_001,7,1077,111
4263,CONT_04263,Newsletter,1743,2023-12-23,CAMP_001,15,18701,3748
4264,CONT_04264,Blog,4229,2023-05-06,CAMP_006,30,41961,11425
4265,CONT_04265,SocialMedia,67,2024-11-16,CAMP_010,48,20884,6001
4266,CONT_04266,Newsletter,23,2023-01-20,CAMP_004,37,8085,769
4267,CONT_04267,Blog,728,2024-09-01,CAMP_008,47,35240,2049
4268,CONT_04268,Blog,1397,2024-09-29,CAMP_006,19,29536,6700
4269,CONT_04269,Video,4111,2023-12-10,CAMP_001,13,37111,8902
4270,CONT_04270,Newsletter,65,2023-11-11,CAMP_002,36,38073,3408
4271,CONT_04271,Blog,552,2024-08-23,CAMP_007,2,20057,4617
4272,CONT_04272,Video,521,2023-08-26,CAMP_009,20,4153,1177
4273,CONT_04273,SocialMedia,410,2023-08-25,CAMP_005,13,7034,1550
4274,CONT_04274,Newsletter,727,2023-05-12,CAMP_004,33,33517,2386
4275,CONT_04275,Blog,638,2023-08-03,CAMP_003,42,18958,3927
4276,CONT_04276,Video,1291,2023-09-01,CAMP_009,15,29840,5846
4277,CONT_04277,Video,1044,2023-03-15,CAMP_004,37,23074,5741
4278,CONT_04278,Blog,1039,2023-09-12,CAMP_003,37,31396,4541
4279,CONT_04279,Newsletter,31,2023-07-10,CAMP_003,12,45726,12698
4280,CONT_04280,Blog,1838,2024-11-03,CAMP_001,43,15897,3759
4281,CONT_04281,SocialMedia,1140,2024-06-21,CAMP_009,35,43133,11413
4282,CONT_04282,Newsletter,1392,2024-03-20,CAMP_001,4,44940,3015
4283,CONT_04283,Video,41,2024-06-20,CAMP_005,7,28252,1928
4284,CONT_04284,Blog,2399,2024-11-05,CAMP_008,31,25786,6284
4285,CONT_04285,Newsletter,412,2023-07-16,CAMP_008,31,9642,1042
4286,CONT_04286,SocialMedia,605,2023-04-30,CAMP_008,35,48417,4891
4287,CONT_04287,Video,667,2023-06-23,CAMP_009,47,43810,7771
4288,CONT_04288,Blog,415,2024-09-08,CAMP_002,29,17992,1880
4289,CONT_04289,Video,444,2024-07-21,CAMP_001,49,12768,3072
4290,CONT_04290,Newsletter,94,2024-06-19,CAMP_001,37,6321,1240
4291,CONT_04291,Blog,684,2024-12-19,CAMP_003,46,20122,2664
4292,CONT_04292,Newsletter,1025,2023-01-10,CAMP_001,17,42316,3309
4293,CONT_04293,Blog,420,2023-08-13,CAMP_007,50,11856,3059
4294,CONT_04294,SocialMedia,45,2024-02-06,CAMP_010,9,19270,695
4295,CONT_04295,Newsletter,129,2024-11-25,CAMP_002,43,3740,549
4296,CONT_04296,SocialMedia,2696,2023-09-22,CAMP_010,2,43771,7052
4297,CONT_04297,SocialMedia,164,2024-03-09,CAMP_009,34,21954,3740
4298,CONT_04298,Newsletter,157,2024-09-07,CAMP_001,5,43133,3679
4299,CONT_04299,Blog,1454,2023-10-06,CAMP_001,24,36033,5762
4300,CONT_04300,Newsletter,2000,2023-01-24,CAMP_004,36,19274,4277
4301,CONT_04301,Blog,505,2023-10-02,CAMP_008,19,33073,1647
4302,CONT_04302,Blog,509,2023-05-26,CAMP_009,24,31577,3041
4303,CONT_04303,SocialMedia,1634,2023-05-30,CAMP_004,2,32187,4120
4304,CONT_04304,Video,61,2024-12-20,CAMP_008,11,26799,1286
4305,CONT_04305,Newsletter,260,2024-06-29,CAMP_006,33,40041,4023
4306,CONT_04306,Video,839,2024-06-17,CAMP_007,10,46590,10711
4307,CONT_04307,Video,447,2024-08-17,CAMP_005,44,23969,3244
4308,CONT_04308,Newsletter,218,2023-10-27,CAMP_010,4,9266,1091
4309,CONT_04309,SocialMedia,783,2024-08-21,CAMP_003,27,9842,1631
4310,CONT_04310,SocialMedia,623,2024-07-28,CAMP_004,1,20625,2136
4311,CONT_04311,Video,104,2023-11-12,CAMP_006,42,1692,483
4312,CONT_04312,Newsletter,1314,2024-04-09,CAMP_008,11,39533,3743
4313,CONT_04313,Newsletter,1787,2024-02-18,CAMP_009,2,21272,5309
4314,CONT_04314,Newsletter,2830,2024-04-15,CAMP_002,2,22681,5757
4315,CONT_04315,Newsletter,114,2023-12-27,CAMP_006,3,34107,413
4316,CONT_04316,SocialMedia,283,2023-07-26,CAMP_002,17,31716,2248
4317,CONT_04317,Newsletter,29,2023-01-14,CAMP_008,26,10609,238
4318,CONT_04318,Video,1626,2024-04-11,CAMP_006,34,38092,7104
4319,CONT_04319,Blog,794,2023-10-31,CAMP_005,30,20123,1918
4320,CONT_04320,Newsletter,699,2023-08-26,CAMP_007,46,25413,6167
4321,CONT_04321,Newsletter,1135,2024-03-13,CAMP_002,12,16738,3707
4322,CONT_04322,Blog,2031,2024-05-23,CAMP_007,31,23665,5146
4323,CONT_04323,Video,134,2024-02-10,CAMP_010,11,41102,5761
4324,CONT_04324,Video,1028,2023-03-30,CAMP_006,43,49610,9942
4325,CONT_04325,Video,298,2024-04-11,CAMP_009,8,12131,2574
4326,CONT_04326,SocialMedia,54,2024-12-25,CAMP_005,28,17434,4546
4327,CONT_04327,Newsletter,417,2024-07-23,CAMP_004,38,40384,3634
4328,CONT_04328,Video,170,2024-04-19,CAMP_009,25,4024,359
4329,CONT_04329,SocialMedia,702,2023-04-21,CAMP_005,6,25750,1702
4330,CONT_04330,SocialMedia,98,2024-09-12,CAMP_008,34,2731,247
4331,CONT_04331,Video,14,2023-03-10,CAMP_002,50,5147,411
4332,CONT_04332,Blog,1801,2024-03-03,CAMP_009,21,32380,3820
4333,CONT_04333,SocialMedia,1911,2024-03-01,CAMP_002,8,30304,5130
4334,CONT_04334,Video,1966,2023-07-15,CAMP_009,20,48619,4687
4335,CONT_04335,Blog,25,2024-01-01,CAMP_003,6,7784,357
4336,CONT_04336,SocialMedia,1743,2024-02-27,CAMP_008,34,44200,7890
4337,CONT_04337,Newsletter,788,2024-01-26,CAMP_005,23,7146,1642
4338,CONT_04338,SocialMedia,242,2023-07-28,CAMP_002,3,13569,1916
4339,CONT_04339,Newsletter,829,2023-01-26,CAMP_004,6,20267,3637
4340,CONT_04340,Blog,1331,2024-01-12,CAMP_004,16,30504,3173
4341,CONT_04341,Newsletter,195,2023-06-18,CAMP_008,49,18200,2579
4342,CONT_04342,Video,123,2023-06-29,CAMP_008,49,37777,8830
4343,CONT_04343,SocialMedia,1625,2023-12-06,CAMP_003,24,40434,11263
4344,CONT_04344,Blog,3727,2024-01-02,CAMP_006,20,41011,8741
4345,CONT_04345,Newsletter,15,2023-10-21,CAMP_008,23,47566,972
4346,CONT_04346,Newsletter,275,2023-01-20,CAMP_009,30,6997,593
4347,CONT_04347,Blog,210,2023-07-20,CAMP_009,27,7036,543
4348,CONT_04348,Blog,61,2023-02-24,CAMP_002,24,1082,321
4349,CONT_04349,SocialMedia,1140,2024-04-04,CAMP_009,2,44697,10449
4350,CONT_04350,Blog,86,2024-06-05,CAMP_009,27,21919,3396
4351,CONT_04351,SocialMedia,360,2024-09-07,CAMP_007,9,43750,4776
4352,CONT_04352,Video,1086,2024-03-25,CAMP_005,25,39745,4335
4353,CONT_04353,Blog,1372,2023-09-12,CAMP_003,43,32978,9541
4354,CONT_04354,Blog,670,2024-05-07,CAMP_007,46,13460,2390
4355,CONT_04355,Video,398,2023-12-02,CAMP_007,9,40219,3850
4356,CONT_04356,Video,248,2024-07-22,CAMP_007,16,23231,727
4357,CONT_04357,Blog,958,2024-06-14,CAMP_007,40,38670,2991
4358,CONT_04358,Video,2851,2024-04-10,CAMP_004,30,31227,6347
4359,CONT_04359,Video,275,2023-11-27,CAMP_010,43,34620,583
4360,CONT_04360,Newsletter,205,2023-08-12,CAMP_005,34,9874,535
4361,CONT_04361,Newsletter,1111,2024-06-17,CAMP_001,8,25312,6184
4362,CONT_04362,Blog,139,2023-10-19,CAMP_003,43,8123,430
4363,CONT_04363,Newsletter,15,2023-05-30,CAMP_001,24,8604,69
4364,CONT_04364,SocialMedia,1961,2024-07-20,CAMP_009,2,21674,5259
4365,CONT_04365,SocialMedia,718,2024-04-03,CAMP_004,43,25167,7067
4366,CONT_04366,SocialMedia,100,2024-12-12,CAMP_008,3,1563,273
4367,CONT_04367,Newsletter,20,2024-11-17,CAMP_008,47,792,208
4368,CONT_04368,SocialMedia,89,2024-12-25,CAMP_009,46,6949,242
4369,CONT_04369,Blog,1449,2023-03-03,CAMP_007,42,21858,3631
4370,CONT_04370,SocialMedia,208,2024-03-17,CAMP_008,45,16562,1184
4371,CONT_04371,SocialMedia,1056,2023-02-18,CAMP_002,49,22789,5675
4372,CONT_04372,Newsletter,108,2023-06-24,CAMP_001,47,5069,233
4373,CONT_04373,SocialMedia,68,2024-02-08,CAMP_004,5,11585,778
4374,CONT_04374,Newsletter,792,2024-09-25,CAMP_010,15,44860,10314
4375,CONT_04375,SocialMedia,295,2023-01-17,CAMP_010,46,16396,1884
4376,CONT_04376,Video,605,2024-03-23,CAMP_010,12,16517,2673
4377,CONT_04377,SocialMedia,1768,2023-05-23,CAMP_005,10,25623,6447
4378,CONT_04378,Newsletter,923,2024-08-28,CAMP_001,29,25170,6763
4379,CONT_04379,Video,427,2023-08-04,CAMP_009,41,25744,3516
4380,CONT_04380,Blog,12,2023-07-09,CAMP_004,42,35086,492
4381,CONT_04381,Newsletter,3369,2023-01-22,CAMP_010,50,49837,11169
4382,CONT_04382,SocialMedia,352,2023-09-09,CAMP_004,25,4848,988
4383,CONT_04383,Blog,423,2024-07-14,CAMP_002,36,39082,3614
4384,CONT_04384,Video,1819,2023-12-26,CAMP_002,45,41894,4632
4385,CONT_04385,Video,2307,2024-08-11,CAMP_008,10,35235,5642
4386,CONT_04386,Video,1467,2023-03-19,CAMP_004,10,25570,3793
4387,CONT_04387,SocialMedia,1684,2024-12-21,CAMP_001,38,14927,3740
4388,CONT_04388,Blog,168,2024-02-05,CAMP_005,19,7355,1032
4389,CONT_04389,SocialMedia,346,2024-11-23,CAMP_004,15,46538,1419
4390,CONT_04390,Video,283,2024-11-11,CAMP_007,24,12889,2885
4391,CONT_04391,Blog,21,2024-06-24,CAMP_002,33,1355,110
4392,CONT_04392,Video,1828,2024-10-13,CAMP_007,20,35448,10085
4393,CONT_04393,Video,36,2023-02-28,CAMP_007,30,4586,555
4394,CONT_04394,Blog,428,2024-07-26,CAMP_001,25,13797,1213
4395,CONT_04395,Blog,84,2023-04-25,CAMP_008,20,26420,579
4396,CONT_04396,Newsletter,746,2023-08-05,CAMP_005,3,27540,7996
4397,CONT_04397,Newsletter,2042,2023-06-02,CAMP_008,50,47482,7255
4398,CONT_04398,Video,1132,2024-03-03,CAMP_007,36,42472,3301
4399,CONT_04399,Newsletter,1699,2023-11-03,CAMP_003,7,29642,3460
4400,CONT_04400,Blog,1683,2023-04-22,CAMP_007,39,33948,10101
4401,CONT_04401,SocialMedia,1030,2024-08-13,CAMP_010,48,13570,3001
4402,CONT_04402,Video,557,2024-11-27,CAMP_001,22,47339,4988
4403,CONT_04403,Newsletter,67,2024-01-03,CAMP_003,26,2006,517
4404,CONT_04404,Newsletter,371,2024-09-28,CAMP_009,1,25961,2938
4405,CONT_04405,Video,109,2024-02-11,CAMP_002,1,3012,868
4406,CONT_04406,Blog,2601,2023-01-21,CAMP_006,7,41585,7174
4407,CONT_04407,Blog,587,2024-09-29,CAMP_006,1,6870,1890
4408,CONT_04408,Blog,704,2024-02-09,CAMP_005,27,37046,7739
4409,CONT_04409,SocialMedia,1447,2023-05-14,CAMP_001,24,27872,7514
4410,CONT_04410,SocialMedia,2740,2023-09-27,CAMP_002,24,48378,13778
4411,CONT_04411,Newsletter,542,2023-07-09,CAMP_005,30,15899,4112
4412,CONT_04412,Video,402,2024-10-01,CAMP_010,46,21821,4480
4413,CONT_04413,Video,1765,2023-11-30,CAMP_002,37,32725,5118
4414,CONT_04414,Video,442,2023-04-23,CAMP_007,2,25032,3152
4415,CONT_04415,SocialMedia,4547,2024-06-07,CAMP_010,17,37239,10890
4416,CONT_04416,Newsletter,440,2024-12-11,CAMP_008,9,40586,5013
4417,CONT_04417,Newsletter,2928,2023-05-17,CAMP_009,36,45834,11609
4418,CONT_04418,SocialMedia,96,2024-12-02,CAMP_009,11,33408,220
4419,CONT_04419,SocialMedia,88,2024-11-09,CAMP_003,23,13121,2762
4420,CONT_04420,SocialMedia,72,2023-10-24,CAMP_003,43,43308,2126
4421,CONT_04421,Newsletter,287,2024-05-04,CAMP_009,12,36371,793
4422,CONT_04422,Video,1355,2023-01-01,CAMP_010,38,25216,4106
4423,CONT_04423,Newsletter,2673,2023-02-07,CAMP_007,5,33552,5442
4424,CONT_04424,Newsletter,72,2024-04-15,CAMP_009,35,8219,669
4425,CONT_04425,Blog,442,2024-02-17,CAMP_010,33,12544,1656
4426,CONT_04426,Newsletter,131,2023-08-22,CAMP_009,19,9672,706
4427,CONT_04427,Video,56,2024-04-16,CAMP_010,47,26698,610
4428,CONT_04428,Video,1887,2023-03-10,CAMP_002,29,48142,6079
4429,CONT_04429,Blog,155,2024-01-08,CAMP_004,25,17281,2584
4430,CONT_04430,Blog,690,2024-10-19,CAMP_009,49,5215,1457
4431,CONT_04431,SocialMedia,106,2024-12-02,CAMP_009,8,15523,1288
4432,CONT_04432,Newsletter,159,2023-04-17,CAMP_006,26,3103,358
4433,CONT_04433,Blog,140,2024-03-18,CAMP_001,30,4324,1046
4434,CONT_04434,Newsletter,225,2023-10-26,CAMP_001,42,23547,629
4435,CONT_04435,Newsletter,292,2023-10-22,CAMP_005,23,3874,739
4436,CONT_04436,Blog,360,2024-05-08,CAMP_003,40,9302,2108
4437,CONT_04437,Video,4468,2023-03-19,CAMP_002,28,35582,10225
4438,CONT_04438,Newsletter,1958,2023-06-16,CAMP_005,34,19093,4943
4439,CONT_04439,SocialMedia,1327,2024-05-22,CAMP_005,45,21183,4973
4440,CONT_04440,Video,432,2024-05-26,CAMP_006,38,49862,3636
4441,CONT_04441,SocialMedia,2271,2023-07-11,CAMP_004,36,24560,6501
4442,CONT_04442,Blog,615,2023-09-16,CAMP_007,48,7826,1677
4443,CONT_04443,Newsletter,382,2023-11-14,CAMP_008,27,28836,2277
4444,CONT_04444,Blog,1366,2024-08-07,CAMP_008,23,22112,3890
4445,CONT_04445,Blog,1150,2024-03-04,CAMP_004,28,21717,6159
4446,CONT_04446,Newsletter,65,2024-12-03,CAMP_007,1,10406,475
4447,CONT_04447,Newsletter,1138,2023-09-30,CAMP_008,41,19187,4884
4448,CONT_04448,SocialMedia,373,2023-11-27,CAMP_008,25,9358,1325
4449,CONT_04449,Newsletter,551,2024-08-29,CAMP_004,44,7360,1218
4450,CONT_04450,SocialMedia,868,2024-09-23,CAMP_010,28,26549,6212
4451,CONT_04451,Blog,1018,2023-04-27,CAMP_006,44,20940,2275
4452,CONT_04452,Newsletter,274,2024-10-06,CAMP_005,22,5429,1228
4453,CONT_04453,Video,331,2023-09-27,CAMP_001,40,40941,6482
4454,CONT_04454,Newsletter,270,2023-10-16,CAMP_002,10,20746,740
4455,CONT_04455,Newsletter,73,2024-01-06,CAMP_003,39,2391,383
4456,CONT_04456,SocialMedia,425,2024-08-24,CAMP_008,13,9339,1944
4457,CONT_04457,Blog,254,2024-06-06,CAMP_007,18,30312,3008
4458,CONT_04458,Video,275,2024-11-04,CAMP_007,6,44983,3674
4459,CONT_04459,Newsletter,919,2024-10-16,CAMP_010,18,31216,4271
4460,CONT_04460,Video,736,2024-08-30,CAMP_002,34,11386,1880
4461,CONT_04461,Blog,114,2023-02-26,CAMP_007,49,17803,4075
4462,CONT_04462,Newsletter,50,2023-05-24,CAMP_010,27,47593,124
4463,CONT_04463,SocialMedia,1683,2024-10-25,CAMP_004,15,23130,6082
4464,CONT_04464,Newsletter,218,2023-05-31,CAMP_009,11,3640,976
4465,CONT_04465,Newsletter,1152,2024-07-16,CAMP_003,49,43770,2659
4466,CONT_04466,Newsletter,155,2024-02-20,CAMP_009,30,1786,424
4467,CONT_04467,SocialMedia,122,2024-05-19,CAMP_005,35,20147,431
4468,CONT_04468,Blog,31,2023-10-13,CAMP_004,11,27727,2535
4469,CONT_04469,Blog,902,2023-04-26,CAMP_008,49,30758,8001
4470,CONT_04470,Newsletter,995,2024-07-02,CAMP_010,42,11530,2826
4471,CONT_04471,Video,3863,2023-06-13,CAMP_005,9,36193,9199
4472,CONT_04472,Newsletter,22,2024-12-11,CAMP_007,21,5799,608
4473,CONT_04473,Blog,83,2024-10-15,CAMP_006,14,36284,181
4474,CONT_04474,Blog,107,2024-01-18,CAMP_010,41,20014,3664
4475,CONT_04475,Video,1395,2023-07-15,CAMP_005,3,36887,7688
4476,CONT_04476,Newsletter,378,2024-07-04,CAMP_005,23,41464,3593
4477,CONT_04477,Newsletter,1936,2023-05-28,CAMP_003,34,34022,9453
4478,CONT_04478,Blog,46,2024-07-15,CAMP_003,10,31943,1477
4479,CONT_04479,Blog,61,2023-09-21,CAMP_010,45,4177,489
4480,CONT_04480,Newsletter,5056,2023-09-11,CAMP_004,25,42308,10404
4481,CONT_04481,Newsletter,1062,2024-07-18,CAMP_005,22,15672,2975
4482,CONT_04482,Video,3369,2024-05-14,CAMP_009,7,44582,8963
4483,CONT_04483,SocialMedia,363,2024-12-07,CAMP_002,46,9724,1001
4484,CONT_04484,Blog,3265,2024-11-18,CAMP_005,29,47287,8236
4485,CONT_04485,Video,2052,2023-09-07,CAMP_006,25,49044,14116
4486,CONT_04486,Newsletter,1054,2023-06-19,CAMP_003,29,34294,2775
4487,CONT_04487,Blog,4765,2024-04-28,CAMP_008,30,44972,10387
4488,CONT_04488,Newsletter,748,2024-08-15,CAMP_009,21,35396,5166
4489,CONT_04489,Blog,335,2023-05-24,CAMP_004,28,29189,688
4490,CONT_04490,Blog,2133,2024-03-08,CAMP_004,25,47694,10931
4491,CONT_04491,SocialMedia,32,2023-11-03,CAMP_007,5,1750,94
4492,CONT_04492,SocialMedia,755,2023-06-29,CAMP_003,35,48428,9657
4493,CONT_04493,Newsletter,179,2024-08-27,CAMP_005,47,12904,475
4494,CONT_04494,Blog,2106,2024-08-10,CAMP_003,42,43413,9502
4495,CONT_04495,Newsletter,434,2023-05-01,CAMP_009,22,44635,5276
4496,CONT_04496,Blog,23,2023-04-05,CAMP_006,41,911,96
4497,CONT_04497,SocialMedia,5287,2024-07-13,CAMP_001,37,46502,12208
4498,CONT_04498,Newsletter,642,2023-03-05,CAMP_002,36,20847,5058
4499,CONT_04499,Video,2958,2024-08-31,CAMP_008,15,21769,6065
4500,CONT_04500,Blog,219,2023-11-24,CAMP_008,10,34626,934
