reviewid,customerid,productid,reviewdate,year_month,rating,reviewtext,vader_score,sentiment_category,productname,brand,category,price
1,204,21,2024-09-17,2024-09,5,Excellent product. Myntra never disappoints.,0.7081,Positive,Men Low-Rise Cargo  Jeans,Kotty,Joggers & Cargo,639.0
2,226,23,2023-08-31,2023-08,5,Delivery was quick and product is exactly as described.,0.0,Mixed Positive,Men Stretchable Jeans,Mast & Harbour,Stretchable Jeans,758.0
3,192,15,2023-01-08,2023-01,4,Amazing quality! Totally worth the price.,0.7419,Positive,Men Mid-Rise Boot Cut Jeans,Bene Kleed,Denim & Jeans,873.0
4,298,13,2024-02-17,2024-02,5,Fits perfectly. Very happy with the purchase.,0.8479,Positive,Men Slim Fit Stretchable Jeans,WROGN,Slim Fit Jeans,1275.0
5,156,48,2024-01-24,2024-01,3,Material is fine but the colour is slightly different.,0.1027,Neutral,Men Bootcut Jeans,HERE&NOW,Wide Leg & Bootcut,869.0
6,235,14,2023-08-15,2023-08,5,Excellent product. Myntra never disappoints.,0.7081,Positive,Men Relaxed Fit Mid-Rise Jeans,HIGHLANDER,Relaxed Fit Jeans,769.0
7,112,12,2024-01-31,2024-01,1,Product looks different from the photo online.,0.0,Mixed Negative,Men Relaxed Fit Jeans,styzon,Relaxed Fit Jeans,989.0
8,411,48,2023-02-16,2023-02,5,Excellent product. Myntra never disappoints.,0.7081,Positive,Men Bootcut Jeans,HERE&NOW,Wide Leg & Bootcut,869.0
9,232,41,2024-06-29,2024-06,5,Beautiful design. Exactly as shown in the photo.,0.5994,Positive,Men Tapered Fit Jeans,Flying Machine,Denim & Jeans,1829.0
10,240,18,2024-02-09,2024-02,5,Fits perfectly. Very happy with the purchase.,0.8479,Positive,Men Wide Leg Jeans,Roadster,Wide Leg & Bootcut,999.0
11,443,28,2024-02-08,2024-02,5,Excellent product. Myntra never disappoints.,0.7081,Positive,Men Straight Fit Jeans,Mast & Harbour,Regular Fit Jeans,764.0
12,463,32,2023-05-20,2023-05,5,Fits perfectly. Very happy with the purchase.,0.8479,Positive,Men Relaxed Fit Jeans,The Indian Garage Co,Relaxed Fit Jeans,808.0
13,305,10,2023-12-10,2023-12,3,Material is fine but the colour is slightly different.,0.1027,Neutral,Men Jogger Mid-Rise Jeans,styzon,Joggers & Cargo,899.0
14,450,6,2023-02-24,2023-02,5,Delivery was quick and product is exactly as described.,0.0,Mixed Positive,Men Stretchable Jeans,HERE&NOW,Stretchable Jeans,798.0
15,57,44,2024-06-30,2024-06,1,The jeans are too tight at the waist. Sizing is off.,0.0,Mixed Negative,Men Baggy Loose Jeans,glitchez,Relaxed Fit Jeans,747.0
16,135,38,2024-06-14,2024-06,5,Great value for money. Highly recommend.,0.8516,Positive,Men Bootcut Jeans,Urbano Fashion,Wide Leg & Bootcut,944.0
17,101,16,2024-06-14,2024-06,5,Super comfortable jeans. Bought in two colours.,0.802,Positive,Men Relaxed Fit Jeans,Flying Machine,Relaxed Fit Jeans,2309.0
18,456,21,2023-08-09,2023-08,5,Amazing quality! Totally worth the price.,0.7419,Positive,Men Low-Rise Cargo  Jeans,Kotty,Joggers & Cargo,639.0
19,303,14,2024-06-24,2024-06,4,Great value for money. Highly recommend.,0.8516,Positive,Men Relaxed Fit Mid-Rise Jeans,HIGHLANDER,Relaxed Fit Jeans,769.0
20,388,50,2024-11-15,2024-11,5,Amazing quality! Totally worth the price.,0.7419,Positive,30 Days No Wash Jeans,TURMS,Denim & Jeans,3499.0
21,15,47,2024-04-23,2024-04,5,Loved the fabric and the fit. Will buy again.,0.7506,Positive,Plus Size Stretchable Jeans,Sztori,Stretchable Jeans,863.0
22,31,31,2024-04-26,2024-04,4,Perfect fit. The material feels premium.,0.7351,Positive,Men Pure Cotton Skater Jeans,The Indian Garage Co,Denim & Jeans,688.0
23,308,12,2023-06-13,2023-06,2,Material feels cheap. Not worth the price at all.,-0.1695,Negative,Men Relaxed Fit Jeans,styzon,Relaxed Fit Jeans,989.0
24,57,9,2024-08-06,2024-08,3,Not bad but not great either. Fits okay.,-0.2883,Neutral,Men Regular Fit Mid-Rise Jeans,Roadster,Regular Fit Jeans,759.0
25,267,20,2024-08-25,2024-08,3,Not bad but not great either. Fits okay.,-0.2883,Neutral,Men Bootcut Jeans,Mast & Harbour,Wide Leg & Bootcut,869.0
26,256,27,2023-09-12,2023-09,5,Fast delivery and great packaging.,0.6249,Positive,Men Slim Fit Jeans,French Connection,Slim Fit Jeans,1294.0
27,399,1,2024-06-01,2024-06,5,Super comfortable jeans. Bought in two colours.,0.802,Positive,Men Loose Fit Cotton Jeans,WROGN,Relaxed Fit Jeans,1374.0
28,433,42,2024-02-19,2024-02,4,Fast delivery and great packaging.,0.6249,Positive,Men Slim Fit Jeans,Nautica,Slim Fit Jeans,1088.0
29,19,30,2024-05-22,2024-05,4,Amazing quality! Totally worth the price.,0.7419,Positive,Men Slim Tapered Fit Jeans,Mast & Harbour,Slim Fit Jeans,701.0
30,375,18,2024-06-27,2024-06,5,Perfect fit. The material feels premium.,0.7351,Positive,Men Wide Leg Jeans,Roadster,Wide Leg & Bootcut,999.0
31,431,50,2024-06-13,2024-06,5,Fits perfectly. Very happy with the purchase.,0.8479,Positive,30 Days No Wash Jeans,TURMS,Denim & Jeans,3499.0
32,146,45,2024-11-06,2024-11,4,Fits perfectly. Very happy with the purchase.,0.8479,Positive,Men Wide Leg Cotton Jeans,HIGHLANDER,Wide Leg & Bootcut,1099.0
33,95,33,2024-05-05,2024-05,5,Excellent product. Myntra never disappoints.,0.7081,Positive,Men Straight Fit Jeans,glitchez,Regular Fit Jeans,797.0
34,445,33,2024-07-21,2024-07,1,Quality is below average. Not what I expected.,0.0,Mixed Negative,Men Straight Fit Jeans,glitchez,Regular Fit Jeans,797.0
35,220,32,2023-03-26,2023-03,3,Not bad but not great either. Fits okay.,-0.2883,Neutral,Men Relaxed Fit Jeans,The Indian Garage Co,Relaxed Fit Jeans,808.0
36,486,17,2023-10-01,2023-10,5,Great value for money. Highly recommend.,0.8516,Positive,Men Low-Rise Jeans,Kotty,Denim & Jeans,519.0
37,381,38,2023-11-20,2023-11,5,Amazing quality! Totally worth the price.,0.7419,Positive,Men Bootcut Jeans,Urbano Fashion,Wide Leg & Bootcut,944.0
38,237,41,2023-02-04,2023-02,3,Average quality. Nothing special about it.,-0.3089,Neutral,Men Tapered Fit Jeans,Flying Machine,Denim & Jeans,1829.0
39,80,28,2023-12-17,2023-12,5,Beautiful design. Exactly as shown in the photo.,0.5994,Positive,Men Straight Fit Jeans,Mast & Harbour,Regular Fit Jeans,764.0
40,427,42,2023-07-31,2023-07,5,Amazing quality! Totally worth the price.,0.7419,Positive,Men Slim Fit Jeans,Nautica,Slim Fit Jeans,1088.0
41,206,25,2024-09-29,2024-09,1,Size runs small. Return process is very difficult.,-0.4201,Negative,Men Relaxed Fit Jeans,FUGAZEE,Relaxed Fit Jeans,2099.0
42,467,16,2023-06-19,2023-06,3,Decent product but could be better for the price.,0.5927,Neutral,Men Relaxed Fit Jeans,Flying Machine,Relaxed Fit Jeans,2309.0
43,16,29,2023-09-08,2023-09,4,Beautiful design. Exactly as shown in the photo.,0.5994,Positive,Men Slim Fit Jeans,Roadster,Slim Fit Jeans,681.0
44,412,12,2023-03-03,2023-03,5,Delivery was quick and product is exactly as described.,0.0,Mixed Positive,Men Relaxed Fit Jeans,styzon,Relaxed Fit Jeans,989.0
45,444,41,2023-05-30,2023-05,5,Fits perfectly. Very happy with the purchase.,0.8479,Positive,Men Tapered Fit Jeans,Flying Machine,Denim & Jeans,1829.0
46,3,2,2023-12-01,2023-12,5,Fits perfectly. Very happy with the purchase.,0.8479,Positive,Men Slim Fit Jeans,Flying Machine,Slim Fit Jeans,1829.0
47,359,3,2023-05-24,2023-05,4,Fits perfectly. Very happy with the purchase.,0.8479,Positive,Men Pure Cotton Jeans,Roadster,Denim & Jeans,974.0
48,155,34,2023-02-26,2023-02,5,Beautiful design. Exactly as shown in the photo.,0.5994,Positive,Men Bootcut Stretchable Jeans,Thomas Scott,Wide Leg & Bootcut,874.0
49,466,23,2023-02-27,2023-02,5,Amazing quality! Totally worth the price.,0.7419,Positive,Men Stretchable Jeans,Mast & Harbour,Stretchable Jeans,758.0
50,184,29,2024-06-12,2024-06,4,Excellent product. Myntra never disappoints.,0.7081,Positive,Men Slim Fit Jeans,Roadster,Slim Fit Jeans,681.0
51,416,34,2024-08-23,2024-08,5,Super comfortable jeans. Bought in two colours.,0.802,Positive,Men Bootcut Stretchable Jeans,Thomas Scott,Wide Leg & Bootcut,874.0
52,349,21,2024-10-15,2024-10,5,Loved the fabric and the fit. Will buy again.,0.7506,Positive,Men Low-Rise Cargo  Jeans,Kotty,Joggers & Cargo,639.0
53,249,10,2023-06-10,2023-06,3,Decent product but could be better for the price.,0.5927,Neutral,Men Jogger Mid-Rise Jeans,styzon,Joggers & Cargo,899.0
54,478,18,2024-03-23,2024-03,5,Fits perfectly. Very happy with the purchase.,0.8479,Positive,Men Wide Leg Jeans,Roadster,Wide Leg & Bootcut,999.0
55,176,12,2024-05-31,2024-05,5,Delivery was quick and product is exactly as described.,0.0,Mixed Positive,Men Relaxed Fit Jeans,styzon,Relaxed Fit Jeans,989.0
56,402,34,2024-06-24,2024-06,5,Great value for money. Highly recommend.,0.8516,Positive,Men Bootcut Stretchable Jeans,Thomas Scott,Wide Leg & Bootcut,874.0
57,125,4,2023-02-12,2023-02,5,Fast delivery and great packaging.,0.6249,Positive,Relaxed Fit Denim Jeans,Bene Kleed,Relaxed Fit Jeans,873.0
58,169,20,2024-09-27,2024-09,5,Fast delivery and great packaging.,0.6249,Positive,Men Bootcut Jeans,Mast & Harbour,Wide Leg & Bootcut,869.0
59,8,46,2023-12-13,2023-12,4,Perfect fit. The material feels premium.,0.7351,Positive,Men Slim Fit Jeans,HIGHLANDER,Slim Fit Jeans,675.0
60,454,46,2023-04-28,2023-04,5,Perfect fit. The material feels premium.,0.7351,Positive,Men Slim Fit Jeans,HIGHLANDER,Slim Fit Jeans,675.0
61,148,27,2023-09-19,2023-09,5,Amazing quality! Totally worth the price.,0.7419,Positive,Men Slim Fit Jeans,French Connection,Slim Fit Jeans,1294.0
62,478,27,2024-03-30,2024-03,5,Amazing quality! Totally worth the price.,0.7419,Positive,Men Slim Fit Jeans,French Connection,Slim Fit Jeans,1294.0
63,410,50,2024-12-15,2024-12,5,Great value for money. Highly recommend.,0.8516,Positive,30 Days No Wash Jeans,TURMS,Denim & Jeans,3499.0
64,440,4,2023-03-21,2023-03,5,Great value for money. Highly recommend.,0.8516,Positive,Relaxed Fit Denim Jeans,Bene Kleed,Relaxed Fit Jeans,873.0
65,154,29,2023-12-04,2023-12,5,Loved the fabric and the fit. Will buy again.,0.7506,Positive,Men Slim Fit Jeans,Roadster,Slim Fit Jeans,681.0
66,191,37,2023-10-06,2023-10,5,Super comfortable jeans. Bought in two colours.,0.802,Positive,Men Straight Fit Jeans,V-Mart,Regular Fit Jeans,809.0
67,112,33,2023-05-10,2023-05,5,Great value for money. Highly recommend.,0.8516,Positive,Men Straight Fit Jeans,glitchez,Regular Fit Jeans,797.0
68,248,39,2023-09-12,2023-09,4,Excellent product. Myntra never disappoints.,0.7081,Positive,Men Regular Fit Jeans,Levis,Regular Fit Jeans,944.0
69,448,22,2023-10-19,2023-10,4,Amazing quality! Totally worth the price.,0.7419,Positive,Men Mid-Rise Skinny Fit Jeans,Mufti,Slim Fit Jeans,1393.0
70,292,45,2023-11-14,2023-11,5,Delivery was quick and product is exactly as described.,0.0,Mixed Positive,Men Wide Leg Cotton Jeans,HIGHLANDER,Wide Leg & Bootcut,1099.0
71,224,28,2023-04-19,2023-04,5,Super comfortable jeans. Bought in two colours.,0.802,Positive,Men Straight Fit Jeans,Mast & Harbour,Regular Fit Jeans,764.0
72,61,10,2024-05-15,2024-05,2,Received a damaged product. Very unhappy.,-0.7178,Negative,Men Jogger Mid-Rise Jeans,styzon,Joggers & Cargo,899.0
73,398,29,2023-06-22,2023-06,4,Delivery was quick and product is exactly as described.,0.0,Mixed Positive,Men Slim Fit Jeans,Roadster,Slim Fit Jeans,681.0
74,155,8,2024-01-20,2024-01,4,Excellent product. Myntra never disappoints.,0.7081,Positive,Men Wide Leg Heavy Fade Jeans,Bene Kleed,Wide Leg & Bootcut,839.0
75,185,13,2024-02-11,2024-02,5,Loved the fabric and the fit. Will buy again.,0.7506,Positive,Men Slim Fit Stretchable Jeans,WROGN,Slim Fit Jeans,1275.0
76,322,13,2024-12-11,2024-12,5,Excellent product. Myntra never disappoints.,0.7081,Positive,Men Slim Fit Stretchable Jeans,WROGN,Slim Fit Jeans,1275.0
77,29,22,2023-02-20,2023-02,4,Super comfortable jeans. Bought in two colours.,0.802,Positive,Men Mid-Rise Skinny Fit Jeans,Mufti,Slim Fit Jeans,1393.0
78,181,23,2023-10-24,2023-10,4,Great value for money. Highly recommend.,0.8516,Positive,Men Stretchable Jeans,Mast & Harbour,Stretchable Jeans,758.0
79,411,12,2024-03-21,2024-03,5,Great value for money. Highly recommend.,0.8516,Positive,Men Relaxed Fit Jeans,styzon,Relaxed Fit Jeans,989.0
80,110,14,2024-11-10,2024-11,5,Beautiful design. Exactly as shown in the photo.,0.5994,Positive,Men Relaxed Fit Mid-Rise Jeans,HIGHLANDER,Relaxed Fit Jeans,769.0
81,213,33,2024-02-29,2024-02,4,Super comfortable jeans. Bought in two colours.,0.802,Positive,Men Straight Fit Jeans,glitchez,Regular Fit Jeans,797.0
82,47,2,2024-08-17,2024-08,1,Received a damaged product. Very unhappy.,-0.7178,Negative,Men Slim Fit Jeans,Flying Machine,Slim Fit Jeans,1829.0
83,190,22,2023-04-01,2023-04,5,Amazing quality! Totally worth the price.,0.7419,Positive,Men Mid-Rise Skinny Fit Jeans,Mufti,Slim Fit Jeans,1393.0
84,368,38,2024-10-02,2024-10,5,Perfect fit. The material feels premium.,0.7351,Positive,Men Bootcut Jeans,Urbano Fashion,Wide Leg & Bootcut,944.0
85,399,40,2023-02-17,2023-02,4,Fits perfectly. Very happy with the purchase.,0.8479,Positive,Men Relaxed Fit Jeans,Roadster,Relaxed Fit Jeans,645.0
86,19,34,2024-03-06,2024-03,5,Fits perfectly. Very happy with the purchase.,0.8479,Positive,Men Bootcut Stretchable Jeans,Thomas Scott,Wide Leg & Bootcut,874.0
87,348,2,2024-10-23,2024-10,5,Perfect fit. The material feels premium.,0.7351,Positive,Men Slim Fit Jeans,Flying Machine,Slim Fit Jeans,1829.0
88,101,39,2024-07-19,2024-07,5,Amazing quality! Totally worth the price.,0.7419,Positive,Men Regular Fit Jeans,Levis,Regular Fit Jeans,944.0
89,83,26,2023-02-14,2023-02,1,Delivery was very late. Poor experience.,-0.5233,Negative,Men Slim Fit Mid-Rise Jeans,The Indian Garage Co,Slim Fit Jeans,659.0
90,376,16,2024-11-25,2024-11,4,Amazing quality! Totally worth the price.,0.7419,Positive,Men Relaxed Fit Jeans,Flying Machine,Relaxed Fit Jeans,2309.0
91,95,1,2023-02-13,2023-02,5,Delivery was quick and product is exactly as described.,0.0,Mixed Positive,Men Loose Fit Cotton Jeans,WROGN,Relaxed Fit Jeans,1374.0
92,87,42,2024-06-15,2024-06,5,Fits perfectly. Very happy with the purchase.,0.8479,Positive,Men Slim Fit Jeans,Nautica,Slim Fit Jeans,1088.0
93,153,19,2024-06-24,2024-06,5,Fast delivery and great packaging.,0.6249,Positive,Men Straight Fit Jeans,Kotty,Regular Fit Jeans,719.0
94,396,29,2024-02-27,2024-02,5,Super comfortable jeans. Bought in two colours.,0.802,Positive,Men Slim Fit Jeans,Roadster,Slim Fit Jeans,681.0
95,379,1,2023-05-19,2023-05,4,Fits perfectly. Very happy with the purchase.,0.8479,Positive,Men Loose Fit Cotton Jeans,WROGN,Relaxed Fit Jeans,1374.0
96,96,48,2023-10-29,2023-10,5,Excellent product. Myntra never disappoints.,0.7081,Positive,Men Bootcut Jeans,HERE&NOW,Wide Leg & Bootcut,869.0
97,158,18,2024-02-27,2024-02,5,Beautiful design. Exactly as shown in the photo.,0.5994,Positive,Men Wide Leg Jeans,Roadster,Wide Leg & Bootcut,999.0
98,392,11,2024-12-01,2024-12,5,Excellent product. Myntra never disappoints.,0.7081,Positive,Men Slim Fit Jeans,Calvin Klein Jeans,Slim Fit Jeans,949.0
99,305,42,2024-03-28,2024-03,5,Delivery was quick and product is exactly as described.,0.0,Mixed Positive,Men Slim Fit Jeans,Nautica,Slim Fit Jeans,1088.0
100,423,20,2024-03-30,2024-03,4,Fast delivery and great packaging.,0.6249,Positive,Men Bootcut Jeans,Mast & Harbour,Wide Leg & Bootcut,869.0
101,340,6,2024-04-01,2024-04,4,Delivery was quick and product is exactly as described.,0.0,Mixed Positive,Men Stretchable Jeans,HERE&NOW,Stretchable Jeans,798.0
102,316,46,2024-08-05,2024-08,4,Excellent product. Myntra never disappoints.,0.7081,Positive,Men Slim Fit Jeans,HIGHLANDER,Slim Fit Jeans,675.0
103,207,20,2024-03-23,2024-03,4,Fast delivery and great packaging.,0.6249,Positive,Men Bootcut Jeans,Mast & Harbour,Wide Leg & Bootcut,869.0
104,321,25,2023-06-06,2023-06,5,Fits perfectly. Very happy with the purchase.,0.8479,Positive,Men Relaxed Fit Jeans,FUGAZEE,Relaxed Fit Jeans,2099.0
105,413,25,2024-08-01,2024-08,5,Delivery was quick and product is exactly as described.,0.0,Mixed Positive,Men Relaxed Fit Jeans,FUGAZEE,Relaxed Fit Jeans,2099.0
106,33,8,2024-06-15,2024-06,4,Delivery was quick and product is exactly as described.,0.0,Mixed Positive,Men Wide Leg Heavy Fade Jeans,Bene Kleed,Wide Leg & Bootcut,839.0
107,125,43,2023-05-30,2023-05,5,Perfect fit. The material feels premium.,0.7351,Positive,Men Mid-Rise Stretchable Jeans,MASTERLY WEFT,Stretchable Jeans,959.0
108,96,4,2023-05-21,2023-05,5,Loved the fabric and the fit. Will buy again.,0.7506,Positive,Relaxed Fit Denim Jeans,Bene Kleed,Relaxed Fit Jeans,873.0
109,28,25,2023-10-04,2023-10,3,Average quality. Nothing special about it.,-0.3089,Neutral,Men Relaxed Fit Jeans,FUGAZEE,Relaxed Fit Jeans,2099.0
110,362,34,2023-11-05,2023-11,5,Fast delivery and great packaging.,0.6249,Positive,Men Bootcut Stretchable Jeans,Thomas Scott,Wide Leg & Bootcut,874.0
111,404,22,2023-09-29,2023-09,5,Super comfortable jeans. Bought in two colours.,0.802,Positive,Men Mid-Rise Skinny Fit Jeans,Mufti,Slim Fit Jeans,1393.0
112,346,50,2023-11-30,2023-11,4,Beautiful design. Exactly as shown in the photo.,0.5994,Positive,30 Days No Wash Jeans,TURMS,Denim & Jeans,3499.0
113,423,30,2024-01-16,2024-01,4,Beautiful design. Exactly as shown in the photo.,0.5994,Positive,Men Slim Tapered Fit Jeans,Mast & Harbour,Slim Fit Jeans,701.0
114,173,5,2023-12-28,2023-12,5,Perfect fit. The material feels premium.,0.7351,Positive,Men 511 Slim Fit Jeans,Levis,Slim Fit Jeans,1478.0
115,334,28,2024-05-05,2024-05,5,Loved the fabric and the fit. Will buy again.,0.7506,Positive,Men Straight Fit Jeans,Mast & Harbour,Regular Fit Jeans,764.0
116,469,15,2024-02-29,2024-02,4,Excellent product. Myntra never disappoints.,0.7081,Positive,Men Mid-Rise Boot Cut Jeans,Bene Kleed,Denim & Jeans,873.0
117,182,13,2024-03-20,2024-03,3,Decent product but could be better for the price.,0.5927,Neutral,Men Slim Fit Stretchable Jeans,WROGN,Slim Fit Jeans,1275.0
118,45,44,2023-06-04,2023-06,5,Excellent product. Myntra never disappoints.,0.7081,Positive,Men Baggy Loose Jeans,glitchez,Relaxed Fit Jeans,747.0
119,71,4,2024-01-13,2024-01,5,Super comfortable jeans. Bought in two colours.,0.802,Positive,Relaxed Fit Denim Jeans,Bene Kleed,Relaxed Fit Jeans,873.0
120,178,43,2024-06-24,2024-06,3,Decent product but could be better for the price.,0.5927,Neutral,Men Mid-Rise Stretchable Jeans,MASTERLY WEFT,Stretchable Jeans,959.0
121,52,16,2024-10-04,2024-10,5,Amazing quality! Totally worth the price.,0.7419,Positive,Men Relaxed Fit Jeans,Flying Machine,Relaxed Fit Jeans,2309.0
122,135,13,2024-10-02,2024-10,3,Material is fine but the colour is slightly different.,0.1027,Neutral,Men Slim Fit Stretchable Jeans,WROGN,Slim Fit Jeans,1275.0
123,461,28,2024-05-02,2024-05,5,Loved the fabric and the fit. Will buy again.,0.7506,Positive,Men Straight Fit Jeans,Mast & Harbour,Regular Fit Jeans,764.0
124,355,46,2024-08-28,2024-08,4,Fits perfectly. Very happy with the purchase.,0.8479,Positive,Men Slim Fit Jeans,HIGHLANDER,Slim Fit Jeans,675.0
125,1,26,2023-04-09,2023-04,1,Product looks different from the photo online.,0.0,Mixed Negative,Men Slim Fit Mid-Rise Jeans,The Indian Garage Co,Slim Fit Jeans,659.0
126,23,3,2024-05-17,2024-05,1,Material feels cheap. Not worth the price at all.,-0.1695,Negative,Men Pure Cotton Jeans,Roadster,Denim & Jeans,974.0
127,236,42,2023-12-24,2023-12,4,Loved the fabric and the fit. Will buy again.,0.7506,Positive,Men Slim Fit Jeans,Nautica,Slim Fit Jeans,1088.0
128,317,39,2024-01-06,2024-01,5,Excellent product. Myntra never disappoints.,0.7081,Positive,Men Regular Fit Jeans,Levis,Regular Fit Jeans,944.0
129,316,40,2023-12-26,2023-12,1,Size runs small. Return process is very difficult.,-0.4201,Negative,Men Relaxed Fit Jeans,Roadster,Relaxed Fit Jeans,645.0
130,421,13,2024-05-30,2024-05,4,Fast delivery and great packaging.,0.6249,Positive,Men Slim Fit Stretchable Jeans,WROGN,Slim Fit Jeans,1275.0
131,64,15,2024-01-11,2024-01,1,Quality is below average. Not what I expected.,0.0,Mixed Negative,Men Mid-Rise Boot Cut Jeans,Bene Kleed,Denim & Jeans,873.0
132,56,26,2023-05-24,2023-05,1,Delivery was very late. Poor experience.,-0.5233,Negative,Men Slim Fit Mid-Rise Jeans,The Indian Garage Co,Slim Fit Jeans,659.0
133,422,30,2023-07-25,2023-07,5,Super comfortable jeans. Bought in two colours.,0.802,Positive,Men Slim Tapered Fit Jeans,Mast & Harbour,Slim Fit Jeans,701.0
134,146,16,2023-02-14,2023-02,2,The jeans are too tight at the waist. Sizing is off.,0.0,Mixed Negative,Men Relaxed Fit Jeans,Flying Machine,Relaxed Fit Jeans,2309.0
135,92,27,2023-03-31,2023-03,2,Size runs small. Return process is very difficult.,-0.4201,Negative,Men Slim Fit Jeans,French Connection,Slim Fit Jeans,1294.0
136,104,26,2023-08-15,2023-08,4,Great value for money. Highly recommend.,0.8516,Positive,Men Slim Fit Mid-Rise Jeans,The Indian Garage Co,Slim Fit Jeans,659.0
137,215,49,2023-01-23,2023-01,2,Stitching came off within a week. Terrible quality.,-0.4767,Negative,Non Stretchable Cotton Jeans,Flying Machine,Stretchable Jeans,1829.0
138,234,9,2024-03-07,2024-03,2,The jeans are too tight at the waist. Sizing is off.,0.0,Mixed Negative,Men Regular Fit Mid-Rise Jeans,Roadster,Regular Fit Jeans,759.0
139,74,30,2023-02-28,2023-02,5,Fits perfectly. Very happy with the purchase.,0.8479,Positive,Men Slim Tapered Fit Jeans,Mast & Harbour,Slim Fit Jeans,701.0
140,463,48,2023-12-31,2023-12,5,Fast delivery and great packaging.,0.6249,Positive,Men Bootcut Jeans,HERE&NOW,Wide Leg & Bootcut,869.0
141,2,21,2024-08-15,2024-08,5,Beautiful design. Exactly as shown in the photo.,0.5994,Positive,Men Low-Rise Cargo  Jeans,Kotty,Joggers & Cargo,639.0
142,358,34,2023-03-27,2023-03,4,Fast delivery and great packaging.,0.6249,Positive,Men Bootcut Stretchable Jeans,Thomas Scott,Wide Leg & Bootcut,874.0
143,415,12,2023-07-27,2023-07,2,Stitching came off within a week. Terrible quality.,-0.4767,Negative,Men Relaxed Fit Jeans,styzon,Relaxed Fit Jeans,989.0
144,390,45,2023-08-24,2023-08,5,Great value for money. Highly recommend.,0.8516,Positive,Men Wide Leg Cotton Jeans,HIGHLANDER,Wide Leg & Bootcut,1099.0
145,145,47,2024-06-26,2024-06,5,Amazing quality! Totally worth the price.,0.7419,Positive,Plus Size Stretchable Jeans,Sztori,Stretchable Jeans,863.0
146,170,31,2024-03-04,2024-03,5,Great value for money. Highly recommend.,0.8516,Positive,Men Pure Cotton Skater Jeans,The Indian Garage Co,Denim & Jeans,688.0
147,362,34,2023-04-21,2023-04,5,Super comfortable jeans. Bought in two colours.,0.802,Positive,Men Bootcut Stretchable Jeans,Thomas Scott,Wide Leg & Bootcut,874.0
148,212,48,2023-09-29,2023-09,3,Average quality. Nothing special about it.,-0.3089,Neutral,Men Bootcut Jeans,HERE&NOW,Wide Leg & Bootcut,869.0
149,294,2,2023-04-24,2023-04,5,Great value for money. Highly recommend.,0.8516,Positive,Men Slim Fit Jeans,Flying Machine,Slim Fit Jeans,1829.0
150,464,5,2024-10-30,2024-10,2,Quality is below average. Not what I expected.,0.0,Mixed Negative,Men 511 Slim Fit Jeans,Levis,Slim Fit Jeans,1478.0
151,51,4,2023-11-20,2023-11,4,Excellent product. Myntra never disappoints.,0.7081,Positive,Relaxed Fit Denim Jeans,Bene Kleed,Relaxed Fit Jeans,873.0
152,115,27,2023-09-11,2023-09,5,Fits perfectly. Very happy with the purchase.,0.8479,Positive,Men Slim Fit Jeans,French Connection,Slim Fit Jeans,1294.0
153,359,20,2024-01-13,2024-01,3,Average quality. Nothing special about it.,-0.3089,Neutral,Men Bootcut Jeans,Mast & Harbour,Wide Leg & Bootcut,869.0
154,62,26,2023-10-16,2023-10,3,Decent product but could be better for the price.,0.5927,Neutral,Men Slim Fit Mid-Rise Jeans,The Indian Garage Co,Slim Fit Jeans,659.0
155,328,42,2023-02-03,2023-02,5,Excellent product. Myntra never disappoints.,0.7081,Positive,Men Slim Fit Jeans,Nautica,Slim Fit Jeans,1088.0
156,226,4,2023-10-04,2023-10,2,The jeans are too tight at the waist. Sizing is off.,0.0,Mixed Negative,Relaxed Fit Denim Jeans,Bene Kleed,Relaxed Fit Jeans,873.0
157,87,36,2024-09-29,2024-09,2,Size runs small. Return process is very difficult.,-0.4201,Negative,Men Straight Fit Jeans,Bene Kleed,Regular Fit Jeans,989.0
158,420,37,2024-10-04,2024-10,5,Fits perfectly. Very happy with the purchase.,0.8479,Positive,Men Straight Fit Jeans,V-Mart,Regular Fit Jeans,809.0
159,192,25,2024-07-06,2024-07,5,Fast delivery and great packaging.,0.6249,Positive,Men Relaxed Fit Jeans,FUGAZEE,Relaxed Fit Jeans,2099.0
160,182,39,2023-02-07,2023-02,5,Super comfortable jeans. Bought in two colours.,0.802,Positive,Men Regular Fit Jeans,Levis,Regular Fit Jeans,944.0
161,16,49,2023-09-02,2023-09,2,The color faded after first wash. Very disappointing.,-0.5413,Negative,Non Stretchable Cotton Jeans,Flying Machine,Stretchable Jeans,1829.0
162,43,50,2024-08-26,2024-08,5,Amazing quality! Totally worth the price.,0.7419,Positive,30 Days No Wash Jeans,TURMS,Denim & Jeans,3499.0
163,250,38,2023-03-17,2023-03,4,Perfect fit. The material feels premium.,0.7351,Positive,Men Bootcut Jeans,Urbano Fashion,Wide Leg & Bootcut,944.0
164,309,46,2024-06-15,2024-06,3,Not bad but not great either. Fits okay.,-0.2883,Neutral,Men Slim Fit Jeans,HIGHLANDER,Slim Fit Jeans,675.0
165,152,23,2024-10-06,2024-10,5,Excellent product. Myntra never disappoints.,0.7081,Positive,Men Stretchable Jeans,Mast & Harbour,Stretchable Jeans,758.0
166,240,2,2024-01-13,2024-01,5,Great value for money. Highly recommend.,0.8516,Positive,Men Slim Fit Jeans,Flying Machine,Slim Fit Jeans,1829.0
167,201,12,2023-09-25,2023-09,5,Beautiful design. Exactly as shown in the photo.,0.5994,Positive,Men Relaxed Fit Jeans,styzon,Relaxed Fit Jeans,989.0
168,76,42,2024-03-11,2024-03,5,Super comfortable jeans. Bought in two colours.,0.802,Positive,Men Slim Fit Jeans,Nautica,Slim Fit Jeans,1088.0
169,211,2,2023-06-13,2023-06,5,Loved the fabric and the fit. Will buy again.,0.7506,Positive,Men Slim Fit Jeans,Flying Machine,Slim Fit Jeans,1829.0
170,63,36,2023-03-08,2023-03,5,Beautiful design. Exactly as shown in the photo.,0.5994,Positive,Men Straight Fit Jeans,Bene Kleed,Regular Fit Jeans,989.0
171,454,15,2024-09-12,2024-09,4,Amazing quality! Totally worth the price.,0.7419,Positive,Men Mid-Rise Boot Cut Jeans,Bene Kleed,Denim & Jeans,873.0
172,433,37,2023-10-13,2023-10,4,Amazing quality! Totally worth the price.,0.7419,Positive,Men Straight Fit Jeans,V-Mart,Regular Fit Jeans,809.0
173,447,13,2023-02-20,2023-02,1,Material feels cheap. Not worth the price at all.,-0.1695,Negative,Men Slim Fit Stretchable Jeans,WROGN,Slim Fit Jeans,1275.0
174,13,23,2024-06-24,2024-06,5,Super comfortable jeans. Bought in two colours.,0.802,Positive,Men Stretchable Jeans,Mast & Harbour,Stretchable Jeans,758.0
175,402,4,2024-05-22,2024-05,5,Perfect fit. The material feels premium.,0.7351,Positive,Relaxed Fit Denim Jeans,Bene Kleed,Relaxed Fit Jeans,873.0
176,67,7,2024-06-02,2024-06,2,Received a damaged product. Very unhappy.,-0.7178,Negative,Men Relaxed Fit Jeans,Urbano Fashion,Relaxed Fit Jeans,944.0
177,466,26,2024-09-06,2024-09,2,Customer support was unhelpful when I raised an issue.,0.4019,Mixed Negative,Men Slim Fit Mid-Rise Jeans,The Indian Garage Co,Slim Fit Jeans,659.0
178,163,39,2024-10-12,2024-10,4,Amazing quality! Totally worth the price.,0.7419,Positive,Men Regular Fit Jeans,Levis,Regular Fit Jeans,944.0
179,77,3,2023-06-21,2023-06,4,Delivery was quick and product is exactly as described.,0.0,Mixed Positive,Men Pure Cotton Jeans,Roadster,Denim & Jeans,974.0
180,439,47,2023-09-03,2023-09,4,Fast delivery and great packaging.,0.6249,Positive,Plus Size Stretchable Jeans,Sztori,Stretchable Jeans,863.0
181,313,12,2024-11-17,2024-11,5,Super comfortable jeans. Bought in two colours.,0.802,Positive,Men Relaxed Fit Jeans,styzon,Relaxed Fit Jeans,989.0
182,383,18,2024-04-23,2024-04,4,Amazing quality! Totally worth the price.,0.7419,Positive,Men Wide Leg Jeans,Roadster,Wide Leg & Bootcut,999.0
183,278,8,2024-01-07,2024-01,5,Perfect fit. The material feels premium.,0.7351,Positive,Men Wide Leg Heavy Fade Jeans,Bene Kleed,Wide Leg & Bootcut,839.0
184,231,19,2024-06-05,2024-06,5,Fast delivery and great packaging.,0.6249,Positive,Men Straight Fit Jeans,Kotty,Regular Fit Jeans,719.0
185,476,40,2024-09-20,2024-09,4,Delivery was quick and product is exactly as described.,0.0,Mixed Positive,Men Relaxed Fit Jeans,Roadster,Relaxed Fit Jeans,645.0
186,121,24,2024-07-03,2024-07,5,Great value for money. Highly recommend.,0.8516,Positive,Men Slim Fit Jeans,Urbano Fashion,Slim Fit Jeans,629.0
187,180,10,2023-07-01,2023-07,4,Delivery was quick and product is exactly as described.,0.0,Mixed Positive,Men Jogger Mid-Rise Jeans,styzon,Joggers & Cargo,899.0
188,457,17,2024-01-25,2024-01,5,Fast delivery and great packaging.,0.6249,Positive,Men Low-Rise Jeans,Kotty,Denim & Jeans,519.0
189,58,37,2024-05-17,2024-05,4,Delivery was quick and product is exactly as described.,0.0,Mixed Positive,Men Straight Fit Jeans,V-Mart,Regular Fit Jeans,809.0
190,190,16,2023-08-04,2023-08,2,Stitching came off within a week. Terrible quality.,-0.4767,Negative,Men Relaxed Fit Jeans,Flying Machine,Relaxed Fit Jeans,2309.0
191,245,36,2024-07-22,2024-07,5,Fits perfectly. Very happy with the purchase.,0.8479,Positive,Men Straight Fit Jeans,Bene Kleed,Regular Fit Jeans,989.0
192,409,48,2024-06-11,2024-06,3,Okay product. Expected more based on the description.,0.2263,Neutral,Men Bootcut Jeans,HERE&NOW,Wide Leg & Bootcut,869.0
193,92,28,2023-12-06,2023-12,5,Super comfortable jeans. Bought in two colours.,0.802,Positive,Men Straight Fit Jeans,Mast & Harbour,Regular Fit Jeans,764.0
194,490,32,2024-07-16,2024-07,5,Amazing quality! Totally worth the price.,0.7419,Positive,Men Relaxed Fit Jeans,The Indian Garage Co,Relaxed Fit Jeans,808.0
195,207,38,2023-06-11,2023-06,4,Perfect fit. The material feels premium.,0.7351,Positive,Men Bootcut Jeans,Urbano Fashion,Wide Leg & Bootcut,944.0
196,232,15,2023-05-06,2023-05,5,Delivery was quick and product is exactly as described.,0.0,Mixed Positive,Men Mid-Rise Boot Cut Jeans,Bene Kleed,Denim & Jeans,873.0
197,43,29,2023-08-15,2023-08,5,Loved the fabric and the fit. Will buy again.,0.7506,Positive,Men Slim Fit Jeans,Roadster,Slim Fit Jeans,681.0
198,407,16,2023-01-09,2023-01,5,Perfect fit. The material feels premium.,0.7351,Positive,Men Relaxed Fit Jeans,Flying Machine,Relaxed Fit Jeans,2309.0
199,192,49,2024-03-25,2024-03,5,Excellent product. Myntra never disappoints.,0.7081,Positive,Non Stretchable Cotton Jeans,Flying Machine,Stretchable Jeans,1829.0
200,339,32,2024-12-10,2024-12,5,Amazing quality! Totally worth the price.,0.7419,Positive,Men Relaxed Fit Jeans,The Indian Garage Co,Relaxed Fit Jeans,808.0
201,469,9,2023-03-17,2023-03,5,Delivery was quick and product is exactly as described.,0.0,Mixed Positive,Men Regular Fit Mid-Rise Jeans,Roadster,Regular Fit Jeans,759.0
202,127,33,2023-12-25,2023-12,5,Fits perfectly. Very happy with the purchase.,0.8479,Positive,Men Straight Fit Jeans,glitchez,Regular Fit Jeans,797.0
203,17,38,2023-12-27,2023-12,5,Fast delivery and great packaging.,0.6249,Positive,Men Bootcut Jeans,Urbano Fashion,Wide Leg & Bootcut,944.0
204,18,47,2024-06-11,2024-06,2,The jeans are too tight at the waist. Sizing is off.,0.0,Mixed Negative,Plus Size Stretchable Jeans,Sztori,Stretchable Jeans,863.0
205,330,23,2024-04-06,2024-04,5,Beautiful design. Exactly as shown in the photo.,0.5994,Positive,Men Stretchable Jeans,Mast & Harbour,Stretchable Jeans,758.0
206,296,7,2023-07-24,2023-07,5,Loved the fabric and the fit. Will buy again.,0.7506,Positive,Men Relaxed Fit Jeans,Urbano Fashion,Relaxed Fit Jeans,944.0
207,413,34,2023-01-05,2023-01,4,Beautiful design. Exactly as shown in the photo.,0.5994,Positive,Men Bootcut Stretchable Jeans,Thomas Scott,Wide Leg & Bootcut,874.0
208,117,50,2023-10-06,2023-10,5,Great value for money. Highly recommend.,0.8516,Positive,30 Days No Wash Jeans,TURMS,Denim & Jeans,3499.0
209,9,20,2023-03-11,2023-03,5,Excellent product. Myntra never disappoints.,0.7081,Positive,Men Bootcut Jeans,Mast & Harbour,Wide Leg & Bootcut,869.0
210,319,13,2023-09-24,2023-09,2,The jeans are too tight at the waist. Sizing is off.,0.0,Mixed Negative,Men Slim Fit Stretchable Jeans,WROGN,Slim Fit Jeans,1275.0
211,55,34,2023-01-02,2023-01,4,Delivery was quick and product is exactly as described.,0.0,Mixed Positive,Men Bootcut Stretchable Jeans,Thomas Scott,Wide Leg & Bootcut,874.0
212,313,40,2024-03-01,2024-03,5,Perfect fit. The material feels premium.,0.7351,Positive,Men Relaxed Fit Jeans,Roadster,Relaxed Fit Jeans,645.0
213,301,16,2024-10-04,2024-10,5,Fits perfectly. Very happy with the purchase.,0.8479,Positive,Men Relaxed Fit Jeans,Flying Machine,Relaxed Fit Jeans,2309.0
214,455,41,2024-05-29,2024-05,4,Great value for money. Highly recommend.,0.8516,Positive,Men Tapered Fit Jeans,Flying Machine,Denim & Jeans,1829.0
215,154,30,2023-07-13,2023-07,1,Delivery was very late. Poor experience.,-0.5233,Negative,Men Slim Tapered Fit Jeans,Mast & Harbour,Slim Fit Jeans,701.0
216,147,44,2024-02-26,2024-02,4,Amazing quality! Totally worth the price.,0.7419,Positive,Men Baggy Loose Jeans,glitchez,Relaxed Fit Jeans,747.0
217,146,27,2023-11-28,2023-11,3,Average quality. Nothing special about it.,-0.3089,Neutral,Men Slim Fit Jeans,French Connection,Slim Fit Jeans,1294.0
218,175,46,2023-08-25,2023-08,5,Amazing quality! Totally worth the price.,0.7419,Positive,Men Slim Fit Jeans,HIGHLANDER,Slim Fit Jeans,675.0
219,340,16,2023-05-28,2023-05,4,Beautiful design. Exactly as shown in the photo.,0.5994,Positive,Men Relaxed Fit Jeans,Flying Machine,Relaxed Fit Jeans,2309.0
220,127,43,2024-03-31,2024-03,5,Amazing quality! Totally worth the price.,0.7419,Positive,Men Mid-Rise Stretchable Jeans,MASTERLY WEFT,Stretchable Jeans,959.0
221,475,22,2024-10-01,2024-10,4,Excellent product. Myntra never disappoints.,0.7081,Positive,Men Mid-Rise Skinny Fit Jeans,Mufti,Slim Fit Jeans,1393.0
222,26,27,2024-11-08,2024-11,5,Excellent product. Myntra never disappoints.,0.7081,Positive,Men Slim Fit Jeans,French Connection,Slim Fit Jeans,1294.0
223,27,29,2023-03-20,2023-03,1,The color faded after first wash. Very disappointing.,-0.5413,Negative,Men Slim Fit Jeans,Roadster,Slim Fit Jeans,681.0
224,39,17,2023-05-17,2023-05,5,Great value for money. Highly recommend.,0.8516,Positive,Men Low-Rise Jeans,Kotty,Denim & Jeans,519.0
225,85,19,2023-06-24,2023-06,5,Fast delivery and great packaging.,0.6249,Positive,Men Straight Fit Jeans,Kotty,Regular Fit Jeans,719.0
226,22,39,2024-06-10,2024-06,5,Super comfortable jeans. Bought in two colours.,0.802,Positive,Men Regular Fit Jeans,Levis,Regular Fit Jeans,944.0
227,139,8,2023-12-10,2023-12,4,Excellent product. Myntra never disappoints.,0.7081,Positive,Men Wide Leg Heavy Fade Jeans,Bene Kleed,Wide Leg & Bootcut,839.0
228,72,34,2023-01-13,2023-01,3,Average quality. Nothing special about it.,-0.3089,Neutral,Men Bootcut Stretchable Jeans,Thomas Scott,Wide Leg & Bootcut,874.0
229,357,49,2024-03-17,2024-03,4,Delivery was quick and product is exactly as described.,0.0,Mixed Positive,Non Stretchable Cotton Jeans,Flying Machine,Stretchable Jeans,1829.0
230,342,24,2023-04-12,2023-04,5,Perfect fit. The material feels premium.,0.7351,Positive,Men Slim Fit Jeans,Urbano Fashion,Slim Fit Jeans,629.0
231,91,48,2023-12-04,2023-12,5,Perfect fit. The material feels premium.,0.7351,Positive,Men Bootcut Jeans,HERE&NOW,Wide Leg & Bootcut,869.0
232,442,8,2024-08-21,2024-08,5,Delivery was quick and product is exactly as described.,0.0,Mixed Positive,Men Wide Leg Heavy Fade Jeans,Bene Kleed,Wide Leg & Bootcut,839.0
233,467,39,2024-08-19,2024-08,5,Fast delivery and great packaging.,0.6249,Positive,Men Regular Fit Jeans,Levis,Regular Fit Jeans,944.0
234,111,33,2023-03-28,2023-03,4,Fast delivery and great packaging.,0.6249,Positive,Men Straight Fit Jeans,glitchez,Regular Fit Jeans,797.0
235,62,19,2024-08-17,2024-08,5,Beautiful design. Exactly as shown in the photo.,0.5994,Positive,Men Straight Fit Jeans,Kotty,Regular Fit Jeans,719.0
236,425,11,2023-05-04,2023-05,5,Beautiful design. Exactly as shown in the photo.,0.5994,Positive,Men Slim Fit Jeans,Calvin Klein Jeans,Slim Fit Jeans,949.0
237,78,4,2023-02-13,2023-02,5,Amazing quality! Totally worth the price.,0.7419,Positive,Relaxed Fit Denim Jeans,Bene Kleed,Relaxed Fit Jeans,873.0
238,317,33,2024-03-22,2024-03,5,Perfect fit. The material feels premium.,0.7351,Positive,Men Straight Fit Jeans,glitchez,Regular Fit Jeans,797.0
239,279,5,2023-11-01,2023-11,5,Perfect fit. The material feels premium.,0.7351,Positive,Men 511 Slim Fit Jeans,Levis,Slim Fit Jeans,1478.0
240,64,16,2024-09-06,2024-09,5,Loved the fabric and the fit. Will buy again.,0.7506,Positive,Men Relaxed Fit Jeans,Flying Machine,Relaxed Fit Jeans,2309.0
241,488,7,2024-09-13,2024-09,5,Super comfortable jeans. Bought in two colours.,0.802,Positive,Men Relaxed Fit Jeans,Urbano Fashion,Relaxed Fit Jeans,944.0
242,64,21,2024-08-13,2024-08,5,Excellent product. Myntra never disappoints.,0.7081,Positive,Men Low-Rise Cargo  Jeans,Kotty,Joggers & Cargo,639.0
243,457,7,2023-01-27,2023-01,3,Average quality. Nothing special about it.,-0.3089,Neutral,Men Relaxed Fit Jeans,Urbano Fashion,Relaxed Fit Jeans,944.0
244,53,23,2023-08-11,2023-08,2,Quality is below average. Not what I expected.,0.0,Mixed Negative,Men Stretchable Jeans,Mast & Harbour,Stretchable Jeans,758.0
245,149,12,2023-08-30,2023-08,4,Perfect fit. The material feels premium.,0.7351,Positive,Men Relaxed Fit Jeans,styzon,Relaxed Fit Jeans,989.0
246,203,12,2023-09-15,2023-09,5,Amazing quality! Totally worth the price.,0.7419,Positive,Men Relaxed Fit Jeans,styzon,Relaxed Fit Jeans,989.0
247,6,9,2023-06-11,2023-06,5,Super comfortable jeans. Bought in two colours.,0.802,Positive,Men Regular Fit Mid-Rise Jeans,Roadster,Regular Fit Jeans,759.0
248,410,3,2024-03-27,2024-03,4,Excellent product. Myntra never disappoints.,0.7081,Positive,Men Pure Cotton Jeans,Roadster,Denim & Jeans,974.0
249,317,47,2023-05-18,2023-05,5,Super comfortable jeans. Bought in two colours.,0.802,Positive,Plus Size Stretchable Jeans,Sztori,Stretchable Jeans,863.0
250,466,28,2024-12-24,2024-12,3,Material is fine but the colour is slightly different.,0.1027,Neutral,Men Straight Fit Jeans,Mast & Harbour,Regular Fit Jeans,764.0
251,449,32,2024-12-18,2024-12,5,Super comfortable jeans. Bought in two colours.,0.802,Positive,Men Relaxed Fit Jeans,The Indian Garage Co,Relaxed Fit Jeans,808.0
252,92,19,2023-12-13,2023-12,4,Loved the fabric and the fit. Will buy again.,0.7506,Positive,Men Straight Fit Jeans,Kotty,Regular Fit Jeans,719.0
253,19,24,2024-12-16,2024-12,5,Amazing quality! Totally worth the price.,0.7419,Positive,Men Slim Fit Jeans,Urbano Fashion,Slim Fit Jeans,629.0
254,366,32,2024-09-04,2024-09,5,Amazing quality! Totally worth the price.,0.7419,Positive,Men Relaxed Fit Jeans,The Indian Garage Co,Relaxed Fit Jeans,808.0
255,177,18,2023-05-21,2023-05,5,Loved the fabric and the fit. Will buy again.,0.7506,Positive,Men Wide Leg Jeans,Roadster,Wide Leg & Bootcut,999.0
256,273,38,2024-11-13,2024-11,3,Okay product. Expected more based on the description.,0.2263,Neutral,Men Bootcut Jeans,Urbano Fashion,Wide Leg & Bootcut,944.0
257,386,47,2024-03-20,2024-03,5,Delivery was quick and product is exactly as described.,0.0,Mixed Positive,Plus Size Stretchable Jeans,Sztori,Stretchable Jeans,863.0
258,113,36,2023-07-09,2023-07,5,Fits perfectly. Very happy with the purchase.,0.8479,Positive,Men Straight Fit Jeans,Bene Kleed,Regular Fit Jeans,989.0
259,98,25,2024-08-13,2024-08,5,Perfect fit. The material feels premium.,0.7351,Positive,Men Relaxed Fit Jeans,FUGAZEE,Relaxed Fit Jeans,2099.0
260,219,34,2024-10-28,2024-10,5,Loved the fabric and the fit. Will buy again.,0.7506,Positive,Men Bootcut Stretchable Jeans,Thomas Scott,Wide Leg & Bootcut,874.0
261,181,30,2023-08-26,2023-08,1,Quality is below average. Not what I expected.,0.0,Mixed Negative,Men Slim Tapered Fit Jeans,Mast & Harbour,Slim Fit Jeans,701.0
262,297,16,2024-01-12,2024-01,5,Fits perfectly. Very happy with the purchase.,0.8479,Positive,Men Relaxed Fit Jeans,Flying Machine,Relaxed Fit Jeans,2309.0
263,96,44,2024-08-30,2024-08,1,Delivery was very late. Poor experience.,-0.5233,Negative,Men Baggy Loose Jeans,glitchez,Relaxed Fit Jeans,747.0
264,369,4,2024-04-23,2024-04,2,The color faded after first wash. Very disappointing.,-0.5413,Negative,Relaxed Fit Denim Jeans,Bene Kleed,Relaxed Fit Jeans,873.0
265,254,31,2023-01-04,2023-01,4,Super comfortable jeans. Bought in two colours.,0.802,Positive,Men Pure Cotton Skater Jeans,The Indian Garage Co,Denim & Jeans,688.0
266,290,19,2023-11-01,2023-11,4,Perfect fit. The material feels premium.,0.7351,Positive,Men Straight Fit Jeans,Kotty,Regular Fit Jeans,719.0
267,401,23,2023-07-22,2023-07,5,Delivery was quick and product is exactly as described.,0.0,Mixed Positive,Men Stretchable Jeans,Mast & Harbour,Stretchable Jeans,758.0
268,394,5,2023-05-09,2023-05,4,Perfect fit. The material feels premium.,0.7351,Positive,Men 511 Slim Fit Jeans,Levis,Slim Fit Jeans,1478.0
269,38,40,2024-01-03,2024-01,3,Decent product but could be better for the price.,0.5927,Neutral,Men Relaxed Fit Jeans,Roadster,Relaxed Fit Jeans,645.0
270,384,11,2023-10-12,2023-10,5,Excellent product. Myntra never disappoints.,0.7081,Positive,Men Slim Fit Jeans,Calvin Klein Jeans,Slim Fit Jeans,949.0
271,419,13,2023-07-20,2023-07,3,Okay product. Expected more based on the description.,0.2263,Neutral,Men Slim Fit Stretchable Jeans,WROGN,Slim Fit Jeans,1275.0
272,298,27,2023-04-09,2023-04,5,Great value for money. Highly recommend.,0.8516,Positive,Men Slim Fit Jeans,French Connection,Slim Fit Jeans,1294.0
273,14,39,2023-04-12,2023-04,3,Okay product. Expected more based on the description.,0.2263,Neutral,Men Regular Fit Jeans,Levis,Regular Fit Jeans,944.0
274,118,26,2024-03-15,2024-03,4,Excellent product. Myntra never disappoints.,0.7081,Positive,Men Slim Fit Mid-Rise Jeans,The Indian Garage Co,Slim Fit Jeans,659.0
275,129,5,2023-02-01,2023-02,5,Delivery was quick and product is exactly as described.,0.0,Mixed Positive,Men 511 Slim Fit Jeans,Levis,Slim Fit Jeans,1478.0
276,122,17,2023-05-25,2023-05,4,Super comfortable jeans. Bought in two colours.,0.802,Positive,Men Low-Rise Jeans,Kotty,Denim & Jeans,519.0
277,445,3,2024-04-22,2024-04,2,The jeans are too tight at the waist. Sizing is off.,0.0,Mixed Negative,Men Pure Cotton Jeans,Roadster,Denim & Jeans,974.0
278,111,41,2023-06-26,2023-06,5,Fits perfectly. Very happy with the purchase.,0.8479,Positive,Men Tapered Fit Jeans,Flying Machine,Denim & Jeans,1829.0
279,455,34,2023-03-06,2023-03,5,Fast delivery and great packaging.,0.6249,Positive,Men Bootcut Stretchable Jeans,Thomas Scott,Wide Leg & Bootcut,874.0
280,346,29,2023-11-11,2023-11,5,Delivery was quick and product is exactly as described.,0.0,Mixed Positive,Men Slim Fit Jeans,Roadster,Slim Fit Jeans,681.0
281,37,11,2023-05-03,2023-05,5,Great value for money. Highly recommend.,0.8516,Positive,Men Slim Fit Jeans,Calvin Klein Jeans,Slim Fit Jeans,949.0
282,457,14,2024-05-24,2024-05,4,Great value for money. Highly recommend.,0.8516,Positive,Men Relaxed Fit Mid-Rise Jeans,HIGHLANDER,Relaxed Fit Jeans,769.0
283,54,2,2023-09-02,2023-09,1,Product looks different from the photo online.,0.0,Mixed Negative,Men Slim Fit Jeans,Flying Machine,Slim Fit Jeans,1829.0
284,419,28,2023-02-25,2023-02,5,Perfect fit. The material feels premium.,0.7351,Positive,Men Straight Fit Jeans,Mast & Harbour,Regular Fit Jeans,764.0
285,345,2,2023-09-23,2023-09,5,Great value for money. Highly recommend.,0.8516,Positive,Men Slim Fit Jeans,Flying Machine,Slim Fit Jeans,1829.0
286,361,27,2023-09-07,2023-09,1,Material feels cheap. Not worth the price at all.,-0.1695,Negative,Men Slim Fit Jeans,French Connection,Slim Fit Jeans,1294.0
287,67,5,2023-02-15,2023-02,4,Great value for money. Highly recommend.,0.8516,Positive,Men 511 Slim Fit Jeans,Levis,Slim Fit Jeans,1478.0
288,45,29,2024-07-11,2024-07,5,Excellent product. Myntra never disappoints.,0.7081,Positive,Men Slim Fit Jeans,Roadster,Slim Fit Jeans,681.0
289,325,36,2024-03-10,2024-03,1,Material feels cheap. Not worth the price at all.,-0.1695,Negative,Men Straight Fit Jeans,Bene Kleed,Regular Fit Jeans,989.0
290,389,5,2023-07-08,2023-07,4,Super comfortable jeans. Bought in two colours.,0.802,Positive,Men 511 Slim Fit Jeans,Levis,Slim Fit Jeans,1478.0
291,108,43,2023-01-12,2023-01,4,Delivery was quick and product is exactly as described.,0.0,Mixed Positive,Men Mid-Rise Stretchable Jeans,MASTERLY WEFT,Stretchable Jeans,959.0
292,254,17,2024-11-11,2024-11,2,Quality is below average. Not what I expected.,0.0,Mixed Negative,Men Low-Rise Jeans,Kotty,Denim & Jeans,519.0
293,211,24,2023-02-14,2023-02,3,Average quality. Nothing special about it.,-0.3089,Neutral,Men Slim Fit Jeans,Urbano Fashion,Slim Fit Jeans,629.0
294,1,5,2024-02-09,2024-02,1,Quality is below average. Not what I expected.,0.0,Mixed Negative,Men 511 Slim Fit Jeans,Levis,Slim Fit Jeans,1478.0
295,188,22,2023-12-11,2023-12,1,Product looks different from the photo online.,0.0,Mixed Negative,Men Mid-Rise Skinny Fit Jeans,Mufti,Slim Fit Jeans,1393.0
296,390,10,2024-04-28,2024-04,5,Super comfortable jeans. Bought in two colours.,0.802,Positive,Men Jogger Mid-Rise Jeans,styzon,Joggers & Cargo,899.0
297,217,49,2024-01-01,2024-01,5,Loved the fabric and the fit. Will buy again.,0.7506,Positive,Non Stretchable Cotton Jeans,Flying Machine,Stretchable Jeans,1829.0
298,407,50,2024-01-22,2024-01,5,Super comfortable jeans. Bought in two colours.,0.802,Positive,30 Days No Wash Jeans,TURMS,Denim & Jeans,3499.0
299,482,38,2024-07-26,2024-07,1,Material feels cheap. Not worth the price at all.,-0.1695,Negative,Men Bootcut Jeans,Urbano Fashion,Wide Leg & Bootcut,944.0
300,217,31,2024-05-17,2024-05,5,Perfect fit. The material feels premium.,0.7351,Positive,Men Pure Cotton Skater Jeans,The Indian Garage Co,Denim & Jeans,688.0
301,238,43,2024-05-06,2024-05,5,Great value for money. Highly recommend.,0.8516,Positive,Men Mid-Rise Stretchable Jeans,MASTERLY WEFT,Stretchable Jeans,959.0
302,115,40,2024-08-10,2024-08,1,The color faded after first wash. Very disappointing.,-0.5413,Negative,Men Relaxed Fit Jeans,Roadster,Relaxed Fit Jeans,645.0
303,20,18,2023-08-19,2023-08,4,Loved the fabric and the fit. Will buy again.,0.7506,Positive,Men Wide Leg Jeans,Roadster,Wide Leg & Bootcut,999.0
304,210,33,2024-05-28,2024-05,4,Delivery was quick and product is exactly as described.,0.0,Mixed Positive,Men Straight Fit Jeans,glitchez,Regular Fit Jeans,797.0
305,144,8,2023-08-17,2023-08,5,Fast delivery and great packaging.,0.6249,Positive,Men Wide Leg Heavy Fade Jeans,Bene Kleed,Wide Leg & Bootcut,839.0
306,207,50,2024-11-04,2024-11,5,Amazing quality! Totally worth the price.,0.7419,Positive,30 Days No Wash Jeans,TURMS,Denim & Jeans,3499.0
307,179,32,2023-04-20,2023-04,4,Amazing quality! Totally worth the price.,0.7419,Positive,Men Relaxed Fit Jeans,The Indian Garage Co,Relaxed Fit Jeans,808.0
308,55,50,2024-08-05,2024-08,5,Perfect fit. The material feels premium.,0.7351,Positive,30 Days No Wash Jeans,TURMS,Denim & Jeans,3499.0
309,17,24,2023-05-24,2023-05,5,Great value for money. Highly recommend.,0.8516,Positive,Men Slim Fit Jeans,Urbano Fashion,Slim Fit Jeans,629.0
310,94,29,2024-08-20,2024-08,5,Excellent product. Myntra never disappoints.,0.7081,Positive,Men Slim Fit Jeans,Roadster,Slim Fit Jeans,681.0
311,117,34,2024-02-25,2024-02,2,Received a damaged product. Very unhappy.,-0.7178,Negative,Men Bootcut Stretchable Jeans,Thomas Scott,Wide Leg & Bootcut,874.0
312,379,30,2023-02-25,2023-02,4,Beautiful design. Exactly as shown in the photo.,0.5994,Positive,Men Slim Tapered Fit Jeans,Mast & Harbour,Slim Fit Jeans,701.0
313,337,18,2024-07-26,2024-07,5,Fast delivery and great packaging.,0.6249,Positive,Men Wide Leg Jeans,Roadster,Wide Leg & Bootcut,999.0
314,387,15,2023-12-11,2023-12,3,Okay product. Expected more based on the description.,0.2263,Neutral,Men Mid-Rise Boot Cut Jeans,Bene Kleed,Denim & Jeans,873.0
315,231,49,2023-02-06,2023-02,5,Excellent product. Myntra never disappoints.,0.7081,Positive,Non Stretchable Cotton Jeans,Flying Machine,Stretchable Jeans,1829.0
316,240,45,2024-04-11,2024-04,5,Perfect fit. The material feels premium.,0.7351,Positive,Men Wide Leg Cotton Jeans,HIGHLANDER,Wide Leg & Bootcut,1099.0
317,330,46,2023-06-18,2023-06,5,Perfect fit. The material feels premium.,0.7351,Positive,Men Slim Fit Jeans,HIGHLANDER,Slim Fit Jeans,675.0
318,380,3,2023-02-02,2023-02,5,Loved the fabric and the fit. Will buy again.,0.7506,Positive,Men Pure Cotton Jeans,Roadster,Denim & Jeans,974.0
319,12,50,2023-10-11,2023-10,4,Loved the fabric and the fit. Will buy again.,0.7506,Positive,30 Days No Wash Jeans,TURMS,Denim & Jeans,3499.0
320,401,12,2023-05-08,2023-05,5,Excellent product. Myntra never disappoints.,0.7081,Positive,Men Relaxed Fit Jeans,styzon,Relaxed Fit Jeans,989.0
321,276,45,2024-05-18,2024-05,4,Fast delivery and great packaging.,0.6249,Positive,Men Wide Leg Cotton Jeans,HIGHLANDER,Wide Leg & Bootcut,1099.0
322,160,36,2024-12-11,2024-12,1,Product looks different from the photo online.,0.0,Mixed Negative,Men Straight Fit Jeans,Bene Kleed,Regular Fit Jeans,989.0
323,77,28,2023-10-07,2023-10,4,Super comfortable jeans. Bought in two colours.,0.802,Positive,Men Straight Fit Jeans,Mast & Harbour,Regular Fit Jeans,764.0
324,31,45,2024-05-24,2024-05,2,Product looks different from the photo online.,0.0,Mixed Negative,Men Wide Leg Cotton Jeans,HIGHLANDER,Wide Leg & Bootcut,1099.0
325,61,33,2023-01-17,2023-01,4,Perfect fit. The material feels premium.,0.7351,Positive,Men Straight Fit Jeans,glitchez,Regular Fit Jeans,797.0
326,398,4,2024-04-19,2024-04,4,Amazing quality! Totally worth the price.,0.7419,Positive,Relaxed Fit Denim Jeans,Bene Kleed,Relaxed Fit Jeans,873.0
327,126,9,2024-04-19,2024-04,5,Excellent product. Myntra never disappoints.,0.7081,Positive,Men Regular Fit Mid-Rise Jeans,Roadster,Regular Fit Jeans,759.0
328,315,31,2024-08-02,2024-08,4,Beautiful design. Exactly as shown in the photo.,0.5994,Positive,Men Pure Cotton Skater Jeans,The Indian Garage Co,Denim & Jeans,688.0
329,387,14,2023-03-03,2023-03,5,Excellent product. Myntra never disappoints.,0.7081,Positive,Men Relaxed Fit Mid-Rise Jeans,HIGHLANDER,Relaxed Fit Jeans,769.0
330,52,30,2024-06-09,2024-06,5,Amazing quality! Totally worth the price.,0.7419,Positive,Men Slim Tapered Fit Jeans,Mast & Harbour,Slim Fit Jeans,701.0
331,294,10,2024-08-27,2024-08,4,Delivery was quick and product is exactly as described.,0.0,Mixed Positive,Men Jogger Mid-Rise Jeans,styzon,Joggers & Cargo,899.0
332,438,34,2023-10-17,2023-10,4,Delivery was quick and product is exactly as described.,0.0,Mixed Positive,Men Bootcut Stretchable Jeans,Thomas Scott,Wide Leg & Bootcut,874.0
333,126,9,2023-10-23,2023-10,2,The color faded after first wash. Very disappointing.,-0.5413,Negative,Men Regular Fit Mid-Rise Jeans,Roadster,Regular Fit Jeans,759.0
334,50,33,2024-01-16,2024-01,3,Okay product. Expected more based on the description.,0.2263,Neutral,Men Straight Fit Jeans,glitchez,Regular Fit Jeans,797.0
335,30,2,2024-05-01,2024-05,5,Loved the fabric and the fit. Will buy again.,0.7506,Positive,Men Slim Fit Jeans,Flying Machine,Slim Fit Jeans,1829.0
336,374,10,2023-07-22,2023-07,3,Average quality. Nothing special about it.,-0.3089,Neutral,Men Jogger Mid-Rise Jeans,styzon,Joggers & Cargo,899.0
337,498,45,2023-01-30,2023-01,4,Beautiful design. Exactly as shown in the photo.,0.5994,Positive,Men Wide Leg Cotton Jeans,HIGHLANDER,Wide Leg & Bootcut,1099.0
338,344,10,2024-10-26,2024-10,4,Beautiful design. Exactly as shown in the photo.,0.5994,Positive,Men Jogger Mid-Rise Jeans,styzon,Joggers & Cargo,899.0
339,35,8,2024-10-14,2024-10,3,Decent product but could be better for the price.,0.5927,Neutral,Men Wide Leg Heavy Fade Jeans,Bene Kleed,Wide Leg & Bootcut,839.0
340,251,7,2023-01-12,2023-01,5,Amazing quality! Totally worth the price.,0.7419,Positive,Men Relaxed Fit Jeans,Urbano Fashion,Relaxed Fit Jeans,944.0
341,185,9,2023-02-03,2023-02,3,Not bad but not great either. Fits okay.,-0.2883,Neutral,Men Regular Fit Mid-Rise Jeans,Roadster,Regular Fit Jeans,759.0
342,402,29,2024-03-10,2024-03,3,Okay product. Expected more based on the description.,0.2263,Neutral,Men Slim Fit Jeans,Roadster,Slim Fit Jeans,681.0
343,287,17,2023-07-24,2023-07,5,Fits perfectly. Very happy with the purchase.,0.8479,Positive,Men Low-Rise Jeans,Kotty,Denim & Jeans,519.0
344,56,44,2024-02-24,2024-02,5,Great value for money. Highly recommend.,0.8516,Positive,Men Baggy Loose Jeans,glitchez,Relaxed Fit Jeans,747.0
345,377,10,2023-10-04,2023-10,4,Delivery was quick and product is exactly as described.,0.0,Mixed Positive,Men Jogger Mid-Rise Jeans,styzon,Joggers & Cargo,899.0
346,162,14,2023-12-04,2023-12,4,Fast delivery and great packaging.,0.6249,Positive,Men Relaxed Fit Mid-Rise Jeans,HIGHLANDER,Relaxed Fit Jeans,769.0
347,66,47,2024-06-26,2024-06,4,Great value for money. Highly recommend.,0.8516,Positive,Plus Size Stretchable Jeans,Sztori,Stretchable Jeans,863.0
348,298,43,2024-09-18,2024-09,5,Great value for money. Highly recommend.,0.8516,Positive,Men Mid-Rise Stretchable Jeans,MASTERLY WEFT,Stretchable Jeans,959.0
349,178,36,2023-07-19,2023-07,4,Amazing quality! Totally worth the price.,0.7419,Positive,Men Straight Fit Jeans,Bene Kleed,Regular Fit Jeans,989.0
350,106,43,2024-12-11,2024-12,4,Fits perfectly. Very happy with the purchase.,0.8479,Positive,Men Mid-Rise Stretchable Jeans,MASTERLY WEFT,Stretchable Jeans,959.0
351,16,22,2024-06-14,2024-06,5,Great value for money. Highly recommend.,0.8516,Positive,Men Mid-Rise Skinny Fit Jeans,Mufti,Slim Fit Jeans,1393.0
352,261,6,2024-11-12,2024-11,1,The jeans are too tight at the waist. Sizing is off.,0.0,Mixed Negative,Men Stretchable Jeans,HERE&NOW,Stretchable Jeans,798.0
353,467,9,2023-10-29,2023-10,5,Super comfortable jeans. Bought in two colours.,0.802,Positive,Men Regular Fit Mid-Rise Jeans,Roadster,Regular Fit Jeans,759.0
354,248,17,2024-05-15,2024-05,4,Excellent product. Myntra never disappoints.,0.7081,Positive,Men Low-Rise Jeans,Kotty,Denim & Jeans,519.0
355,126,3,2024-08-24,2024-08,4,Excellent product. Myntra never disappoints.,0.7081,Positive,Men Pure Cotton Jeans,Roadster,Denim & Jeans,974.0
356,198,37,2023-01-09,2023-01,4,Excellent product. Myntra never disappoints.,0.7081,Positive,Men Straight Fit Jeans,V-Mart,Regular Fit Jeans,809.0
357,223,9,2024-07-13,2024-07,5,Perfect fit. The material feels premium.,0.7351,Positive,Men Regular Fit Mid-Rise Jeans,Roadster,Regular Fit Jeans,759.0
358,255,30,2023-08-01,2023-08,5,Super comfortable jeans. Bought in two colours.,0.802,Positive,Men Slim Tapered Fit Jeans,Mast & Harbour,Slim Fit Jeans,701.0
359,335,25,2023-10-25,2023-10,5,Perfect fit. The material feels premium.,0.7351,Positive,Men Relaxed Fit Jeans,FUGAZEE,Relaxed Fit Jeans,2099.0
360,13,30,2023-09-18,2023-09,1,Delivery was very late. Poor experience.,-0.5233,Negative,Men Slim Tapered Fit Jeans,Mast & Harbour,Slim Fit Jeans,701.0
361,309,28,2023-07-22,2023-07,3,Okay product. Expected more based on the description.,0.2263,Neutral,Men Straight Fit Jeans,Mast & Harbour,Regular Fit Jeans,764.0
362,438,15,2024-09-21,2024-09,1,Stitching came off within a week. Terrible quality.,-0.4767,Negative,Men Mid-Rise Boot Cut Jeans,Bene Kleed,Denim & Jeans,873.0
363,204,9,2023-05-27,2023-05,2,Product looks different from the photo online.,0.0,Mixed Negative,Men Regular Fit Mid-Rise Jeans,Roadster,Regular Fit Jeans,759.0
364,352,26,2023-05-08,2023-05,4,Fast delivery and great packaging.,0.6249,Positive,Men Slim Fit Mid-Rise Jeans,The Indian Garage Co,Slim Fit Jeans,659.0
365,384,44,2023-08-25,2023-08,5,Fits perfectly. Very happy with the purchase.,0.8479,Positive,Men Baggy Loose Jeans,glitchez,Relaxed Fit Jeans,747.0
366,261,34,2024-09-03,2024-09,5,Delivery was quick and product is exactly as described.,0.0,Mixed Positive,Men Bootcut Stretchable Jeans,Thomas Scott,Wide Leg & Bootcut,874.0
367,184,10,2024-08-09,2024-08,4,Excellent product. Myntra never disappoints.,0.7081,Positive,Men Jogger Mid-Rise Jeans,styzon,Joggers & Cargo,899.0
368,303,17,2024-05-26,2024-05,5,Fits perfectly. Very happy with the purchase.,0.8479,Positive,Men Low-Rise Jeans,Kotty,Denim & Jeans,519.0
369,358,48,2024-09-11,2024-09,5,Excellent product. Myntra never disappoints.,0.7081,Positive,Men Bootcut Jeans,HERE&NOW,Wide Leg & Bootcut,869.0
370,449,8,2024-06-03,2024-06,5,Delivery was quick and product is exactly as described.,0.0,Mixed Positive,Men Wide Leg Heavy Fade Jeans,Bene Kleed,Wide Leg & Bootcut,839.0
371,349,47,2023-10-22,2023-10,3,Average quality. Nothing special about it.,-0.3089,Neutral,Plus Size Stretchable Jeans,Sztori,Stretchable Jeans,863.0
372,68,10,2023-08-23,2023-08,5,Loved the fabric and the fit. Will buy again.,0.7506,Positive,Men Jogger Mid-Rise Jeans,styzon,Joggers & Cargo,899.0
373,495,14,2024-09-06,2024-09,5,Excellent product. Myntra never disappoints.,0.7081,Positive,Men Relaxed Fit Mid-Rise Jeans,HIGHLANDER,Relaxed Fit Jeans,769.0
374,471,18,2024-02-23,2024-02,4,Loved the fabric and the fit. Will buy again.,0.7506,Positive,Men Wide Leg Jeans,Roadster,Wide Leg & Bootcut,999.0
375,173,43,2024-02-03,2024-02,5,Excellent product. Myntra never disappoints.,0.7081,Positive,Men Mid-Rise Stretchable Jeans,MASTERLY WEFT,Stretchable Jeans,959.0
376,41,8,2024-05-31,2024-05,4,Fast delivery and great packaging.,0.6249,Positive,Men Wide Leg Heavy Fade Jeans,Bene Kleed,Wide Leg & Bootcut,839.0
377,273,46,2023-05-15,2023-05,5,Great value for money. Highly recommend.,0.8516,Positive,Men Slim Fit Jeans,HIGHLANDER,Slim Fit Jeans,675.0
378,326,22,2024-11-26,2024-11,5,Amazing quality! Totally worth the price.,0.7419,Positive,Men Mid-Rise Skinny Fit Jeans,Mufti,Slim Fit Jeans,1393.0
379,227,50,2023-05-19,2023-05,5,Loved the fabric and the fit. Will buy again.,0.7506,Positive,30 Days No Wash Jeans,TURMS,Denim & Jeans,3499.0
380,106,40,2023-07-06,2023-07,5,Beautiful design. Exactly as shown in the photo.,0.5994,Positive,Men Relaxed Fit Jeans,Roadster,Relaxed Fit Jeans,645.0
381,451,30,2024-10-16,2024-10,3,Okay product. Expected more based on the description.,0.2263,Neutral,Men Slim Tapered Fit Jeans,Mast & Harbour,Slim Fit Jeans,701.0
382,312,27,2023-08-10,2023-08,3,Average quality. Nothing special about it.,-0.3089,Neutral,Men Slim Fit Jeans,French Connection,Slim Fit Jeans,1294.0
383,62,3,2023-12-19,2023-12,5,Delivery was quick and product is exactly as described.,0.0,Mixed Positive,Men Pure Cotton Jeans,Roadster,Denim & Jeans,974.0
384,35,17,2023-06-19,2023-06,1,Stitching came off within a week. Terrible quality.,-0.4767,Negative,Men Low-Rise Jeans,Kotty,Denim & Jeans,519.0
385,490,37,2024-01-30,2024-01,3,Okay product. Expected more based on the description.,0.2263,Neutral,Men Straight Fit Jeans,V-Mart,Regular Fit Jeans,809.0
386,111,32,2023-12-18,2023-12,5,Beautiful design. Exactly as shown in the photo.,0.5994,Positive,Men Relaxed Fit Jeans,The Indian Garage Co,Relaxed Fit Jeans,808.0
387,183,12,2023-01-27,2023-01,1,Customer support was unhelpful when I raised an issue.,0.4019,Mixed Negative,Men Relaxed Fit Jeans,styzon,Relaxed Fit Jeans,989.0
388,114,2,2024-04-09,2024-04,1,Received a damaged product. Very unhappy.,-0.7178,Negative,Men Slim Fit Jeans,Flying Machine,Slim Fit Jeans,1829.0
389,108,15,2024-09-29,2024-09,5,Delivery was quick and product is exactly as described.,0.0,Mixed Positive,Men Mid-Rise Boot Cut Jeans,Bene Kleed,Denim & Jeans,873.0
390,99,18,2024-05-02,2024-05,4,Fits perfectly. Very happy with the purchase.,0.8479,Positive,Men Wide Leg Jeans,Roadster,Wide Leg & Bootcut,999.0
391,351,45,2023-06-13,2023-06,5,Excellent product. Myntra never disappoints.,0.7081,Positive,Men Wide Leg Cotton Jeans,HIGHLANDER,Wide Leg & Bootcut,1099.0
392,14,34,2024-12-14,2024-12,4,Great value for money. Highly recommend.,0.8516,Positive,Men Bootcut Stretchable Jeans,Thomas Scott,Wide Leg & Bootcut,874.0
393,242,10,2023-03-02,2023-03,2,Material feels cheap. Not worth the price at all.,-0.1695,Negative,Men Jogger Mid-Rise Jeans,styzon,Joggers & Cargo,899.0
394,484,49,2023-06-10,2023-06,3,Material is fine but the colour is slightly different.,0.1027,Neutral,Non Stretchable Cotton Jeans,Flying Machine,Stretchable Jeans,1829.0
395,93,16,2023-12-22,2023-12,2,Received a damaged product. Very unhappy.,-0.7178,Negative,Men Relaxed Fit Jeans,Flying Machine,Relaxed Fit Jeans,2309.0
396,121,14,2023-05-15,2023-05,5,Great value for money. Highly recommend.,0.8516,Positive,Men Relaxed Fit Mid-Rise Jeans,HIGHLANDER,Relaxed Fit Jeans,769.0
397,265,47,2024-09-30,2024-09,1,Customer support was unhelpful when I raised an issue.,0.4019,Mixed Negative,Plus Size Stretchable Jeans,Sztori,Stretchable Jeans,863.0
398,16,13,2024-09-27,2024-09,4,Great value for money. Highly recommend.,0.8516,Positive,Men Slim Fit Stretchable Jeans,WROGN,Slim Fit Jeans,1275.0
399,30,28,2024-07-05,2024-07,3,Decent product but could be better for the price.,0.5927,Neutral,Men Straight Fit Jeans,Mast & Harbour,Regular Fit Jeans,764.0
400,7,11,2023-12-11,2023-12,5,Delivery was quick and product is exactly as described.,0.0,Mixed Positive,Men Slim Fit Jeans,Calvin Klein Jeans,Slim Fit Jeans,949.0
401,25,29,2023-01-25,2023-01,5,Excellent product. Myntra never disappoints.,0.7081,Positive,Men Slim Fit Jeans,Roadster,Slim Fit Jeans,681.0
402,359,32,2024-06-12,2024-06,5,Perfect fit. The material feels premium.,0.7351,Positive,Men Relaxed Fit Jeans,The Indian Garage Co,Relaxed Fit Jeans,808.0
403,174,37,2024-08-24,2024-08,4,Perfect fit. The material feels premium.,0.7351,Positive,Men Straight Fit Jeans,V-Mart,Regular Fit Jeans,809.0
404,91,16,2024-03-24,2024-03,5,Excellent product. Myntra never disappoints.,0.7081,Positive,Men Relaxed Fit Jeans,Flying Machine,Relaxed Fit Jeans,2309.0
405,92,33,2024-04-01,2024-04,4,Delivery was quick and product is exactly as described.,0.0,Mixed Positive,Men Straight Fit Jeans,glitchez,Regular Fit Jeans,797.0
406,393,45,2023-10-22,2023-10,4,Great value for money. Highly recommend.,0.8516,Positive,Men Wide Leg Cotton Jeans,HIGHLANDER,Wide Leg & Bootcut,1099.0
407,284,18,2024-10-28,2024-10,2,Product looks different from the photo online.,0.0,Mixed Negative,Men Wide Leg Jeans,Roadster,Wide Leg & Bootcut,999.0
408,133,26,2024-12-06,2024-12,5,Great value for money. Highly recommend.,0.8516,Positive,Men Slim Fit Mid-Rise Jeans,The Indian Garage Co,Slim Fit Jeans,659.0
409,476,19,2023-07-18,2023-07,2,The jeans are too tight at the waist. Sizing is off.,0.0,Mixed Negative,Men Straight Fit Jeans,Kotty,Regular Fit Jeans,719.0
410,218,46,2023-04-20,2023-04,5,Fits perfectly. Very happy with the purchase.,0.8479,Positive,Men Slim Fit Jeans,HIGHLANDER,Slim Fit Jeans,675.0
411,285,44,2024-03-28,2024-03,5,Beautiful design. Exactly as shown in the photo.,0.5994,Positive,Men Baggy Loose Jeans,glitchez,Relaxed Fit Jeans,747.0
412,460,24,2024-12-14,2024-12,5,Beautiful design. Exactly as shown in the photo.,0.5994,Positive,Men Slim Fit Jeans,Urbano Fashion,Slim Fit Jeans,629.0
413,28,26,2023-03-30,2023-03,5,Super comfortable jeans. Bought in two colours.,0.802,Positive,Men Slim Fit Mid-Rise Jeans,The Indian Garage Co,Slim Fit Jeans,659.0
414,149,6,2024-03-15,2024-03,5,Beautiful design. Exactly as shown in the photo.,0.5994,Positive,Men Stretchable Jeans,HERE&NOW,Stretchable Jeans,798.0
415,313,21,2024-07-04,2024-07,5,Delivery was quick and product is exactly as described.,0.0,Mixed Positive,Men Low-Rise Cargo  Jeans,Kotty,Joggers & Cargo,639.0
416,295,14,2023-10-13,2023-10,3,Not bad but not great either. Fits okay.,-0.2883,Neutral,Men Relaxed Fit Mid-Rise Jeans,HIGHLANDER,Relaxed Fit Jeans,769.0
417,344,39,2024-11-23,2024-11,5,Fast delivery and great packaging.,0.6249,Positive,Men Regular Fit Jeans,Levis,Regular Fit Jeans,944.0
418,480,29,2023-09-10,2023-09,5,Loved the fabric and the fit. Will buy again.,0.7506,Positive,Men Slim Fit Jeans,Roadster,Slim Fit Jeans,681.0
419,322,38,2024-05-09,2024-05,5,Excellent product. Myntra never disappoints.,0.7081,Positive,Men Bootcut Jeans,Urbano Fashion,Wide Leg & Bootcut,944.0
420,192,26,2024-04-02,2024-04,3,Okay product. Expected more based on the description.,0.2263,Neutral,Men Slim Fit Mid-Rise Jeans,The Indian Garage Co,Slim Fit Jeans,659.0
421,72,49,2024-08-26,2024-08,5,Loved the fabric and the fit. Will buy again.,0.7506,Positive,Non Stretchable Cotton Jeans,Flying Machine,Stretchable Jeans,1829.0
422,241,14,2023-06-12,2023-06,1,The color faded after first wash. Very disappointing.,-0.5413,Negative,Men Relaxed Fit Mid-Rise Jeans,HIGHLANDER,Relaxed Fit Jeans,769.0
423,95,5,2024-05-10,2024-05,5,Super comfortable jeans. Bought in two colours.,0.802,Positive,Men 511 Slim Fit Jeans,Levis,Slim Fit Jeans,1478.0
424,235,43,2023-12-16,2023-12,3,Average quality. Nothing special about it.,-0.3089,Neutral,Men Mid-Rise Stretchable Jeans,MASTERLY WEFT,Stretchable Jeans,959.0
425,120,10,2024-01-12,2024-01,5,Delivery was quick and product is exactly as described.,0.0,Mixed Positive,Men Jogger Mid-Rise Jeans,styzon,Joggers & Cargo,899.0
426,4,38,2023-01-21,2023-01,5,Loved the fabric and the fit. Will buy again.,0.7506,Positive,Men Bootcut Jeans,Urbano Fashion,Wide Leg & Bootcut,944.0
427,416,35,2024-05-17,2024-05,5,Amazing quality! Totally worth the price.,0.7419,Positive,Men Relaxed Fit Jeans,Mast & Harbour,Relaxed Fit Jeans,819.0
428,104,18,2023-02-01,2023-02,3,Material is fine but the colour is slightly different.,0.1027,Neutral,Men Wide Leg Jeans,Roadster,Wide Leg & Bootcut,999.0
429,97,9,2024-10-31,2024-10,1,The color faded after first wash. Very disappointing.,-0.5413,Negative,Men Regular Fit Mid-Rise Jeans,Roadster,Regular Fit Jeans,759.0
430,316,44,2023-10-01,2023-10,5,Great value for money. Highly recommend.,0.8516,Positive,Men Baggy Loose Jeans,glitchez,Relaxed Fit Jeans,747.0
431,378,32,2023-01-29,2023-01,5,Super comfortable jeans. Bought in two colours.,0.802,Positive,Men Relaxed Fit Jeans,The Indian Garage Co,Relaxed Fit Jeans,808.0
432,51,18,2024-01-22,2024-01,5,Beautiful design. Exactly as shown in the photo.,0.5994,Positive,Men Wide Leg Jeans,Roadster,Wide Leg & Bootcut,999.0
433,402,18,2023-02-22,2023-02,5,Fits perfectly. Very happy with the purchase.,0.8479,Positive,Men Wide Leg Jeans,Roadster,Wide Leg & Bootcut,999.0
434,457,19,2023-11-13,2023-11,5,Fast delivery and great packaging.,0.6249,Positive,Men Straight Fit Jeans,Kotty,Regular Fit Jeans,719.0
435,423,25,2024-10-14,2024-10,3,Material is fine but the colour is slightly different.,0.1027,Neutral,Men Relaxed Fit Jeans,FUGAZEE,Relaxed Fit Jeans,2099.0
436,457,31,2024-01-02,2024-01,3,Not bad but not great either. Fits okay.,-0.2883,Neutral,Men Pure Cotton Skater Jeans,The Indian Garage Co,Denim & Jeans,688.0
437,498,24,2023-09-19,2023-09,5,Excellent product. Myntra never disappoints.,0.7081,Positive,Men Slim Fit Jeans,Urbano Fashion,Slim Fit Jeans,629.0
438,390,35,2023-10-25,2023-10,5,Beautiful design. Exactly as shown in the photo.,0.5994,Positive,Men Relaxed Fit Jeans,Mast & Harbour,Relaxed Fit Jeans,819.0
439,186,15,2024-06-02,2024-06,5,Excellent product. Myntra never disappoints.,0.7081,Positive,Men Mid-Rise Boot Cut Jeans,Bene Kleed,Denim & Jeans,873.0
440,257,31,2024-05-30,2024-05,5,Excellent product. Myntra never disappoints.,0.7081,Positive,Men Pure Cotton Skater Jeans,The Indian Garage Co,Denim & Jeans,688.0
441,43,41,2023-06-26,2023-06,3,Average quality. Nothing special about it.,-0.3089,Neutral,Men Tapered Fit Jeans,Flying Machine,Denim & Jeans,1829.0
442,428,34,2024-08-22,2024-08,3,Average quality. Nothing special about it.,-0.3089,Neutral,Men Bootcut Stretchable Jeans,Thomas Scott,Wide Leg & Bootcut,874.0
443,8,30,2023-01-25,2023-01,5,Loved the fabric and the fit. Will buy again.,0.7506,Positive,Men Slim Tapered Fit Jeans,Mast & Harbour,Slim Fit Jeans,701.0
444,357,1,2024-11-08,2024-11,5,Fast delivery and great packaging.,0.6249,Positive,Men Loose Fit Cotton Jeans,WROGN,Relaxed Fit Jeans,1374.0
445,215,30,2023-12-26,2023-12,4,Excellent product. Myntra never disappoints.,0.7081,Positive,Men Slim Tapered Fit Jeans,Mast & Harbour,Slim Fit Jeans,701.0
446,137,8,2024-11-13,2024-11,5,Super comfortable jeans. Bought in two colours.,0.802,Positive,Men Wide Leg Heavy Fade Jeans,Bene Kleed,Wide Leg & Bootcut,839.0
447,152,21,2023-01-08,2023-01,5,Super comfortable jeans. Bought in two colours.,0.802,Positive,Men Low-Rise Cargo  Jeans,Kotty,Joggers & Cargo,639.0
448,206,44,2023-04-12,2023-04,4,Delivery was quick and product is exactly as described.,0.0,Mixed Positive,Men Baggy Loose Jeans,glitchez,Relaxed Fit Jeans,747.0
449,472,43,2024-05-18,2024-05,5,Excellent product. Myntra never disappoints.,0.7081,Positive,Men Mid-Rise Stretchable Jeans,MASTERLY WEFT,Stretchable Jeans,959.0
450,198,26,2024-03-19,2024-03,5,Beautiful design. Exactly as shown in the photo.,0.5994,Positive,Men Slim Fit Mid-Rise Jeans,The Indian Garage Co,Slim Fit Jeans,659.0
451,65,1,2023-12-28,2023-12,5,Super comfortable jeans. Bought in two colours.,0.802,Positive,Men Loose Fit Cotton Jeans,WROGN,Relaxed Fit Jeans,1374.0
452,160,22,2024-03-22,2024-03,5,Great value for money. Highly recommend.,0.8516,Positive,Men Mid-Rise Skinny Fit Jeans,Mufti,Slim Fit Jeans,1393.0
453,294,40,2023-10-22,2023-10,5,Loved the fabric and the fit. Will buy again.,0.7506,Positive,Men Relaxed Fit Jeans,Roadster,Relaxed Fit Jeans,645.0
454,250,10,2024-05-28,2024-05,5,Super comfortable jeans. Bought in two colours.,0.802,Positive,Men Jogger Mid-Rise Jeans,styzon,Joggers & Cargo,899.0
455,221,5,2023-01-06,2023-01,4,Excellent product. Myntra never disappoints.,0.7081,Positive,Men 511 Slim Fit Jeans,Levis,Slim Fit Jeans,1478.0
456,88,39,2024-09-13,2024-09,5,Perfect fit. The material feels premium.,0.7351,Positive,Men Regular Fit Jeans,Levis,Regular Fit Jeans,944.0
457,222,44,2024-06-22,2024-06,5,Super comfortable jeans. Bought in two colours.,0.802,Positive,Men Baggy Loose Jeans,glitchez,Relaxed Fit Jeans,747.0
458,213,28,2023-11-09,2023-11,4,Amazing quality! Totally worth the price.,0.7419,Positive,Men Straight Fit Jeans,Mast & Harbour,Regular Fit Jeans,764.0
459,132,16,2023-03-31,2023-03,3,Decent product but could be better for the price.,0.5927,Neutral,Men Relaxed Fit Jeans,Flying Machine,Relaxed Fit Jeans,2309.0
460,421,16,2024-08-03,2024-08,1,Delivery was very late. Poor experience.,-0.5233,Negative,Men Relaxed Fit Jeans,Flying Machine,Relaxed Fit Jeans,2309.0
461,411,33,2023-04-25,2023-04,3,Decent product but could be better for the price.,0.5927,Neutral,Men Straight Fit Jeans,glitchez,Regular Fit Jeans,797.0
462,166,22,2024-06-28,2024-06,4,Amazing quality! Totally worth the price.,0.7419,Positive,Men Mid-Rise Skinny Fit Jeans,Mufti,Slim Fit Jeans,1393.0
463,79,37,2023-12-31,2023-12,5,Great value for money. Highly recommend.,0.8516,Positive,Men Straight Fit Jeans,V-Mart,Regular Fit Jeans,809.0
464,235,17,2024-09-15,2024-09,4,Great value for money. Highly recommend.,0.8516,Positive,Men Low-Rise Jeans,Kotty,Denim & Jeans,519.0
465,491,37,2024-04-08,2024-04,4,Perfect fit. The material feels premium.,0.7351,Positive,Men Straight Fit Jeans,V-Mart,Regular Fit Jeans,809.0
466,337,16,2023-04-02,2023-04,5,Fits perfectly. Very happy with the purchase.,0.8479,Positive,Men Relaxed Fit Jeans,Flying Machine,Relaxed Fit Jeans,2309.0
467,499,16,2024-03-18,2024-03,4,Beautiful design. Exactly as shown in the photo.,0.5994,Positive,Men Relaxed Fit Jeans,Flying Machine,Relaxed Fit Jeans,2309.0
468,182,46,2024-08-11,2024-08,5,Fits perfectly. Very happy with the purchase.,0.8479,Positive,Men Slim Fit Jeans,HIGHLANDER,Slim Fit Jeans,675.0
469,335,35,2024-04-20,2024-04,5,Perfect fit. The material feels premium.,0.7351,Positive,Men Relaxed Fit Jeans,Mast & Harbour,Relaxed Fit Jeans,819.0
470,355,8,2023-02-17,2023-02,5,Great value for money. Highly recommend.,0.8516,Positive,Men Wide Leg Heavy Fade Jeans,Bene Kleed,Wide Leg & Bootcut,839.0
471,67,17,2024-03-18,2024-03,5,Delivery was quick and product is exactly as described.,0.0,Mixed Positive,Men Low-Rise Jeans,Kotty,Denim & Jeans,519.0
472,486,11,2024-12-21,2024-12,5,Delivery was quick and product is exactly as described.,0.0,Mixed Positive,Men Slim Fit Jeans,Calvin Klein Jeans,Slim Fit Jeans,949.0
473,146,9,2024-07-03,2024-07,5,Beautiful design. Exactly as shown in the photo.,0.5994,Positive,Men Regular Fit Mid-Rise Jeans,Roadster,Regular Fit Jeans,759.0
474,235,13,2024-08-27,2024-08,4,Great value for money. Highly recommend.,0.8516,Positive,Men Slim Fit Stretchable Jeans,WROGN,Slim Fit Jeans,1275.0
475,47,1,2023-02-19,2023-02,4,Delivery was quick and product is exactly as described.,0.0,Mixed Positive,Men Loose Fit Cotton Jeans,WROGN,Relaxed Fit Jeans,1374.0
476,348,40,2023-03-01,2023-03,2,The jeans are too tight at the waist. Sizing is off.,0.0,Mixed Negative,Men Relaxed Fit Jeans,Roadster,Relaxed Fit Jeans,645.0
477,233,11,2024-11-07,2024-11,4,Loved the fabric and the fit. Will buy again.,0.7506,Positive,Men Slim Fit Jeans,Calvin Klein Jeans,Slim Fit Jeans,949.0
478,327,5,2024-01-10,2024-01,2,Size runs small. Return process is very difficult.,-0.4201,Negative,Men 511 Slim Fit Jeans,Levis,Slim Fit Jeans,1478.0
479,88,20,2024-01-27,2024-01,5,Excellent product. Myntra never disappoints.,0.7081,Positive,Men Bootcut Jeans,Mast & Harbour,Wide Leg & Bootcut,869.0
480,49,26,2023-02-06,2023-02,5,Excellent product. Myntra never disappoints.,0.7081,Positive,Men Slim Fit Mid-Rise Jeans,The Indian Garage Co,Slim Fit Jeans,659.0
481,109,44,2024-09-08,2024-09,4,Beautiful design. Exactly as shown in the photo.,0.5994,Positive,Men Baggy Loose Jeans,glitchez,Relaxed Fit Jeans,747.0
482,197,9,2023-05-15,2023-05,4,Perfect fit. The material feels premium.,0.7351,Positive,Men Regular Fit Mid-Rise Jeans,Roadster,Regular Fit Jeans,759.0
483,28,42,2023-08-29,2023-08,4,Perfect fit. The material feels premium.,0.7351,Positive,Men Slim Fit Jeans,Nautica,Slim Fit Jeans,1088.0
484,430,19,2024-06-23,2024-06,4,Great value for money. Highly recommend.,0.8516,Positive,Men Straight Fit Jeans,Kotty,Regular Fit Jeans,719.0
485,271,20,2023-10-17,2023-10,1,Product looks different from the photo online.,0.0,Mixed Negative,Men Bootcut Jeans,Mast & Harbour,Wide Leg & Bootcut,869.0
486,390,48,2023-01-15,2023-01,3,Okay product. Expected more based on the description.,0.2263,Neutral,Men Bootcut Jeans,HERE&NOW,Wide Leg & Bootcut,869.0
487,328,37,2024-08-21,2024-08,5,Fits perfectly. Very happy with the purchase.,0.8479,Positive,Men Straight Fit Jeans,V-Mart,Regular Fit Jeans,809.0
488,155,13,2023-01-05,2023-01,5,Super comfortable jeans. Bought in two colours.,0.802,Positive,Men Slim Fit Stretchable Jeans,WROGN,Slim Fit Jeans,1275.0
489,286,12,2024-11-16,2024-11,2,Received a damaged product. Very unhappy.,-0.7178,Negative,Men Relaxed Fit Jeans,styzon,Relaxed Fit Jeans,989.0
490,388,32,2023-05-13,2023-05,3,Okay product. Expected more based on the description.,0.2263,Neutral,Men Relaxed Fit Jeans,The Indian Garage Co,Relaxed Fit Jeans,808.0
491,226,26,2023-09-21,2023-09,4,Fits perfectly. Very happy with the purchase.,0.8479,Positive,Men Slim Fit Mid-Rise Jeans,The Indian Garage Co,Slim Fit Jeans,659.0
492,173,21,2023-08-19,2023-08,1,Size runs small. Return process is very difficult.,-0.4201,Negative,Men Low-Rise Cargo  Jeans,Kotty,Joggers & Cargo,639.0
493,466,25,2023-07-04,2023-07,4,Fast delivery and great packaging.,0.6249,Positive,Men Relaxed Fit Jeans,FUGAZEE,Relaxed Fit Jeans,2099.0
494,112,50,2024-08-17,2024-08,4,Fast delivery and great packaging.,0.6249,Positive,30 Days No Wash Jeans,TURMS,Denim & Jeans,3499.0
495,27,9,2024-12-25,2024-12,5,Loved the fabric and the fit. Will buy again.,0.7506,Positive,Men Regular Fit Mid-Rise Jeans,Roadster,Regular Fit Jeans,759.0
496,453,17,2023-08-01,2023-08,5,Great value for money. Highly recommend.,0.8516,Positive,Men Low-Rise Jeans,Kotty,Denim & Jeans,519.0
497,81,31,2024-03-23,2024-03,5,Fits perfectly. Very happy with the purchase.,0.8479,Positive,Men Pure Cotton Skater Jeans,The Indian Garage Co,Denim & Jeans,688.0
498,259,12,2023-12-05,2023-12,5,Perfect fit. The material feels premium.,0.7351,Positive,Men Relaxed Fit Jeans,styzon,Relaxed Fit Jeans,989.0
499,36,9,2024-08-01,2024-08,5,Super comfortable jeans. Bought in two colours.,0.802,Positive,Men Regular Fit Mid-Rise Jeans,Roadster,Regular Fit Jeans,759.0
500,353,39,2023-04-25,2023-04,5,Delivery was quick and product is exactly as described.,0.0,Mixed Positive,Men Regular Fit Jeans,Levis,Regular Fit Jeans,944.0
501,404,24,2024-12-14,2024-12,2,The jeans are too tight at the waist. Sizing is off.,0.0,Mixed Negative,Men Slim Fit Jeans,Urbano Fashion,Slim Fit Jeans,629.0
502,405,48,2023-03-28,2023-03,4,Fast delivery and great packaging.,0.6249,Positive,Men Bootcut Jeans,HERE&NOW,Wide Leg & Bootcut,869.0
503,201,42,2024-12-24,2024-12,2,Size runs small. Return process is very difficult.,-0.4201,Negative,Men Slim Fit Jeans,Nautica,Slim Fit Jeans,1088.0
504,428,17,2023-10-10,2023-10,5,Great value for money. Highly recommend.,0.8516,Positive,Men Low-Rise Jeans,Kotty,Denim & Jeans,519.0
505,129,14,2023-10-25,2023-10,3,Okay product. Expected more based on the description.,0.2263,Neutral,Men Relaxed Fit Mid-Rise Jeans,HIGHLANDER,Relaxed Fit Jeans,769.0
506,130,10,2023-04-06,2023-04,5,Delivery was quick and product is exactly as described.,0.0,Mixed Positive,Men Jogger Mid-Rise Jeans,styzon,Joggers & Cargo,899.0
507,85,29,2023-06-03,2023-06,3,Decent product but could be better for the price.,0.5927,Neutral,Men Slim Fit Jeans,Roadster,Slim Fit Jeans,681.0
508,25,41,2024-06-04,2024-06,4,Perfect fit. The material feels premium.,0.7351,Positive,Men Tapered Fit Jeans,Flying Machine,Denim & Jeans,1829.0
509,55,4,2024-05-08,2024-05,5,Super comfortable jeans. Bought in two colours.,0.802,Positive,Relaxed Fit Denim Jeans,Bene Kleed,Relaxed Fit Jeans,873.0
510,21,1,2023-08-12,2023-08,5,Fits perfectly. Very happy with the purchase.,0.8479,Positive,Men Loose Fit Cotton Jeans,WROGN,Relaxed Fit Jeans,1374.0
511,325,9,2023-08-05,2023-08,1,Quality is below average. Not what I expected.,0.0,Mixed Negative,Men Regular Fit Mid-Rise Jeans,Roadster,Regular Fit Jeans,759.0
512,453,22,2024-04-01,2024-04,4,Beautiful design. Exactly as shown in the photo.,0.5994,Positive,Men Mid-Rise Skinny Fit Jeans,Mufti,Slim Fit Jeans,1393.0
513,284,43,2023-06-19,2023-06,4,Great value for money. Highly recommend.,0.8516,Positive,Men Mid-Rise Stretchable Jeans,MASTERLY WEFT,Stretchable Jeans,959.0
514,412,27,2023-10-08,2023-10,4,Super comfortable jeans. Bought in two colours.,0.802,Positive,Men Slim Fit Jeans,French Connection,Slim Fit Jeans,1294.0
515,182,42,2024-01-23,2024-01,5,Fits perfectly. Very happy with the purchase.,0.8479,Positive,Men Slim Fit Jeans,Nautica,Slim Fit Jeans,1088.0
516,172,19,2023-03-08,2023-03,5,Beautiful design. Exactly as shown in the photo.,0.5994,Positive,Men Straight Fit Jeans,Kotty,Regular Fit Jeans,719.0
517,105,21,2024-05-21,2024-05,5,Fits perfectly. Very happy with the purchase.,0.8479,Positive,Men Low-Rise Cargo  Jeans,Kotty,Joggers & Cargo,639.0
518,404,47,2023-04-21,2023-04,5,Fast delivery and great packaging.,0.6249,Positive,Plus Size Stretchable Jeans,Sztori,Stretchable Jeans,863.0
519,361,37,2024-01-03,2024-01,5,Super comfortable jeans. Bought in two colours.,0.802,Positive,Men Straight Fit Jeans,V-Mart,Regular Fit Jeans,809.0
520,22,41,2023-01-13,2023-01,4,Delivery was quick and product is exactly as described.,0.0,Mixed Positive,Men Tapered Fit Jeans,Flying Machine,Denim & Jeans,1829.0
521,79,12,2023-11-19,2023-11,5,Fits perfectly. Very happy with the purchase.,0.8479,Positive,Men Relaxed Fit Jeans,styzon,Relaxed Fit Jeans,989.0
522,72,6,2024-10-14,2024-10,5,Beautiful design. Exactly as shown in the photo.,0.5994,Positive,Men Stretchable Jeans,HERE&NOW,Stretchable Jeans,798.0
523,48,47,2023-11-30,2023-11,1,Size runs small. Return process is very difficult.,-0.4201,Negative,Plus Size Stretchable Jeans,Sztori,Stretchable Jeans,863.0
524,430,47,2024-01-13,2024-01,4,Great value for money. Highly recommend.,0.8516,Positive,Plus Size Stretchable Jeans,Sztori,Stretchable Jeans,863.0
525,140,5,2023-02-16,2023-02,3,Average quality. Nothing special about it.,-0.3089,Neutral,Men 511 Slim Fit Jeans,Levis,Slim Fit Jeans,1478.0
526,434,31,2024-09-25,2024-09,4,Beautiful design. Exactly as shown in the photo.,0.5994,Positive,Men Pure Cotton Skater Jeans,The Indian Garage Co,Denim & Jeans,688.0
527,303,36,2023-07-03,2023-07,1,Delivery was very late. Poor experience.,-0.5233,Negative,Men Straight Fit Jeans,Bene Kleed,Regular Fit Jeans,989.0
528,388,10,2024-10-15,2024-10,2,Quality is below average. Not what I expected.,0.0,Mixed Negative,Men Jogger Mid-Rise Jeans,styzon,Joggers & Cargo,899.0
529,190,3,2024-10-15,2024-10,4,Fits perfectly. Very happy with the purchase.,0.8479,Positive,Men Pure Cotton Jeans,Roadster,Denim & Jeans,974.0
530,134,2,2024-07-24,2024-07,2,Product looks different from the photo online.,0.0,Mixed Negative,Men Slim Fit Jeans,Flying Machine,Slim Fit Jeans,1829.0
531,102,39,2023-12-03,2023-12,4,Beautiful design. Exactly as shown in the photo.,0.5994,Positive,Men Regular Fit Jeans,Levis,Regular Fit Jeans,944.0
532,337,19,2024-11-06,2024-11,1,Material feels cheap. Not worth the price at all.,-0.1695,Negative,Men Straight Fit Jeans,Kotty,Regular Fit Jeans,719.0
533,487,29,2023-02-21,2023-02,5,Beautiful design. Exactly as shown in the photo.,0.5994,Positive,Men Slim Fit Jeans,Roadster,Slim Fit Jeans,681.0
534,194,39,2024-02-06,2024-02,5,Excellent product. Myntra never disappoints.,0.7081,Positive,Men Regular Fit Jeans,Levis,Regular Fit Jeans,944.0
535,349,37,2023-01-05,2023-01,4,Perfect fit. The material feels premium.,0.7351,Positive,Men Straight Fit Jeans,V-Mart,Regular Fit Jeans,809.0
536,381,23,2024-11-29,2024-11,5,Fits perfectly. Very happy with the purchase.,0.8479,Positive,Men Stretchable Jeans,Mast & Harbour,Stretchable Jeans,758.0
537,172,41,2023-07-05,2023-07,5,Amazing quality! Totally worth the price.,0.7419,Positive,Men Tapered Fit Jeans,Flying Machine,Denim & Jeans,1829.0
538,290,49,2024-01-25,2024-01,4,Delivery was quick and product is exactly as described.,0.0,Mixed Positive,Non Stretchable Cotton Jeans,Flying Machine,Stretchable Jeans,1829.0
539,230,48,2023-12-02,2023-12,5,Fits perfectly. Very happy with the purchase.,0.8479,Positive,Men Bootcut Jeans,HERE&NOW,Wide Leg & Bootcut,869.0
540,472,35,2024-02-27,2024-02,5,Super comfortable jeans. Bought in two colours.,0.802,Positive,Men Relaxed Fit Jeans,Mast & Harbour,Relaxed Fit Jeans,819.0
541,373,44,2023-02-26,2023-02,5,Delivery was quick and product is exactly as described.,0.0,Mixed Positive,Men Baggy Loose Jeans,glitchez,Relaxed Fit Jeans,747.0
542,130,41,2023-09-04,2023-09,4,Loved the fabric and the fit. Will buy again.,0.7506,Positive,Men Tapered Fit Jeans,Flying Machine,Denim & Jeans,1829.0
543,52,20,2023-12-28,2023-12,4,Beautiful design. Exactly as shown in the photo.,0.5994,Positive,Men Bootcut Jeans,Mast & Harbour,Wide Leg & Bootcut,869.0
544,446,33,2024-01-23,2024-01,5,Beautiful design. Exactly as shown in the photo.,0.5994,Positive,Men Straight Fit Jeans,glitchez,Regular Fit Jeans,797.0
545,357,34,2024-06-16,2024-06,4,Perfect fit. The material feels premium.,0.7351,Positive,Men Bootcut Stretchable Jeans,Thomas Scott,Wide Leg & Bootcut,874.0
546,310,17,2023-09-14,2023-09,5,Delivery was quick and product is exactly as described.,0.0,Mixed Positive,Men Low-Rise Jeans,Kotty,Denim & Jeans,519.0
547,347,40,2024-10-27,2024-10,5,Fits perfectly. Very happy with the purchase.,0.8479,Positive,Men Relaxed Fit Jeans,Roadster,Relaxed Fit Jeans,645.0
548,214,6,2023-11-28,2023-11,4,Perfect fit. The material feels premium.,0.7351,Positive,Men Stretchable Jeans,HERE&NOW,Stretchable Jeans,798.0
549,117,45,2024-07-07,2024-07,3,Okay product. Expected more based on the description.,0.2263,Neutral,Men Wide Leg Cotton Jeans,HIGHLANDER,Wide Leg & Bootcut,1099.0
550,203,38,2023-05-05,2023-05,5,Fast delivery and great packaging.,0.6249,Positive,Men Bootcut Jeans,Urbano Fashion,Wide Leg & Bootcut,944.0
551,331,14,2023-05-19,2023-05,5,Excellent product. Myntra never disappoints.,0.7081,Positive,Men Relaxed Fit Mid-Rise Jeans,HIGHLANDER,Relaxed Fit Jeans,769.0
552,497,40,2024-10-08,2024-10,4,Super comfortable jeans. Bought in two colours.,0.802,Positive,Men Relaxed Fit Jeans,Roadster,Relaxed Fit Jeans,645.0
553,82,2,2023-06-11,2023-06,5,Amazing quality! Totally worth the price.,0.7419,Positive,Men Slim Fit Jeans,Flying Machine,Slim Fit Jeans,1829.0
554,16,1,2023-07-04,2023-07,1,The color faded after first wash. Very disappointing.,-0.5413,Negative,Men Loose Fit Cotton Jeans,WROGN,Relaxed Fit Jeans,1374.0
555,38,13,2023-08-10,2023-08,5,Fits perfectly. Very happy with the purchase.,0.8479,Positive,Men Slim Fit Stretchable Jeans,WROGN,Slim Fit Jeans,1275.0
556,35,19,2024-11-26,2024-11,3,Not bad but not great either. Fits okay.,-0.2883,Neutral,Men Straight Fit Jeans,Kotty,Regular Fit Jeans,719.0
557,24,12,2024-05-11,2024-05,5,Delivery was quick and product is exactly as described.,0.0,Mixed Positive,Men Relaxed Fit Jeans,styzon,Relaxed Fit Jeans,989.0
558,18,8,2023-07-11,2023-07,3,Material is fine but the colour is slightly different.,0.1027,Neutral,Men Wide Leg Heavy Fade Jeans,Bene Kleed,Wide Leg & Bootcut,839.0
559,51,43,2023-09-08,2023-09,3,Okay product. Expected more based on the description.,0.2263,Neutral,Men Mid-Rise Stretchable Jeans,MASTERLY WEFT,Stretchable Jeans,959.0
560,358,45,2024-08-12,2024-08,5,Super comfortable jeans. Bought in two colours.,0.802,Positive,Men Wide Leg Cotton Jeans,HIGHLANDER,Wide Leg & Bootcut,1099.0
561,385,48,2024-10-16,2024-10,1,Quality is below average. Not what I expected.,0.0,Mixed Negative,Men Bootcut Jeans,HERE&NOW,Wide Leg & Bootcut,869.0
562,421,49,2023-08-06,2023-08,1,The jeans are too tight at the waist. Sizing is off.,0.0,Mixed Negative,Non Stretchable Cotton Jeans,Flying Machine,Stretchable Jeans,1829.0
563,112,33,2023-09-21,2023-09,3,Okay product. Expected more based on the description.,0.2263,Neutral,Men Straight Fit Jeans,glitchez,Regular Fit Jeans,797.0
564,146,47,2023-11-17,2023-11,5,Super comfortable jeans. Bought in two colours.,0.802,Positive,Plus Size Stretchable Jeans,Sztori,Stretchable Jeans,863.0
565,30,46,2024-10-03,2024-10,4,Beautiful design. Exactly as shown in the photo.,0.5994,Positive,Men Slim Fit Jeans,HIGHLANDER,Slim Fit Jeans,675.0
566,496,12,2024-06-29,2024-06,5,Super comfortable jeans. Bought in two colours.,0.802,Positive,Men Relaxed Fit Jeans,styzon,Relaxed Fit Jeans,989.0
567,376,47,2024-11-03,2024-11,5,Excellent product. Myntra never disappoints.,0.7081,Positive,Plus Size Stretchable Jeans,Sztori,Stretchable Jeans,863.0
568,366,37,2024-10-04,2024-10,5,Perfect fit. The material feels premium.,0.7351,Positive,Men Straight Fit Jeans,V-Mart,Regular Fit Jeans,809.0
569,342,44,2024-01-25,2024-01,5,Loved the fabric and the fit. Will buy again.,0.7506,Positive,Men Baggy Loose Jeans,glitchez,Relaxed Fit Jeans,747.0
570,92,17,2023-08-08,2023-08,1,Customer support was unhelpful when I raised an issue.,0.4019,Mixed Negative,Men Low-Rise Jeans,Kotty,Denim & Jeans,519.0
571,96,46,2023-12-25,2023-12,5,Perfect fit. The material feels premium.,0.7351,Positive,Men Slim Fit Jeans,HIGHLANDER,Slim Fit Jeans,675.0
572,453,11,2023-02-13,2023-02,4,Loved the fabric and the fit. Will buy again.,0.7506,Positive,Men Slim Fit Jeans,Calvin Klein Jeans,Slim Fit Jeans,949.0
573,372,19,2023-12-21,2023-12,2,Delivery was very late. Poor experience.,-0.5233,Negative,Men Straight Fit Jeans,Kotty,Regular Fit Jeans,719.0
574,14,7,2024-11-26,2024-11,3,Average quality. Nothing special about it.,-0.3089,Neutral,Men Relaxed Fit Jeans,Urbano Fashion,Relaxed Fit Jeans,944.0
575,412,28,2023-04-26,2023-04,5,Fast delivery and great packaging.,0.6249,Positive,Men Straight Fit Jeans,Mast & Harbour,Regular Fit Jeans,764.0
576,378,9,2024-02-26,2024-02,5,Super comfortable jeans. Bought in two colours.,0.802,Positive,Men Regular Fit Mid-Rise Jeans,Roadster,Regular Fit Jeans,759.0
577,260,26,2023-07-13,2023-07,5,Amazing quality! Totally worth the price.,0.7419,Positive,Men Slim Fit Mid-Rise Jeans,The Indian Garage Co,Slim Fit Jeans,659.0
578,88,11,2023-01-17,2023-01,5,Loved the fabric and the fit. Will buy again.,0.7506,Positive,Men Slim Fit Jeans,Calvin Klein Jeans,Slim Fit Jeans,949.0
579,107,42,2023-12-13,2023-12,1,Received a damaged product. Very unhappy.,-0.7178,Negative,Men Slim Fit Jeans,Nautica,Slim Fit Jeans,1088.0
580,40,39,2023-07-22,2023-07,5,Excellent product. Myntra never disappoints.,0.7081,Positive,Men Regular Fit Jeans,Levis,Regular Fit Jeans,944.0
581,166,21,2024-04-03,2024-04,5,Fast delivery and great packaging.,0.6249,Positive,Men Low-Rise Cargo  Jeans,Kotty,Joggers & Cargo,639.0
582,212,32,2023-10-26,2023-10,1,Product looks different from the photo online.,0.0,Mixed Negative,Men Relaxed Fit Jeans,The Indian Garage Co,Relaxed Fit Jeans,808.0
583,232,40,2024-03-22,2024-03,4,Fits perfectly. Very happy with the purchase.,0.8479,Positive,Men Relaxed Fit Jeans,Roadster,Relaxed Fit Jeans,645.0
584,334,29,2023-01-25,2023-01,4,Amazing quality! Totally worth the price.,0.7419,Positive,Men Slim Fit Jeans,Roadster,Slim Fit Jeans,681.0
585,119,21,2024-06-06,2024-06,4,Excellent product. Myntra never disappoints.,0.7081,Positive,Men Low-Rise Cargo  Jeans,Kotty,Joggers & Cargo,639.0
586,86,30,2024-03-28,2024-03,4,Amazing quality! Totally worth the price.,0.7419,Positive,Men Slim Tapered Fit Jeans,Mast & Harbour,Slim Fit Jeans,701.0
587,96,37,2024-07-15,2024-07,5,Super comfortable jeans. Bought in two colours.,0.802,Positive,Men Straight Fit Jeans,V-Mart,Regular Fit Jeans,809.0
588,56,6,2024-01-05,2024-01,1,Material feels cheap. Not worth the price at all.,-0.1695,Negative,Men Stretchable Jeans,HERE&NOW,Stretchable Jeans,798.0
589,459,13,2024-03-13,2024-03,5,Fast delivery and great packaging.,0.6249,Positive,Men Slim Fit Stretchable Jeans,WROGN,Slim Fit Jeans,1275.0
590,21,24,2024-09-02,2024-09,5,Perfect fit. The material feels premium.,0.7351,Positive,Men Slim Fit Jeans,Urbano Fashion,Slim Fit Jeans,629.0
591,346,31,2023-03-09,2023-03,1,Product looks different from the photo online.,0.0,Mixed Negative,Men Pure Cotton Skater Jeans,The Indian Garage Co,Denim & Jeans,688.0
592,369,6,2023-03-21,2023-03,5,Excellent product. Myntra never disappoints.,0.7081,Positive,Men Stretchable Jeans,HERE&NOW,Stretchable Jeans,798.0
593,291,28,2024-03-26,2024-03,4,Beautiful design. Exactly as shown in the photo.,0.5994,Positive,Men Straight Fit Jeans,Mast & Harbour,Regular Fit Jeans,764.0
594,46,11,2024-11-04,2024-11,5,Perfect fit. The material feels premium.,0.7351,Positive,Men Slim Fit Jeans,Calvin Klein Jeans,Slim Fit Jeans,949.0
595,310,2,2024-11-07,2024-11,5,Excellent product. Myntra never disappoints.,0.7081,Positive,Men Slim Fit Jeans,Flying Machine,Slim Fit Jeans,1829.0
596,278,43,2023-09-10,2023-09,4,Excellent product. Myntra never disappoints.,0.7081,Positive,Men Mid-Rise Stretchable Jeans,MASTERLY WEFT,Stretchable Jeans,959.0
597,421,22,2023-10-08,2023-10,5,Delivery was quick and product is exactly as described.,0.0,Mixed Positive,Men Mid-Rise Skinny Fit Jeans,Mufti,Slim Fit Jeans,1393.0
598,214,5,2024-03-25,2024-03,5,Super comfortable jeans. Bought in two colours.,0.802,Positive,Men 511 Slim Fit Jeans,Levis,Slim Fit Jeans,1478.0
599,50,31,2023-01-30,2023-01,5,Great value for money. Highly recommend.,0.8516,Positive,Men Pure Cotton Skater Jeans,The Indian Garage Co,Denim & Jeans,688.0
600,170,5,2023-11-10,2023-11,1,Size runs small. Return process is very difficult.,-0.4201,Negative,Men 511 Slim Fit Jeans,Levis,Slim Fit Jeans,1478.0
601,67,10,2023-02-11,2023-02,5,Super comfortable jeans. Bought in two colours.,0.802,Positive,Men Jogger Mid-Rise Jeans,styzon,Joggers & Cargo,899.0
602,491,15,2023-12-25,2023-12,5,Perfect fit. The material feels premium.,0.7351,Positive,Men Mid-Rise Boot Cut Jeans,Bene Kleed,Denim & Jeans,873.0
603,70,21,2024-11-03,2024-11,4,Perfect fit. The material feels premium.,0.7351,Positive,Men Low-Rise Cargo  Jeans,Kotty,Joggers & Cargo,639.0
604,302,42,2024-10-13,2024-10,5,Loved the fabric and the fit. Will buy again.,0.7506,Positive,Men Slim Fit Jeans,Nautica,Slim Fit Jeans,1088.0
605,402,16,2024-04-30,2024-04,5,Perfect fit. The material feels premium.,0.7351,Positive,Men Relaxed Fit Jeans,Flying Machine,Relaxed Fit Jeans,2309.0
606,318,39,2023-06-25,2023-06,4,Perfect fit. The material feels premium.,0.7351,Positive,Men Regular Fit Jeans,Levis,Regular Fit Jeans,944.0
607,242,44,2024-12-18,2024-12,5,Fits perfectly. Very happy with the purchase.,0.8479,Positive,Men Baggy Loose Jeans,glitchez,Relaxed Fit Jeans,747.0
608,125,37,2024-09-19,2024-09,5,Loved the fabric and the fit. Will buy again.,0.7506,Positive,Men Straight Fit Jeans,V-Mart,Regular Fit Jeans,809.0
609,158,50,2024-06-25,2024-06,5,Beautiful design. Exactly as shown in the photo.,0.5994,Positive,30 Days No Wash Jeans,TURMS,Denim & Jeans,3499.0
610,128,38,2024-04-10,2024-04,4,Perfect fit. The material feels premium.,0.7351,Positive,Men Bootcut Jeans,Urbano Fashion,Wide Leg & Bootcut,944.0
611,178,9,2024-11-24,2024-11,5,Great value for money. Highly recommend.,0.8516,Positive,Men Regular Fit Mid-Rise Jeans,Roadster,Regular Fit Jeans,759.0
612,339,30,2024-03-02,2024-03,5,Delivery was quick and product is exactly as described.,0.0,Mixed Positive,Men Slim Tapered Fit Jeans,Mast & Harbour,Slim Fit Jeans,701.0
613,426,16,2023-08-20,2023-08,4,Loved the fabric and the fit. Will buy again.,0.7506,Positive,Men Relaxed Fit Jeans,Flying Machine,Relaxed Fit Jeans,2309.0
614,437,7,2023-02-27,2023-02,5,Amazing quality! Totally worth the price.,0.7419,Positive,Men Relaxed Fit Jeans,Urbano Fashion,Relaxed Fit Jeans,944.0
615,135,45,2023-04-30,2023-04,4,Fits perfectly. Very happy with the purchase.,0.8479,Positive,Men Wide Leg Cotton Jeans,HIGHLANDER,Wide Leg & Bootcut,1099.0
616,452,45,2023-09-19,2023-09,5,Fast delivery and great packaging.,0.6249,Positive,Men Wide Leg Cotton Jeans,HIGHLANDER,Wide Leg & Bootcut,1099.0
617,88,34,2024-02-15,2024-02,5,Loved the fabric and the fit. Will buy again.,0.7506,Positive,Men Bootcut Stretchable Jeans,Thomas Scott,Wide Leg & Bootcut,874.0
618,17,19,2024-04-15,2024-04,5,Loved the fabric and the fit. Will buy again.,0.7506,Positive,Men Straight Fit Jeans,Kotty,Regular Fit Jeans,719.0
619,483,20,2024-10-30,2024-10,4,Great value for money. Highly recommend.,0.8516,Positive,Men Bootcut Jeans,Mast & Harbour,Wide Leg & Bootcut,869.0
620,240,22,2023-04-18,2023-04,3,Okay product. Expected more based on the description.,0.2263,Neutral,Men Mid-Rise Skinny Fit Jeans,Mufti,Slim Fit Jeans,1393.0
621,245,42,2023-12-07,2023-12,4,Delivery was quick and product is exactly as described.,0.0,Mixed Positive,Men Slim Fit Jeans,Nautica,Slim Fit Jeans,1088.0
622,92,41,2023-11-03,2023-11,4,Fast delivery and great packaging.,0.6249,Positive,Men Tapered Fit Jeans,Flying Machine,Denim & Jeans,1829.0
623,39,11,2024-01-11,2024-01,5,Beautiful design. Exactly as shown in the photo.,0.5994,Positive,Men Slim Fit Jeans,Calvin Klein Jeans,Slim Fit Jeans,949.0
624,329,40,2024-05-17,2024-05,5,Fast delivery and great packaging.,0.6249,Positive,Men Relaxed Fit Jeans,Roadster,Relaxed Fit Jeans,645.0
625,306,33,2024-08-23,2024-08,3,Okay product. Expected more based on the description.,0.2263,Neutral,Men Straight Fit Jeans,glitchez,Regular Fit Jeans,797.0
626,110,42,2023-11-27,2023-11,5,Loved the fabric and the fit. Will buy again.,0.7506,Positive,Men Slim Fit Jeans,Nautica,Slim Fit Jeans,1088.0
627,292,8,2024-10-22,2024-10,5,Delivery was quick and product is exactly as described.,0.0,Mixed Positive,Men Wide Leg Heavy Fade Jeans,Bene Kleed,Wide Leg & Bootcut,839.0
628,134,24,2023-05-03,2023-05,4,Amazing quality! Totally worth the price.,0.7419,Positive,Men Slim Fit Jeans,Urbano Fashion,Slim Fit Jeans,629.0
629,246,37,2023-10-12,2023-10,5,Fast delivery and great packaging.,0.6249,Positive,Men Straight Fit Jeans,V-Mart,Regular Fit Jeans,809.0
630,88,17,2024-07-25,2024-07,3,Average quality. Nothing special about it.,-0.3089,Neutral,Men Low-Rise Jeans,Kotty,Denim & Jeans,519.0
631,47,9,2024-05-30,2024-05,4,Fits perfectly. Very happy with the purchase.,0.8479,Positive,Men Regular Fit Mid-Rise Jeans,Roadster,Regular Fit Jeans,759.0
632,274,41,2024-05-04,2024-05,4,Excellent product. Myntra never disappoints.,0.7081,Positive,Men Tapered Fit Jeans,Flying Machine,Denim & Jeans,1829.0
633,419,41,2023-02-18,2023-02,5,Beautiful design. Exactly as shown in the photo.,0.5994,Positive,Men Tapered Fit Jeans,Flying Machine,Denim & Jeans,1829.0
634,378,48,2024-03-06,2024-03,1,Product looks different from the photo online.,0.0,Mixed Negative,Men Bootcut Jeans,HERE&NOW,Wide Leg & Bootcut,869.0
635,321,27,2024-09-01,2024-09,5,Fast delivery and great packaging.,0.6249,Positive,Men Slim Fit Jeans,French Connection,Slim Fit Jeans,1294.0
636,410,5,2023-05-31,2023-05,3,Not bad but not great either. Fits okay.,-0.2883,Neutral,Men 511 Slim Fit Jeans,Levis,Slim Fit Jeans,1478.0
637,198,22,2023-02-07,2023-02,5,Super comfortable jeans. Bought in two colours.,0.802,Positive,Men Mid-Rise Skinny Fit Jeans,Mufti,Slim Fit Jeans,1393.0
638,180,38,2023-03-27,2023-03,1,Delivery was very late. Poor experience.,-0.5233,Negative,Men Bootcut Jeans,Urbano Fashion,Wide Leg & Bootcut,944.0
639,373,13,2023-05-23,2023-05,1,Delivery was very late. Poor experience.,-0.5233,Negative,Men Slim Fit Stretchable Jeans,WROGN,Slim Fit Jeans,1275.0
640,96,31,2023-02-23,2023-02,2,Quality is below average. Not what I expected.,0.0,Mixed Negative,Men Pure Cotton Skater Jeans,The Indian Garage Co,Denim & Jeans,688.0
641,493,15,2024-06-07,2024-06,3,Material is fine but the colour is slightly different.,0.1027,Neutral,Men Mid-Rise Boot Cut Jeans,Bene Kleed,Denim & Jeans,873.0
642,455,6,2024-02-05,2024-02,5,Fast delivery and great packaging.,0.6249,Positive,Men Stretchable Jeans,HERE&NOW,Stretchable Jeans,798.0
643,436,30,2023-02-07,2023-02,4,Delivery was quick and product is exactly as described.,0.0,Mixed Positive,Men Slim Tapered Fit Jeans,Mast & Harbour,Slim Fit Jeans,701.0
644,259,17,2024-04-08,2024-04,5,Beautiful design. Exactly as shown in the photo.,0.5994,Positive,Men Low-Rise Jeans,Kotty,Denim & Jeans,519.0
645,430,18,2023-10-12,2023-10,3,Decent product but could be better for the price.,0.5927,Neutral,Men Wide Leg Jeans,Roadster,Wide Leg & Bootcut,999.0
646,87,16,2024-05-15,2024-05,2,Stitching came off within a week. Terrible quality.,-0.4767,Negative,Men Relaxed Fit Jeans,Flying Machine,Relaxed Fit Jeans,2309.0
647,297,24,2023-12-29,2023-12,5,Perfect fit. The material feels premium.,0.7351,Positive,Men Slim Fit Jeans,Urbano Fashion,Slim Fit Jeans,629.0
648,140,30,2024-09-06,2024-09,3,Okay product. Expected more based on the description.,0.2263,Neutral,Men Slim Tapered Fit Jeans,Mast & Harbour,Slim Fit Jeans,701.0
649,360,49,2024-05-16,2024-05,5,Super comfortable jeans. Bought in two colours.,0.802,Positive,Non Stretchable Cotton Jeans,Flying Machine,Stretchable Jeans,1829.0
650,256,31,2023-11-18,2023-11,5,Loved the fabric and the fit. Will buy again.,0.7506,Positive,Men Pure Cotton Skater Jeans,The Indian Garage Co,Denim & Jeans,688.0
651,200,29,2023-08-02,2023-08,5,Delivery was quick and product is exactly as described.,0.0,Mixed Positive,Men Slim Fit Jeans,Roadster,Slim Fit Jeans,681.0
652,189,38,2023-02-11,2023-02,4,Super comfortable jeans. Bought in two colours.,0.802,Positive,Men Bootcut Jeans,Urbano Fashion,Wide Leg & Bootcut,944.0
653,3,50,2023-11-21,2023-11,3,Okay product. Expected more based on the description.,0.2263,Neutral,30 Days No Wash Jeans,TURMS,Denim & Jeans,3499.0
654,499,28,2023-12-16,2023-12,4,Fits perfectly. Very happy with the purchase.,0.8479,Positive,Men Straight Fit Jeans,Mast & Harbour,Regular Fit Jeans,764.0
655,210,40,2024-10-09,2024-10,5,Loved the fabric and the fit. Will buy again.,0.7506,Positive,Men Relaxed Fit Jeans,Roadster,Relaxed Fit Jeans,645.0
656,215,14,2024-09-24,2024-09,5,Beautiful design. Exactly as shown in the photo.,0.5994,Positive,Men Relaxed Fit Mid-Rise Jeans,HIGHLANDER,Relaxed Fit Jeans,769.0
657,168,6,2024-05-12,2024-05,4,Super comfortable jeans. Bought in two colours.,0.802,Positive,Men Stretchable Jeans,HERE&NOW,Stretchable Jeans,798.0
658,200,11,2023-05-13,2023-05,5,Fast delivery and great packaging.,0.6249,Positive,Men Slim Fit Jeans,Calvin Klein Jeans,Slim Fit Jeans,949.0
659,270,2,2023-04-17,2023-04,5,Beautiful design. Exactly as shown in the photo.,0.5994,Positive,Men Slim Fit Jeans,Flying Machine,Slim Fit Jeans,1829.0
660,32,33,2023-10-28,2023-10,5,Loved the fabric and the fit. Will buy again.,0.7506,Positive,Men Straight Fit Jeans,glitchez,Regular Fit Jeans,797.0
661,124,22,2024-01-18,2024-01,4,Delivery was quick and product is exactly as described.,0.0,Mixed Positive,Men Mid-Rise Skinny Fit Jeans,Mufti,Slim Fit Jeans,1393.0
662,392,47,2024-04-09,2024-04,3,Okay product. Expected more based on the description.,0.2263,Neutral,Plus Size Stretchable Jeans,Sztori,Stretchable Jeans,863.0
663,472,44,2024-03-03,2024-03,5,Great value for money. Highly recommend.,0.8516,Positive,Men Baggy Loose Jeans,glitchez,Relaxed Fit Jeans,747.0
664,287,48,2023-09-16,2023-09,5,Great value for money. Highly recommend.,0.8516,Positive,Men Bootcut Jeans,HERE&NOW,Wide Leg & Bootcut,869.0
665,39,11,2023-12-05,2023-12,5,Great value for money. Highly recommend.,0.8516,Positive,Men Slim Fit Jeans,Calvin Klein Jeans,Slim Fit Jeans,949.0
666,215,30,2023-10-25,2023-10,3,Okay product. Expected more based on the description.,0.2263,Neutral,Men Slim Tapered Fit Jeans,Mast & Harbour,Slim Fit Jeans,701.0
667,396,11,2023-11-29,2023-11,5,Amazing quality! Totally worth the price.,0.7419,Positive,Men Slim Fit Jeans,Calvin Klein Jeans,Slim Fit Jeans,949.0
668,319,18,2023-06-29,2023-06,5,Super comfortable jeans. Bought in two colours.,0.802,Positive,Men Wide Leg Jeans,Roadster,Wide Leg & Bootcut,999.0
669,204,32,2024-10-01,2024-10,5,Beautiful design. Exactly as shown in the photo.,0.5994,Positive,Men Relaxed Fit Jeans,The Indian Garage Co,Relaxed Fit Jeans,808.0
670,73,4,2023-02-24,2023-02,4,Delivery was quick and product is exactly as described.,0.0,Mixed Positive,Relaxed Fit Denim Jeans,Bene Kleed,Relaxed Fit Jeans,873.0
671,31,36,2023-01-01,2023-01,5,Perfect fit. The material feels premium.,0.7351,Positive,Men Straight Fit Jeans,Bene Kleed,Regular Fit Jeans,989.0
672,145,10,2023-05-12,2023-05,4,Fast delivery and great packaging.,0.6249,Positive,Men Jogger Mid-Rise Jeans,styzon,Joggers & Cargo,899.0
673,279,22,2024-12-12,2024-12,4,Great value for money. Highly recommend.,0.8516,Positive,Men Mid-Rise Skinny Fit Jeans,Mufti,Slim Fit Jeans,1393.0
674,193,46,2024-05-08,2024-05,1,The color faded after first wash. Very disappointing.,-0.5413,Negative,Men Slim Fit Jeans,HIGHLANDER,Slim Fit Jeans,675.0
675,67,47,2023-11-16,2023-11,3,Average quality. Nothing special about it.,-0.3089,Neutral,Plus Size Stretchable Jeans,Sztori,Stretchable Jeans,863.0
676,73,2,2023-12-29,2023-12,4,Loved the fabric and the fit. Will buy again.,0.7506,Positive,Men Slim Fit Jeans,Flying Machine,Slim Fit Jeans,1829.0
677,36,34,2023-03-20,2023-03,4,Fits perfectly. Very happy with the purchase.,0.8479,Positive,Men Bootcut Stretchable Jeans,Thomas Scott,Wide Leg & Bootcut,874.0
678,92,42,2024-06-17,2024-06,5,Perfect fit. The material feels premium.,0.7351,Positive,Men Slim Fit Jeans,Nautica,Slim Fit Jeans,1088.0
679,338,14,2023-07-13,2023-07,4,Great value for money. Highly recommend.,0.8516,Positive,Men Relaxed Fit Mid-Rise Jeans,HIGHLANDER,Relaxed Fit Jeans,769.0
680,34,31,2024-09-19,2024-09,5,Amazing quality! Totally worth the price.,0.7419,Positive,Men Pure Cotton Skater Jeans,The Indian Garage Co,Denim & Jeans,688.0
681,119,4,2024-11-24,2024-11,2,Stitching came off within a week. Terrible quality.,-0.4767,Negative,Relaxed Fit Denim Jeans,Bene Kleed,Relaxed Fit Jeans,873.0
682,155,16,2024-10-27,2024-10,5,Great value for money. Highly recommend.,0.8516,Positive,Men Relaxed Fit Jeans,Flying Machine,Relaxed Fit Jeans,2309.0
683,323,39,2023-01-17,2023-01,4,Beautiful design. Exactly as shown in the photo.,0.5994,Positive,Men Regular Fit Jeans,Levis,Regular Fit Jeans,944.0
684,25,47,2024-07-07,2024-07,5,Fast delivery and great packaging.,0.6249,Positive,Plus Size Stretchable Jeans,Sztori,Stretchable Jeans,863.0
685,249,47,2024-03-01,2024-03,3,Decent product but could be better for the price.,0.5927,Neutral,Plus Size Stretchable Jeans,Sztori,Stretchable Jeans,863.0
686,233,16,2024-04-19,2024-04,5,Beautiful design. Exactly as shown in the photo.,0.5994,Positive,Men Relaxed Fit Jeans,Flying Machine,Relaxed Fit Jeans,2309.0
687,183,23,2023-11-15,2023-11,5,Great value for money. Highly recommend.,0.8516,Positive,Men Stretchable Jeans,Mast & Harbour,Stretchable Jeans,758.0
688,57,40,2024-05-31,2024-05,4,Delivery was quick and product is exactly as described.,0.0,Mixed Positive,Men Relaxed Fit Jeans,Roadster,Relaxed Fit Jeans,645.0
689,56,4,2023-04-24,2023-04,4,Excellent product. Myntra never disappoints.,0.7081,Positive,Relaxed Fit Denim Jeans,Bene Kleed,Relaxed Fit Jeans,873.0
690,121,4,2023-07-30,2023-07,2,Received a damaged product. Very unhappy.,-0.7178,Negative,Relaxed Fit Denim Jeans,Bene Kleed,Relaxed Fit Jeans,873.0
691,485,6,2024-10-30,2024-10,5,Loved the fabric and the fit. Will buy again.,0.7506,Positive,Men Stretchable Jeans,HERE&NOW,Stretchable Jeans,798.0
692,173,48,2023-11-19,2023-11,3,Decent product but could be better for the price.,0.5927,Neutral,Men Bootcut Jeans,HERE&NOW,Wide Leg & Bootcut,869.0
693,222,9,2023-01-18,2023-01,5,Super comfortable jeans. Bought in two colours.,0.802,Positive,Men Regular Fit Mid-Rise Jeans,Roadster,Regular Fit Jeans,759.0
694,164,41,2023-04-19,2023-04,5,Beautiful design. Exactly as shown in the photo.,0.5994,Positive,Men Tapered Fit Jeans,Flying Machine,Denim & Jeans,1829.0
695,81,7,2024-03-23,2024-03,5,Excellent product. Myntra never disappoints.,0.7081,Positive,Men Relaxed Fit Jeans,Urbano Fashion,Relaxed Fit Jeans,944.0
696,377,17,2023-09-08,2023-09,5,Beautiful design. Exactly as shown in the photo.,0.5994,Positive,Men Low-Rise Jeans,Kotty,Denim & Jeans,519.0
697,233,16,2024-08-15,2024-08,5,Super comfortable jeans. Bought in two colours.,0.802,Positive,Men Relaxed Fit Jeans,Flying Machine,Relaxed Fit Jeans,2309.0
698,423,31,2023-12-02,2023-12,1,Received a damaged product. Very unhappy.,-0.7178,Negative,Men Pure Cotton Skater Jeans,The Indian Garage Co,Denim & Jeans,688.0
699,380,50,2023-08-23,2023-08,5,Great value for money. Highly recommend.,0.8516,Positive,30 Days No Wash Jeans,TURMS,Denim & Jeans,3499.0
700,83,24,2023-04-25,2023-04,5,Perfect fit. The material feels premium.,0.7351,Positive,Men Slim Fit Jeans,Urbano Fashion,Slim Fit Jeans,629.0
701,309,6,2024-07-26,2024-07,5,Perfect fit. The material feels premium.,0.7351,Positive,Men Stretchable Jeans,HERE&NOW,Stretchable Jeans,798.0
702,184,6,2024-09-09,2024-09,5,Delivery was quick and product is exactly as described.,0.0,Mixed Positive,Men Stretchable Jeans,HERE&NOW,Stretchable Jeans,798.0
703,359,38,2024-12-24,2024-12,4,Great value for money. Highly recommend.,0.8516,Positive,Men Bootcut Jeans,Urbano Fashion,Wide Leg & Bootcut,944.0
704,222,17,2023-11-02,2023-11,4,Beautiful design. Exactly as shown in the photo.,0.5994,Positive,Men Low-Rise Jeans,Kotty,Denim & Jeans,519.0
705,133,5,2023-01-31,2023-01,5,Loved the fabric and the fit. Will buy again.,0.7506,Positive,Men 511 Slim Fit Jeans,Levis,Slim Fit Jeans,1478.0
706,193,32,2024-06-22,2024-06,5,Loved the fabric and the fit. Will buy again.,0.7506,Positive,Men Relaxed Fit Jeans,The Indian Garage Co,Relaxed Fit Jeans,808.0
707,258,38,2023-03-12,2023-03,5,Great value for money. Highly recommend.,0.8516,Positive,Men Bootcut Jeans,Urbano Fashion,Wide Leg & Bootcut,944.0
708,64,44,2023-02-16,2023-02,4,Super comfortable jeans. Bought in two colours.,0.802,Positive,Men Baggy Loose Jeans,glitchez,Relaxed Fit Jeans,747.0
709,348,49,2024-09-22,2024-09,4,Super comfortable jeans. Bought in two colours.,0.802,Positive,Non Stretchable Cotton Jeans,Flying Machine,Stretchable Jeans,1829.0
710,463,3,2023-12-18,2023-12,3,Not bad but not great either. Fits okay.,-0.2883,Neutral,Men Pure Cotton Jeans,Roadster,Denim & Jeans,974.0
711,159,43,2024-12-08,2024-12,5,Perfect fit. The material feels premium.,0.7351,Positive,Men Mid-Rise Stretchable Jeans,MASTERLY WEFT,Stretchable Jeans,959.0
712,254,16,2024-10-12,2024-10,1,The jeans are too tight at the waist. Sizing is off.,0.0,Mixed Negative,Men Relaxed Fit Jeans,Flying Machine,Relaxed Fit Jeans,2309.0
713,51,15,2024-02-28,2024-02,4,Beautiful design. Exactly as shown in the photo.,0.5994,Positive,Men Mid-Rise Boot Cut Jeans,Bene Kleed,Denim & Jeans,873.0
714,411,44,2023-05-11,2023-05,5,Amazing quality! Totally worth the price.,0.7419,Positive,Men Baggy Loose Jeans,glitchez,Relaxed Fit Jeans,747.0
715,432,12,2023-11-28,2023-11,5,Beautiful design. Exactly as shown in the photo.,0.5994,Positive,Men Relaxed Fit Jeans,styzon,Relaxed Fit Jeans,989.0
716,472,43,2024-12-29,2024-12,4,Excellent product. Myntra never disappoints.,0.7081,Positive,Men Mid-Rise Stretchable Jeans,MASTERLY WEFT,Stretchable Jeans,959.0
717,352,33,2024-05-16,2024-05,5,Loved the fabric and the fit. Will buy again.,0.7506,Positive,Men Straight Fit Jeans,glitchez,Regular Fit Jeans,797.0
718,465,26,2024-03-09,2024-03,4,Fast delivery and great packaging.,0.6249,Positive,Men Slim Fit Mid-Rise Jeans,The Indian Garage Co,Slim Fit Jeans,659.0
719,57,45,2024-04-24,2024-04,5,Perfect fit. The material feels premium.,0.7351,Positive,Men Wide Leg Cotton Jeans,HIGHLANDER,Wide Leg & Bootcut,1099.0
720,213,36,2024-03-07,2024-03,4,Beautiful design. Exactly as shown in the photo.,0.5994,Positive,Men Straight Fit Jeans,Bene Kleed,Regular Fit Jeans,989.0
721,479,48,2024-03-06,2024-03,5,Excellent product. Myntra never disappoints.,0.7081,Positive,Men Bootcut Jeans,HERE&NOW,Wide Leg & Bootcut,869.0
722,452,24,2024-08-05,2024-08,3,Okay product. Expected more based on the description.,0.2263,Neutral,Men Slim Fit Jeans,Urbano Fashion,Slim Fit Jeans,629.0
723,107,38,2023-08-13,2023-08,4,Beautiful design. Exactly as shown in the photo.,0.5994,Positive,Men Bootcut Jeans,Urbano Fashion,Wide Leg & Bootcut,944.0
724,477,5,2024-01-16,2024-01,4,Fits perfectly. Very happy with the purchase.,0.8479,Positive,Men 511 Slim Fit Jeans,Levis,Slim Fit Jeans,1478.0
725,66,6,2024-08-30,2024-08,5,Great value for money. Highly recommend.,0.8516,Positive,Men Stretchable Jeans,HERE&NOW,Stretchable Jeans,798.0
726,286,49,2023-11-16,2023-11,5,Beautiful design. Exactly as shown in the photo.,0.5994,Positive,Non Stretchable Cotton Jeans,Flying Machine,Stretchable Jeans,1829.0
727,247,37,2024-06-22,2024-06,5,Beautiful design. Exactly as shown in the photo.,0.5994,Positive,Men Straight Fit Jeans,V-Mart,Regular Fit Jeans,809.0
728,44,37,2023-07-22,2023-07,5,Perfect fit. The material feels premium.,0.7351,Positive,Men Straight Fit Jeans,V-Mart,Regular Fit Jeans,809.0
729,27,17,2024-10-04,2024-10,4,Fits perfectly. Very happy with the purchase.,0.8479,Positive,Men Low-Rise Jeans,Kotty,Denim & Jeans,519.0
730,93,49,2023-07-07,2023-07,5,Beautiful design. Exactly as shown in the photo.,0.5994,Positive,Non Stretchable Cotton Jeans,Flying Machine,Stretchable Jeans,1829.0
731,121,1,2023-05-17,2023-05,4,Delivery was quick and product is exactly as described.,0.0,Mixed Positive,Men Loose Fit Cotton Jeans,WROGN,Relaxed Fit Jeans,1374.0
732,57,32,2023-01-11,2023-01,5,Loved the fabric and the fit. Will buy again.,0.7506,Positive,Men Relaxed Fit Jeans,The Indian Garage Co,Relaxed Fit Jeans,808.0
733,442,28,2024-05-29,2024-05,4,Fast delivery and great packaging.,0.6249,Positive,Men Straight Fit Jeans,Mast & Harbour,Regular Fit Jeans,764.0
734,116,25,2023-12-21,2023-12,3,Decent product but could be better for the price.,0.5927,Neutral,Men Relaxed Fit Jeans,FUGAZEE,Relaxed Fit Jeans,2099.0
735,179,27,2023-07-13,2023-07,1,Size runs small. Return process is very difficult.,-0.4201,Negative,Men Slim Fit Jeans,French Connection,Slim Fit Jeans,1294.0
736,375,19,2024-09-27,2024-09,4,Great value for money. Highly recommend.,0.8516,Positive,Men Straight Fit Jeans,Kotty,Regular Fit Jeans,719.0
737,410,20,2023-01-02,2023-01,3,Material is fine but the colour is slightly different.,0.1027,Neutral,Men Bootcut Jeans,Mast & Harbour,Wide Leg & Bootcut,869.0
738,105,2,2024-04-25,2024-04,5,Amazing quality! Totally worth the price.,0.7419,Positive,Men Slim Fit Jeans,Flying Machine,Slim Fit Jeans,1829.0
739,228,20,2024-12-27,2024-12,3,Average quality. Nothing special about it.,-0.3089,Neutral,Men Bootcut Jeans,Mast & Harbour,Wide Leg & Bootcut,869.0
740,350,47,2023-05-11,2023-05,5,Beautiful design. Exactly as shown in the photo.,0.5994,Positive,Plus Size Stretchable Jeans,Sztori,Stretchable Jeans,863.0
741,264,45,2024-07-24,2024-07,3,Okay product. Expected more based on the description.,0.2263,Neutral,Men Wide Leg Cotton Jeans,HIGHLANDER,Wide Leg & Bootcut,1099.0
742,2,44,2024-07-07,2024-07,5,Amazing quality! Totally worth the price.,0.7419,Positive,Men Baggy Loose Jeans,glitchez,Relaxed Fit Jeans,747.0
743,495,9,2024-02-27,2024-02,5,Delivery was quick and product is exactly as described.,0.0,Mixed Positive,Men Regular Fit Mid-Rise Jeans,Roadster,Regular Fit Jeans,759.0
744,448,5,2024-11-11,2024-11,5,Perfect fit. The material feels premium.,0.7351,Positive,Men 511 Slim Fit Jeans,Levis,Slim Fit Jeans,1478.0
745,239,32,2023-03-22,2023-03,5,Fast delivery and great packaging.,0.6249,Positive,Men Relaxed Fit Jeans,The Indian Garage Co,Relaxed Fit Jeans,808.0
746,218,25,2024-02-05,2024-02,5,Amazing quality! Totally worth the price.,0.7419,Positive,Men Relaxed Fit Jeans,FUGAZEE,Relaxed Fit Jeans,2099.0
747,246,12,2023-11-08,2023-11,4,Beautiful design. Exactly as shown in the photo.,0.5994,Positive,Men Relaxed Fit Jeans,styzon,Relaxed Fit Jeans,989.0
748,298,33,2023-12-01,2023-12,5,Fits perfectly. Very happy with the purchase.,0.8479,Positive,Men Straight Fit Jeans,glitchez,Regular Fit Jeans,797.0
749,313,4,2024-05-18,2024-05,4,Amazing quality! Totally worth the price.,0.7419,Positive,Relaxed Fit Denim Jeans,Bene Kleed,Relaxed Fit Jeans,873.0
750,252,24,2023-08-19,2023-08,5,Delivery was quick and product is exactly as described.,0.0,Mixed Positive,Men Slim Fit Jeans,Urbano Fashion,Slim Fit Jeans,629.0
751,80,46,2023-07-25,2023-07,3,Average quality. Nothing special about it.,-0.3089,Neutral,Men Slim Fit Jeans,HIGHLANDER,Slim Fit Jeans,675.0
752,169,27,2024-12-06,2024-12,4,Great value for money. Highly recommend.,0.8516,Positive,Men Slim Fit Jeans,French Connection,Slim Fit Jeans,1294.0
753,28,24,2023-09-13,2023-09,4,Fast delivery and great packaging.,0.6249,Positive,Men Slim Fit Jeans,Urbano Fashion,Slim Fit Jeans,629.0
754,65,45,2023-03-10,2023-03,4,Super comfortable jeans. Bought in two colours.,0.802,Positive,Men Wide Leg Cotton Jeans,HIGHLANDER,Wide Leg & Bootcut,1099.0
755,150,35,2024-09-29,2024-09,5,Beautiful design. Exactly as shown in the photo.,0.5994,Positive,Men Relaxed Fit Jeans,Mast & Harbour,Relaxed Fit Jeans,819.0
756,490,33,2024-09-05,2024-09,5,Perfect fit. The material feels premium.,0.7351,Positive,Men Straight Fit Jeans,glitchez,Regular Fit Jeans,797.0
757,38,21,2024-12-31,2024-12,3,Material is fine but the colour is slightly different.,0.1027,Neutral,Men Low-Rise Cargo  Jeans,Kotty,Joggers & Cargo,639.0
758,295,6,2023-10-02,2023-10,2,Received a damaged product. Very unhappy.,-0.7178,Negative,Men Stretchable Jeans,HERE&NOW,Stretchable Jeans,798.0
759,430,23,2024-02-28,2024-02,3,Decent product but could be better for the price.,0.5927,Neutral,Men Stretchable Jeans,Mast & Harbour,Stretchable Jeans,758.0
760,56,37,2024-02-01,2024-02,2,Size runs small. Return process is very difficult.,-0.4201,Negative,Men Straight Fit Jeans,V-Mart,Regular Fit Jeans,809.0
761,456,9,2023-01-25,2023-01,5,Excellent product. Myntra never disappoints.,0.7081,Positive,Men Regular Fit Mid-Rise Jeans,Roadster,Regular Fit Jeans,759.0
762,98,43,2023-10-31,2023-10,5,Perfect fit. The material feels premium.,0.7351,Positive,Men Mid-Rise Stretchable Jeans,MASTERLY WEFT,Stretchable Jeans,959.0
763,427,27,2024-05-06,2024-05,5,Excellent product. Myntra never disappoints.,0.7081,Positive,Men Slim Fit Jeans,French Connection,Slim Fit Jeans,1294.0
764,275,28,2024-07-09,2024-07,5,Fast delivery and great packaging.,0.6249,Positive,Men Straight Fit Jeans,Mast & Harbour,Regular Fit Jeans,764.0
765,363,38,2023-02-04,2023-02,4,Great value for money. Highly recommend.,0.8516,Positive,Men Bootcut Jeans,Urbano Fashion,Wide Leg & Bootcut,944.0
766,264,13,2024-03-30,2024-03,5,Great value for money. Highly recommend.,0.8516,Positive,Men Slim Fit Stretchable Jeans,WROGN,Slim Fit Jeans,1275.0
767,492,49,2024-01-09,2024-01,2,The color faded after first wash. Very disappointing.,-0.5413,Negative,Non Stretchable Cotton Jeans,Flying Machine,Stretchable Jeans,1829.0
768,297,50,2023-04-30,2023-04,5,Fits perfectly. Very happy with the purchase.,0.8479,Positive,30 Days No Wash Jeans,TURMS,Denim & Jeans,3499.0
769,55,36,2024-01-28,2024-01,4,Loved the fabric and the fit. Will buy again.,0.7506,Positive,Men Straight Fit Jeans,Bene Kleed,Regular Fit Jeans,989.0
770,274,3,2024-05-19,2024-05,5,Fits perfectly. Very happy with the purchase.,0.8479,Positive,Men Pure Cotton Jeans,Roadster,Denim & Jeans,974.0
771,463,15,2023-01-30,2023-01,5,Super comfortable jeans. Bought in two colours.,0.802,Positive,Men Mid-Rise Boot Cut Jeans,Bene Kleed,Denim & Jeans,873.0
772,81,1,2023-03-10,2023-03,5,Fits perfectly. Very happy with the purchase.,0.8479,Positive,Men Loose Fit Cotton Jeans,WROGN,Relaxed Fit Jeans,1374.0
773,220,15,2024-05-03,2024-05,5,Delivery was quick and product is exactly as described.,0.0,Mixed Positive,Men Mid-Rise Boot Cut Jeans,Bene Kleed,Denim & Jeans,873.0
774,397,17,2023-10-30,2023-10,4,Amazing quality! Totally worth the price.,0.7419,Positive,Men Low-Rise Jeans,Kotty,Denim & Jeans,519.0
775,328,7,2024-04-16,2024-04,5,Beautiful design. Exactly as shown in the photo.,0.5994,Positive,Men Relaxed Fit Jeans,Urbano Fashion,Relaxed Fit Jeans,944.0
776,252,19,2023-11-30,2023-11,5,Amazing quality! Totally worth the price.,0.7419,Positive,Men Straight Fit Jeans,Kotty,Regular Fit Jeans,719.0
777,163,17,2023-02-04,2023-02,5,Fits perfectly. Very happy with the purchase.,0.8479,Positive,Men Low-Rise Jeans,Kotty,Denim & Jeans,519.0
778,129,47,2024-02-06,2024-02,4,Super comfortable jeans. Bought in two colours.,0.802,Positive,Plus Size Stretchable Jeans,Sztori,Stretchable Jeans,863.0
779,218,36,2023-10-05,2023-10,5,Delivery was quick and product is exactly as described.,0.0,Mixed Positive,Men Straight Fit Jeans,Bene Kleed,Regular Fit Jeans,989.0
780,26,49,2024-11-07,2024-11,5,Super comfortable jeans. Bought in two colours.,0.802,Positive,Non Stretchable Cotton Jeans,Flying Machine,Stretchable Jeans,1829.0
781,170,14,2023-06-14,2023-06,4,Perfect fit. The material feels premium.,0.7351,Positive,Men Relaxed Fit Mid-Rise Jeans,HIGHLANDER,Relaxed Fit Jeans,769.0
782,430,27,2024-03-08,2024-03,5,Loved the fabric and the fit. Will buy again.,0.7506,Positive,Men Slim Fit Jeans,French Connection,Slim Fit Jeans,1294.0
783,352,3,2023-02-19,2023-02,2,Product looks different from the photo online.,0.0,Mixed Negative,Men Pure Cotton Jeans,Roadster,Denim & Jeans,974.0
784,400,19,2023-04-03,2023-04,5,Perfect fit. The material feels premium.,0.7351,Positive,Men Straight Fit Jeans,Kotty,Regular Fit Jeans,719.0
785,21,2,2023-01-14,2023-01,4,Great value for money. Highly recommend.,0.8516,Positive,Men Slim Fit Jeans,Flying Machine,Slim Fit Jeans,1829.0
786,231,14,2023-02-05,2023-02,1,Received a damaged product. Very unhappy.,-0.7178,Negative,Men Relaxed Fit Mid-Rise Jeans,HIGHLANDER,Relaxed Fit Jeans,769.0
787,119,41,2024-12-27,2024-12,5,Great value for money. Highly recommend.,0.8516,Positive,Men Tapered Fit Jeans,Flying Machine,Denim & Jeans,1829.0
788,119,37,2024-08-09,2024-08,4,Super comfortable jeans. Bought in two colours.,0.802,Positive,Men Straight Fit Jeans,V-Mart,Regular Fit Jeans,809.0
789,55,37,2023-08-04,2023-08,5,Amazing quality! Totally worth the price.,0.7419,Positive,Men Straight Fit Jeans,V-Mart,Regular Fit Jeans,809.0
790,74,7,2023-08-13,2023-08,5,Delivery was quick and product is exactly as described.,0.0,Mixed Positive,Men Relaxed Fit Jeans,Urbano Fashion,Relaxed Fit Jeans,944.0
791,278,41,2024-11-07,2024-11,3,Decent product but could be better for the price.,0.5927,Neutral,Men Tapered Fit Jeans,Flying Machine,Denim & Jeans,1829.0
792,495,38,2023-03-30,2023-03,4,Loved the fabric and the fit. Will buy again.,0.7506,Positive,Men Bootcut Jeans,Urbano Fashion,Wide Leg & Bootcut,944.0
793,296,19,2023-01-15,2023-01,5,Fits perfectly. Very happy with the purchase.,0.8479,Positive,Men Straight Fit Jeans,Kotty,Regular Fit Jeans,719.0
794,290,29,2023-11-18,2023-11,3,Material is fine but the colour is slightly different.,0.1027,Neutral,Men Slim Fit Jeans,Roadster,Slim Fit Jeans,681.0
795,127,36,2023-05-23,2023-05,5,Delivery was quick and product is exactly as described.,0.0,Mixed Positive,Men Straight Fit Jeans,Bene Kleed,Regular Fit Jeans,989.0
796,437,28,2024-02-03,2024-02,5,Super comfortable jeans. Bought in two colours.,0.802,Positive,Men Straight Fit Jeans,Mast & Harbour,Regular Fit Jeans,764.0
797,296,21,2024-06-20,2024-06,1,Stitching came off within a week. Terrible quality.,-0.4767,Negative,Men Low-Rise Cargo  Jeans,Kotty,Joggers & Cargo,639.0
798,9,42,2023-11-14,2023-11,5,Fast delivery and great packaging.,0.6249,Positive,Men Slim Fit Jeans,Nautica,Slim Fit Jeans,1088.0
799,274,30,2023-08-12,2023-08,3,Material is fine but the colour is slightly different.,0.1027,Neutral,Men Slim Tapered Fit Jeans,Mast & Harbour,Slim Fit Jeans,701.0
800,209,16,2023-07-21,2023-07,4,Fits perfectly. Very happy with the purchase.,0.8479,Positive,Men Relaxed Fit Jeans,Flying Machine,Relaxed Fit Jeans,2309.0
801,420,29,2024-12-01,2024-12,3,Material is fine but the colour is slightly different.,0.1027,Neutral,Men Slim Fit Jeans,Roadster,Slim Fit Jeans,681.0
802,86,1,2024-06-06,2024-06,5,Loved the fabric and the fit. Will buy again.,0.7506,Positive,Men Loose Fit Cotton Jeans,WROGN,Relaxed Fit Jeans,1374.0
803,167,8,2024-07-18,2024-07,4,Great value for money. Highly recommend.,0.8516,Positive,Men Wide Leg Heavy Fade Jeans,Bene Kleed,Wide Leg & Bootcut,839.0
804,29,22,2024-02-29,2024-02,3,Decent product but could be better for the price.,0.5927,Neutral,Men Mid-Rise Skinny Fit Jeans,Mufti,Slim Fit Jeans,1393.0
805,304,9,2023-03-15,2023-03,4,Super comfortable jeans. Bought in two colours.,0.802,Positive,Men Regular Fit Mid-Rise Jeans,Roadster,Regular Fit Jeans,759.0
806,448,15,2023-02-04,2023-02,5,Perfect fit. The material feels premium.,0.7351,Positive,Men Mid-Rise Boot Cut Jeans,Bene Kleed,Denim & Jeans,873.0
807,164,29,2024-03-30,2024-03,1,Size runs small. Return process is very difficult.,-0.4201,Negative,Men Slim Fit Jeans,Roadster,Slim Fit Jeans,681.0
808,122,44,2023-07-10,2023-07,4,Great value for money. Highly recommend.,0.8516,Positive,Men Baggy Loose Jeans,glitchez,Relaxed Fit Jeans,747.0
809,272,31,2024-05-15,2024-05,5,Fits perfectly. Very happy with the purchase.,0.8479,Positive,Men Pure Cotton Skater Jeans,The Indian Garage Co,Denim & Jeans,688.0
810,476,12,2024-11-09,2024-11,2,Size runs small. Return process is very difficult.,-0.4201,Negative,Men Relaxed Fit Jeans,styzon,Relaxed Fit Jeans,989.0
811,473,26,2023-07-13,2023-07,4,Great value for money. Highly recommend.,0.8516,Positive,Men Slim Fit Mid-Rise Jeans,The Indian Garage Co,Slim Fit Jeans,659.0
812,49,45,2024-01-08,2024-01,4,Beautiful design. Exactly as shown in the photo.,0.5994,Positive,Men Wide Leg Cotton Jeans,HIGHLANDER,Wide Leg & Bootcut,1099.0
813,182,29,2023-07-01,2023-07,5,Great value for money. Highly recommend.,0.8516,Positive,Men Slim Fit Jeans,Roadster,Slim Fit Jeans,681.0
814,273,10,2024-06-14,2024-06,5,Excellent product. Myntra never disappoints.,0.7081,Positive,Men Jogger Mid-Rise Jeans,styzon,Joggers & Cargo,899.0
815,294,4,2024-09-10,2024-09,5,Great value for money. Highly recommend.,0.8516,Positive,Relaxed Fit Denim Jeans,Bene Kleed,Relaxed Fit Jeans,873.0
816,420,8,2023-04-16,2023-04,5,Perfect fit. The material feels premium.,0.7351,Positive,Men Wide Leg Heavy Fade Jeans,Bene Kleed,Wide Leg & Bootcut,839.0
817,279,23,2023-08-26,2023-08,4,Beautiful design. Exactly as shown in the photo.,0.5994,Positive,Men Stretchable Jeans,Mast & Harbour,Stretchable Jeans,758.0
818,19,42,2024-05-21,2024-05,1,The jeans are too tight at the waist. Sizing is off.,0.0,Mixed Negative,Men Slim Fit Jeans,Nautica,Slim Fit Jeans,1088.0
819,5,39,2024-06-28,2024-06,4,Beautiful design. Exactly as shown in the photo.,0.5994,Positive,Men Regular Fit Jeans,Levis,Regular Fit Jeans,944.0
820,115,17,2024-08-19,2024-08,5,Perfect fit. The material feels premium.,0.7351,Positive,Men Low-Rise Jeans,Kotty,Denim & Jeans,519.0
821,488,28,2024-06-05,2024-06,4,Amazing quality! Totally worth the price.,0.7419,Positive,Men Straight Fit Jeans,Mast & Harbour,Regular Fit Jeans,764.0
822,104,45,2024-01-21,2024-01,1,Product looks different from the photo online.,0.0,Mixed Negative,Men Wide Leg Cotton Jeans,HIGHLANDER,Wide Leg & Bootcut,1099.0
823,154,40,2023-09-08,2023-09,3,Average quality. Nothing special about it.,-0.3089,Neutral,Men Relaxed Fit Jeans,Roadster,Relaxed Fit Jeans,645.0
824,28,22,2024-04-07,2024-04,5,Great value for money. Highly recommend.,0.8516,Positive,Men Mid-Rise Skinny Fit Jeans,Mufti,Slim Fit Jeans,1393.0
825,69,26,2024-10-15,2024-10,1,Customer support was unhelpful when I raised an issue.,0.4019,Mixed Negative,Men Slim Fit Mid-Rise Jeans,The Indian Garage Co,Slim Fit Jeans,659.0
826,493,18,2023-06-20,2023-06,3,Material is fine but the colour is slightly different.,0.1027,Neutral,Men Wide Leg Jeans,Roadster,Wide Leg & Bootcut,999.0
827,269,48,2024-11-12,2024-11,5,Loved the fabric and the fit. Will buy again.,0.7506,Positive,Men Bootcut Jeans,HERE&NOW,Wide Leg & Bootcut,869.0
828,194,38,2024-10-09,2024-10,5,Loved the fabric and the fit. Will buy again.,0.7506,Positive,Men Bootcut Jeans,Urbano Fashion,Wide Leg & Bootcut,944.0
829,488,14,2023-07-04,2023-07,5,Excellent product. Myntra never disappoints.,0.7081,Positive,Men Relaxed Fit Mid-Rise Jeans,HIGHLANDER,Relaxed Fit Jeans,769.0
830,143,31,2024-10-29,2024-10,5,Amazing quality! Totally worth the price.,0.7419,Positive,Men Pure Cotton Skater Jeans,The Indian Garage Co,Denim & Jeans,688.0
831,270,7,2024-02-28,2024-02,5,Super comfortable jeans. Bought in two colours.,0.802,Positive,Men Relaxed Fit Jeans,Urbano Fashion,Relaxed Fit Jeans,944.0
832,92,47,2023-06-08,2023-06,5,Fits perfectly. Very happy with the purchase.,0.8479,Positive,Plus Size Stretchable Jeans,Sztori,Stretchable Jeans,863.0
833,478,45,2023-06-29,2023-06,5,Excellent product. Myntra never disappoints.,0.7081,Positive,Men Wide Leg Cotton Jeans,HIGHLANDER,Wide Leg & Bootcut,1099.0
834,95,23,2024-02-06,2024-02,3,Material is fine but the colour is slightly different.,0.1027,Neutral,Men Stretchable Jeans,Mast & Harbour,Stretchable Jeans,758.0
835,185,18,2024-05-28,2024-05,3,Material is fine but the colour is slightly different.,0.1027,Neutral,Men Wide Leg Jeans,Roadster,Wide Leg & Bootcut,999.0
836,163,35,2023-06-18,2023-06,4,Excellent product. Myntra never disappoints.,0.7081,Positive,Men Relaxed Fit Jeans,Mast & Harbour,Relaxed Fit Jeans,819.0
837,456,15,2023-02-22,2023-02,5,Fits perfectly. Very happy with the purchase.,0.8479,Positive,Men Mid-Rise Boot Cut Jeans,Bene Kleed,Denim & Jeans,873.0
838,259,10,2023-06-12,2023-06,4,Fits perfectly. Very happy with the purchase.,0.8479,Positive,Men Jogger Mid-Rise Jeans,styzon,Joggers & Cargo,899.0
839,5,20,2024-09-19,2024-09,4,Fits perfectly. Very happy with the purchase.,0.8479,Positive,Men Bootcut Jeans,Mast & Harbour,Wide Leg & Bootcut,869.0
840,185,29,2024-01-25,2024-01,5,Delivery was quick and product is exactly as described.,0.0,Mixed Positive,Men Slim Fit Jeans,Roadster,Slim Fit Jeans,681.0
841,48,13,2023-05-23,2023-05,2,Material feels cheap. Not worth the price at all.,-0.1695,Negative,Men Slim Fit Stretchable Jeans,WROGN,Slim Fit Jeans,1275.0
842,209,35,2024-07-06,2024-07,2,Customer support was unhelpful when I raised an issue.,0.4019,Mixed Negative,Men Relaxed Fit Jeans,Mast & Harbour,Relaxed Fit Jeans,819.0
843,198,4,2024-03-24,2024-03,4,Excellent product. Myntra never disappoints.,0.7081,Positive,Relaxed Fit Denim Jeans,Bene Kleed,Relaxed Fit Jeans,873.0
844,108,2,2023-06-29,2023-06,5,Perfect fit. The material feels premium.,0.7351,Positive,Men Slim Fit Jeans,Flying Machine,Slim Fit Jeans,1829.0
845,406,42,2024-09-04,2024-09,5,Great value for money. Highly recommend.,0.8516,Positive,Men Slim Fit Jeans,Nautica,Slim Fit Jeans,1088.0
846,202,14,2023-08-07,2023-08,5,Beautiful design. Exactly as shown in the photo.,0.5994,Positive,Men Relaxed Fit Mid-Rise Jeans,HIGHLANDER,Relaxed Fit Jeans,769.0
847,199,3,2023-10-28,2023-10,1,The color faded after first wash. Very disappointing.,-0.5413,Negative,Men Pure Cotton Jeans,Roadster,Denim & Jeans,974.0
848,264,50,2023-06-05,2023-06,2,Size runs small. Return process is very difficult.,-0.4201,Negative,30 Days No Wash Jeans,TURMS,Denim & Jeans,3499.0
849,26,33,2024-09-15,2024-09,1,The color faded after first wash. Very disappointing.,-0.5413,Negative,Men Straight Fit Jeans,glitchez,Regular Fit Jeans,797.0
850,293,6,2023-10-16,2023-10,5,Excellent product. Myntra never disappoints.,0.7081,Positive,Men Stretchable Jeans,HERE&NOW,Stretchable Jeans,798.0
851,363,15,2024-10-29,2024-10,5,Beautiful design. Exactly as shown in the photo.,0.5994,Positive,Men Mid-Rise Boot Cut Jeans,Bene Kleed,Denim & Jeans,873.0
852,487,45,2024-12-31,2024-12,5,Amazing quality! Totally worth the price.,0.7419,Positive,Men Wide Leg Cotton Jeans,HIGHLANDER,Wide Leg & Bootcut,1099.0
853,385,10,2023-07-03,2023-07,2,Stitching came off within a week. Terrible quality.,-0.4767,Negative,Men Jogger Mid-Rise Jeans,styzon,Joggers & Cargo,899.0
854,385,1,2023-10-25,2023-10,5,Great value for money. Highly recommend.,0.8516,Positive,Men Loose Fit Cotton Jeans,WROGN,Relaxed Fit Jeans,1374.0
855,78,11,2024-01-23,2024-01,5,Great value for money. Highly recommend.,0.8516,Positive,Men Slim Fit Jeans,Calvin Klein Jeans,Slim Fit Jeans,949.0
856,1,33,2024-10-11,2024-10,5,Great value for money. Highly recommend.,0.8516,Positive,Men Straight Fit Jeans,glitchez,Regular Fit Jeans,797.0
857,383,3,2024-02-29,2024-02,4,Beautiful design. Exactly as shown in the photo.,0.5994,Positive,Men Pure Cotton Jeans,Roadster,Denim & Jeans,974.0
858,152,27,2023-01-07,2023-01,5,Amazing quality! Totally worth the price.,0.7419,Positive,Men Slim Fit Jeans,French Connection,Slim Fit Jeans,1294.0
859,103,33,2023-12-10,2023-12,5,Fast delivery and great packaging.,0.6249,Positive,Men Straight Fit Jeans,glitchez,Regular Fit Jeans,797.0
860,457,9,2024-01-24,2024-01,5,Delivery was quick and product is exactly as described.,0.0,Mixed Positive,Men Regular Fit Mid-Rise Jeans,Roadster,Regular Fit Jeans,759.0
861,321,32,2024-02-03,2024-02,5,Excellent product. Myntra never disappoints.,0.7081,Positive,Men Relaxed Fit Jeans,The Indian Garage Co,Relaxed Fit Jeans,808.0
862,435,10,2023-08-15,2023-08,5,Excellent product. Myntra never disappoints.,0.7081,Positive,Men Jogger Mid-Rise Jeans,styzon,Joggers & Cargo,899.0
863,141,10,2024-11-30,2024-11,5,Beautiful design. Exactly as shown in the photo.,0.5994,Positive,Men Jogger Mid-Rise Jeans,styzon,Joggers & Cargo,899.0
864,434,1,2023-09-18,2023-09,5,Perfect fit. The material feels premium.,0.7351,Positive,Men Loose Fit Cotton Jeans,WROGN,Relaxed Fit Jeans,1374.0
865,388,11,2024-04-20,2024-04,4,Fast delivery and great packaging.,0.6249,Positive,Men Slim Fit Jeans,Calvin Klein Jeans,Slim Fit Jeans,949.0
866,14,23,2024-11-05,2024-11,5,Great value for money. Highly recommend.,0.8516,Positive,Men Stretchable Jeans,Mast & Harbour,Stretchable Jeans,758.0
867,130,35,2023-04-07,2023-04,5,Amazing quality! Totally worth the price.,0.7419,Positive,Men Relaxed Fit Jeans,Mast & Harbour,Relaxed Fit Jeans,819.0
868,392,6,2024-05-26,2024-05,4,Fits perfectly. Very happy with the purchase.,0.8479,Positive,Men Stretchable Jeans,HERE&NOW,Stretchable Jeans,798.0
869,88,37,2023-03-09,2023-03,4,Delivery was quick and product is exactly as described.,0.0,Mixed Positive,Men Straight Fit Jeans,V-Mart,Regular Fit Jeans,809.0
870,92,11,2024-08-15,2024-08,5,Perfect fit. The material feels premium.,0.7351,Positive,Men Slim Fit Jeans,Calvin Klein Jeans,Slim Fit Jeans,949.0
871,37,23,2024-07-16,2024-07,1,Size runs small. Return process is very difficult.,-0.4201,Negative,Men Stretchable Jeans,Mast & Harbour,Stretchable Jeans,758.0
872,182,9,2024-11-27,2024-11,5,Loved the fabric and the fit. Will buy again.,0.7506,Positive,Men Regular Fit Mid-Rise Jeans,Roadster,Regular Fit Jeans,759.0
873,498,11,2023-05-04,2023-05,2,The jeans are too tight at the waist. Sizing is off.,0.0,Mixed Negative,Men Slim Fit Jeans,Calvin Klein Jeans,Slim Fit Jeans,949.0
874,389,4,2023-12-02,2023-12,4,Beautiful design. Exactly as shown in the photo.,0.5994,Positive,Relaxed Fit Denim Jeans,Bene Kleed,Relaxed Fit Jeans,873.0
875,33,15,2024-09-06,2024-09,4,Fits perfectly. Very happy with the purchase.,0.8479,Positive,Men Mid-Rise Boot Cut Jeans,Bene Kleed,Denim & Jeans,873.0
876,385,11,2024-12-05,2024-12,5,Excellent product. Myntra never disappoints.,0.7081,Positive,Men Slim Fit Jeans,Calvin Klein Jeans,Slim Fit Jeans,949.0
877,404,16,2023-06-05,2023-06,4,Loved the fabric and the fit. Will buy again.,0.7506,Positive,Men Relaxed Fit Jeans,Flying Machine,Relaxed Fit Jeans,2309.0
878,430,15,2024-11-26,2024-11,5,Perfect fit. The material feels premium.,0.7351,Positive,Men Mid-Rise Boot Cut Jeans,Bene Kleed,Denim & Jeans,873.0
879,304,18,2024-08-21,2024-08,4,Beautiful design. Exactly as shown in the photo.,0.5994,Positive,Men Wide Leg Jeans,Roadster,Wide Leg & Bootcut,999.0
880,98,15,2023-01-20,2023-01,3,Material is fine but the colour is slightly different.,0.1027,Neutral,Men Mid-Rise Boot Cut Jeans,Bene Kleed,Denim & Jeans,873.0
881,148,36,2023-04-09,2023-04,5,Perfect fit. The material feels premium.,0.7351,Positive,Men Straight Fit Jeans,Bene Kleed,Regular Fit Jeans,989.0
882,264,21,2023-02-17,2023-02,4,Fits perfectly. Very happy with the purchase.,0.8479,Positive,Men Low-Rise Cargo  Jeans,Kotty,Joggers & Cargo,639.0
883,480,43,2023-10-06,2023-10,5,Great value for money. Highly recommend.,0.8516,Positive,Men Mid-Rise Stretchable Jeans,MASTERLY WEFT,Stretchable Jeans,959.0
884,429,21,2023-01-29,2023-01,5,Super comfortable jeans. Bought in two colours.,0.802,Positive,Men Low-Rise Cargo  Jeans,Kotty,Joggers & Cargo,639.0
885,54,4,2023-06-24,2023-06,2,Size runs small. Return process is very difficult.,-0.4201,Negative,Relaxed Fit Denim Jeans,Bene Kleed,Relaxed Fit Jeans,873.0
886,354,15,2024-08-09,2024-08,5,Super comfortable jeans. Bought in two colours.,0.802,Positive,Men Mid-Rise Boot Cut Jeans,Bene Kleed,Denim & Jeans,873.0
887,438,46,2023-09-15,2023-09,5,Fast delivery and great packaging.,0.6249,Positive,Men Slim Fit Jeans,HIGHLANDER,Slim Fit Jeans,675.0
888,348,33,2024-06-24,2024-06,1,The color faded after first wash. Very disappointing.,-0.5413,Negative,Men Straight Fit Jeans,glitchez,Regular Fit Jeans,797.0
889,387,14,2024-05-13,2024-05,5,Perfect fit. The material feels premium.,0.7351,Positive,Men Relaxed Fit Mid-Rise Jeans,HIGHLANDER,Relaxed Fit Jeans,769.0
890,227,9,2023-01-06,2023-01,4,Excellent product. Myntra never disappoints.,0.7081,Positive,Men Regular Fit Mid-Rise Jeans,Roadster,Regular Fit Jeans,759.0
891,135,7,2024-04-26,2024-04,3,Not bad but not great either. Fits okay.,-0.2883,Neutral,Men Relaxed Fit Jeans,Urbano Fashion,Relaxed Fit Jeans,944.0
892,265,39,2024-03-22,2024-03,2,Material feels cheap. Not worth the price at all.,-0.1695,Negative,Men Regular Fit Jeans,Levis,Regular Fit Jeans,944.0
893,348,38,2024-06-30,2024-06,3,Average quality. Nothing special about it.,-0.3089,Neutral,Men Bootcut Jeans,Urbano Fashion,Wide Leg & Bootcut,944.0
894,60,26,2024-01-09,2024-01,5,Amazing quality! Totally worth the price.,0.7419,Positive,Men Slim Fit Mid-Rise Jeans,The Indian Garage Co,Slim Fit Jeans,659.0
895,499,29,2024-05-09,2024-05,1,Stitching came off within a week. Terrible quality.,-0.4767,Negative,Men Slim Fit Jeans,Roadster,Slim Fit Jeans,681.0
896,479,4,2024-07-26,2024-07,4,Beautiful design. Exactly as shown in the photo.,0.5994,Positive,Relaxed Fit Denim Jeans,Bene Kleed,Relaxed Fit Jeans,873.0
897,36,30,2024-06-19,2024-06,3,Decent product but could be better for the price.,0.5927,Neutral,Men Slim Tapered Fit Jeans,Mast & Harbour,Slim Fit Jeans,701.0
898,174,16,2023-09-12,2023-09,4,Excellent product. Myntra never disappoints.,0.7081,Positive,Men Relaxed Fit Jeans,Flying Machine,Relaxed Fit Jeans,2309.0
899,118,49,2024-06-11,2024-06,4,Excellent product. Myntra never disappoints.,0.7081,Positive,Non Stretchable Cotton Jeans,Flying Machine,Stretchable Jeans,1829.0
900,124,39,2024-01-02,2024-01,5,Amazing quality! Totally worth the price.,0.7419,Positive,Men Regular Fit Jeans,Levis,Regular Fit Jeans,944.0
901,97,12,2023-12-21,2023-12,4,Beautiful design. Exactly as shown in the photo.,0.5994,Positive,Men Relaxed Fit Jeans,styzon,Relaxed Fit Jeans,989.0
902,361,2,2023-10-25,2023-10,5,Perfect fit. The material feels premium.,0.7351,Positive,Men Slim Fit Jeans,Flying Machine,Slim Fit Jeans,1829.0
903,234,22,2023-11-08,2023-11,2,Product looks different from the photo online.,0.0,Mixed Negative,Men Mid-Rise Skinny Fit Jeans,Mufti,Slim Fit Jeans,1393.0
904,439,30,2024-04-05,2024-04,4,Super comfortable jeans. Bought in two colours.,0.802,Positive,Men Slim Tapered Fit Jeans,Mast & Harbour,Slim Fit Jeans,701.0
905,235,35,2024-03-03,2024-03,1,Received a damaged product. Very unhappy.,-0.7178,Negative,Men Relaxed Fit Jeans,Mast & Harbour,Relaxed Fit Jeans,819.0
906,295,31,2023-12-11,2023-12,1,Product looks different from the photo online.,0.0,Mixed Negative,Men Pure Cotton Skater Jeans,The Indian Garage Co,Denim & Jeans,688.0
907,340,13,2023-02-02,2023-02,5,Fits perfectly. Very happy with the purchase.,0.8479,Positive,Men Slim Fit Stretchable Jeans,WROGN,Slim Fit Jeans,1275.0
908,278,47,2024-02-16,2024-02,5,Excellent product. Myntra never disappoints.,0.7081,Positive,Plus Size Stretchable Jeans,Sztori,Stretchable Jeans,863.0
909,415,8,2023-10-28,2023-10,5,Amazing quality! Totally worth the price.,0.7419,Positive,Men Wide Leg Heavy Fade Jeans,Bene Kleed,Wide Leg & Bootcut,839.0
910,328,18,2024-10-01,2024-10,5,Super comfortable jeans. Bought in two colours.,0.802,Positive,Men Wide Leg Jeans,Roadster,Wide Leg & Bootcut,999.0
911,413,7,2023-06-15,2023-06,5,Amazing quality! Totally worth the price.,0.7419,Positive,Men Relaxed Fit Jeans,Urbano Fashion,Relaxed Fit Jeans,944.0
912,233,5,2024-11-08,2024-11,5,Perfect fit. The material feels premium.,0.7351,Positive,Men 511 Slim Fit Jeans,Levis,Slim Fit Jeans,1478.0
913,199,21,2023-04-14,2023-04,5,Beautiful design. Exactly as shown in the photo.,0.5994,Positive,Men Low-Rise Cargo  Jeans,Kotty,Joggers & Cargo,639.0
914,61,3,2023-03-13,2023-03,5,Loved the fabric and the fit. Will buy again.,0.7506,Positive,Men Pure Cotton Jeans,Roadster,Denim & Jeans,974.0
915,231,8,2024-03-05,2024-03,4,Great value for money. Highly recommend.,0.8516,Positive,Men Wide Leg Heavy Fade Jeans,Bene Kleed,Wide Leg & Bootcut,839.0
916,282,5,2023-06-13,2023-06,5,Beautiful design. Exactly as shown in the photo.,0.5994,Positive,Men 511 Slim Fit Jeans,Levis,Slim Fit Jeans,1478.0
917,86,32,2023-05-01,2023-05,5,Loved the fabric and the fit. Will buy again.,0.7506,Positive,Men Relaxed Fit Jeans,The Indian Garage Co,Relaxed Fit Jeans,808.0
918,467,42,2024-01-11,2024-01,5,Delivery was quick and product is exactly as described.,0.0,Mixed Positive,Men Slim Fit Jeans,Nautica,Slim Fit Jeans,1088.0
919,451,26,2024-10-01,2024-10,3,Material is fine but the colour is slightly different.,0.1027,Neutral,Men Slim Fit Mid-Rise Jeans,The Indian Garage Co,Slim Fit Jeans,659.0
920,347,36,2023-12-23,2023-12,1,Material feels cheap. Not worth the price at all.,-0.1695,Negative,Men Straight Fit Jeans,Bene Kleed,Regular Fit Jeans,989.0
921,362,18,2023-03-05,2023-03,5,Great value for money. Highly recommend.,0.8516,Positive,Men Wide Leg Jeans,Roadster,Wide Leg & Bootcut,999.0
922,290,26,2024-01-13,2024-01,3,Not bad but not great either. Fits okay.,-0.2883,Neutral,Men Slim Fit Mid-Rise Jeans,The Indian Garage Co,Slim Fit Jeans,659.0
923,428,17,2024-09-29,2024-09,5,Amazing quality! Totally worth the price.,0.7419,Positive,Men Low-Rise Jeans,Kotty,Denim & Jeans,519.0
924,31,48,2023-01-05,2023-01,4,Fast delivery and great packaging.,0.6249,Positive,Men Bootcut Jeans,HERE&NOW,Wide Leg & Bootcut,869.0
925,77,16,2023-02-16,2023-02,5,Amazing quality! Totally worth the price.,0.7419,Positive,Men Relaxed Fit Jeans,Flying Machine,Relaxed Fit Jeans,2309.0
926,228,50,2023-02-11,2023-02,5,Fast delivery and great packaging.,0.6249,Positive,30 Days No Wash Jeans,TURMS,Denim & Jeans,3499.0
927,91,47,2023-06-15,2023-06,5,Super comfortable jeans. Bought in two colours.,0.802,Positive,Plus Size Stretchable Jeans,Sztori,Stretchable Jeans,863.0
928,474,14,2024-04-09,2024-04,5,Great value for money. Highly recommend.,0.8516,Positive,Men Relaxed Fit Mid-Rise Jeans,HIGHLANDER,Relaxed Fit Jeans,769.0
929,422,48,2024-08-12,2024-08,5,Excellent product. Myntra never disappoints.,0.7081,Positive,Men Bootcut Jeans,HERE&NOW,Wide Leg & Bootcut,869.0
930,246,45,2024-09-02,2024-09,5,Great value for money. Highly recommend.,0.8516,Positive,Men Wide Leg Cotton Jeans,HIGHLANDER,Wide Leg & Bootcut,1099.0
931,142,29,2023-11-26,2023-11,3,Not bad but not great either. Fits okay.,-0.2883,Neutral,Men Slim Fit Jeans,Roadster,Slim Fit Jeans,681.0
932,360,43,2024-07-27,2024-07,5,Great value for money. Highly recommend.,0.8516,Positive,Men Mid-Rise Stretchable Jeans,MASTERLY WEFT,Stretchable Jeans,959.0
933,467,4,2023-03-10,2023-03,5,Fits perfectly. Very happy with the purchase.,0.8479,Positive,Relaxed Fit Denim Jeans,Bene Kleed,Relaxed Fit Jeans,873.0
934,74,23,2024-12-13,2024-12,5,Great value for money. Highly recommend.,0.8516,Positive,Men Stretchable Jeans,Mast & Harbour,Stretchable Jeans,758.0
935,236,8,2024-05-22,2024-05,5,Delivery was quick and product is exactly as described.,0.0,Mixed Positive,Men Wide Leg Heavy Fade Jeans,Bene Kleed,Wide Leg & Bootcut,839.0
936,55,31,2024-10-12,2024-10,5,Fits perfectly. Very happy with the purchase.,0.8479,Positive,Men Pure Cotton Skater Jeans,The Indian Garage Co,Denim & Jeans,688.0
937,180,25,2023-06-11,2023-06,4,Fits perfectly. Very happy with the purchase.,0.8479,Positive,Men Relaxed Fit Jeans,FUGAZEE,Relaxed Fit Jeans,2099.0
938,210,44,2023-04-12,2023-04,5,Amazing quality! Totally worth the price.,0.7419,Positive,Men Baggy Loose Jeans,glitchez,Relaxed Fit Jeans,747.0
939,225,8,2023-01-01,2023-01,4,Super comfortable jeans. Bought in two colours.,0.802,Positive,Men Wide Leg Heavy Fade Jeans,Bene Kleed,Wide Leg & Bootcut,839.0
940,240,7,2024-12-06,2024-12,5,Super comfortable jeans. Bought in two colours.,0.802,Positive,Men Relaxed Fit Jeans,Urbano Fashion,Relaxed Fit Jeans,944.0
941,448,49,2024-02-25,2024-02,4,Fits perfectly. Very happy with the purchase.,0.8479,Positive,Non Stretchable Cotton Jeans,Flying Machine,Stretchable Jeans,1829.0
942,353,19,2023-01-25,2023-01,4,Super comfortable jeans. Bought in two colours.,0.802,Positive,Men Straight Fit Jeans,Kotty,Regular Fit Jeans,719.0
943,237,26,2024-02-21,2024-02,3,Material is fine but the colour is slightly different.,0.1027,Neutral,Men Slim Fit Mid-Rise Jeans,The Indian Garage Co,Slim Fit Jeans,659.0
944,378,23,2023-05-28,2023-05,2,Size runs small. Return process is very difficult.,-0.4201,Negative,Men Stretchable Jeans,Mast & Harbour,Stretchable Jeans,758.0
945,295,5,2023-08-26,2023-08,4,Fast delivery and great packaging.,0.6249,Positive,Men 511 Slim Fit Jeans,Levis,Slim Fit Jeans,1478.0
946,65,22,2024-05-09,2024-05,4,Excellent product. Myntra never disappoints.,0.7081,Positive,Men Mid-Rise Skinny Fit Jeans,Mufti,Slim Fit Jeans,1393.0
947,81,42,2024-06-08,2024-06,4,Excellent product. Myntra never disappoints.,0.7081,Positive,Men Slim Fit Jeans,Nautica,Slim Fit Jeans,1088.0
948,465,7,2024-12-11,2024-12,1,The color faded after first wash. Very disappointing.,-0.5413,Negative,Men Relaxed Fit Jeans,Urbano Fashion,Relaxed Fit Jeans,944.0
949,467,5,2024-02-07,2024-02,4,Great value for money. Highly recommend.,0.8516,Positive,Men 511 Slim Fit Jeans,Levis,Slim Fit Jeans,1478.0
950,116,6,2024-04-27,2024-04,3,Decent product but could be better for the price.,0.5927,Neutral,Men Stretchable Jeans,HERE&NOW,Stretchable Jeans,798.0
951,222,25,2024-12-30,2024-12,5,Loved the fabric and the fit. Will buy again.,0.7506,Positive,Men Relaxed Fit Jeans,FUGAZEE,Relaxed Fit Jeans,2099.0
952,167,15,2023-01-05,2023-01,4,Beautiful design. Exactly as shown in the photo.,0.5994,Positive,Men Mid-Rise Boot Cut Jeans,Bene Kleed,Denim & Jeans,873.0
953,59,45,2024-10-29,2024-10,5,Loved the fabric and the fit. Will buy again.,0.7506,Positive,Men Wide Leg Cotton Jeans,HIGHLANDER,Wide Leg & Bootcut,1099.0
954,86,33,2024-12-19,2024-12,5,Delivery was quick and product is exactly as described.,0.0,Mixed Positive,Men Straight Fit Jeans,glitchez,Regular Fit Jeans,797.0
955,284,5,2024-01-10,2024-01,5,Fast delivery and great packaging.,0.6249,Positive,Men 511 Slim Fit Jeans,Levis,Slim Fit Jeans,1478.0
956,96,8,2023-08-18,2023-08,3,Material is fine but the colour is slightly different.,0.1027,Neutral,Men Wide Leg Heavy Fade Jeans,Bene Kleed,Wide Leg & Bootcut,839.0
957,287,25,2024-10-31,2024-10,3,Not bad but not great either. Fits okay.,-0.2883,Neutral,Men Relaxed Fit Jeans,FUGAZEE,Relaxed Fit Jeans,2099.0
958,162,8,2023-04-23,2023-04,4,Great value for money. Highly recommend.,0.8516,Positive,Men Wide Leg Heavy Fade Jeans,Bene Kleed,Wide Leg & Bootcut,839.0
959,255,1,2024-01-10,2024-01,1,Quality is below average. Not what I expected.,0.0,Mixed Negative,Men Loose Fit Cotton Jeans,WROGN,Relaxed Fit Jeans,1374.0
960,205,35,2024-07-29,2024-07,4,Loved the fabric and the fit. Will buy again.,0.7506,Positive,Men Relaxed Fit Jeans,Mast & Harbour,Relaxed Fit Jeans,819.0
961,176,44,2023-07-15,2023-07,4,Excellent product. Myntra never disappoints.,0.7081,Positive,Men Baggy Loose Jeans,glitchez,Relaxed Fit Jeans,747.0
962,288,26,2023-11-22,2023-11,5,Perfect fit. The material feels premium.,0.7351,Positive,Men Slim Fit Mid-Rise Jeans,The Indian Garage Co,Slim Fit Jeans,659.0
963,197,42,2023-02-05,2023-02,5,Beautiful design. Exactly as shown in the photo.,0.5994,Positive,Men Slim Fit Jeans,Nautica,Slim Fit Jeans,1088.0
964,447,49,2024-08-24,2024-08,3,Okay product. Expected more based on the description.,0.2263,Neutral,Non Stretchable Cotton Jeans,Flying Machine,Stretchable Jeans,1829.0
965,450,34,2024-05-01,2024-05,4,Great value for money. Highly recommend.,0.8516,Positive,Men Bootcut Stretchable Jeans,Thomas Scott,Wide Leg & Bootcut,874.0
966,233,13,2023-06-26,2023-06,4,Great value for money. Highly recommend.,0.8516,Positive,Men Slim Fit Stretchable Jeans,WROGN,Slim Fit Jeans,1275.0
967,11,43,2024-10-23,2024-10,4,Excellent product. Myntra never disappoints.,0.7081,Positive,Men Mid-Rise Stretchable Jeans,MASTERLY WEFT,Stretchable Jeans,959.0
968,481,18,2023-07-22,2023-07,1,The jeans are too tight at the waist. Sizing is off.,0.0,Mixed Negative,Men Wide Leg Jeans,Roadster,Wide Leg & Bootcut,999.0
969,164,10,2023-03-20,2023-03,4,Fast delivery and great packaging.,0.6249,Positive,Men Jogger Mid-Rise Jeans,styzon,Joggers & Cargo,899.0
970,66,44,2023-05-25,2023-05,5,Beautiful design. Exactly as shown in the photo.,0.5994,Positive,Men Baggy Loose Jeans,glitchez,Relaxed Fit Jeans,747.0
971,2,7,2023-04-08,2023-04,5,Super comfortable jeans. Bought in two colours.,0.802,Positive,Men Relaxed Fit Jeans,Urbano Fashion,Relaxed Fit Jeans,944.0
972,316,36,2023-03-16,2023-03,4,Fast delivery and great packaging.,0.6249,Positive,Men Straight Fit Jeans,Bene Kleed,Regular Fit Jeans,989.0
973,129,16,2024-11-05,2024-11,5,Amazing quality! Totally worth the price.,0.7419,Positive,Men Relaxed Fit Jeans,Flying Machine,Relaxed Fit Jeans,2309.0
974,373,47,2024-10-25,2024-10,4,Excellent product. Myntra never disappoints.,0.7081,Positive,Plus Size Stretchable Jeans,Sztori,Stretchable Jeans,863.0
975,387,39,2024-05-14,2024-05,5,Loved the fabric and the fit. Will buy again.,0.7506,Positive,Men Regular Fit Jeans,Levis,Regular Fit Jeans,944.0
976,278,38,2024-06-11,2024-06,3,Decent product but could be better for the price.,0.5927,Neutral,Men Bootcut Jeans,Urbano Fashion,Wide Leg & Bootcut,944.0
977,22,35,2024-06-04,2024-06,5,Amazing quality! Totally worth the price.,0.7419,Positive,Men Relaxed Fit Jeans,Mast & Harbour,Relaxed Fit Jeans,819.0
978,175,3,2023-01-26,2023-01,2,Quality is below average. Not what I expected.,0.0,Mixed Negative,Men Pure Cotton Jeans,Roadster,Denim & Jeans,974.0
979,193,46,2023-12-14,2023-12,5,Fast delivery and great packaging.,0.6249,Positive,Men Slim Fit Jeans,HIGHLANDER,Slim Fit Jeans,675.0
980,303,3,2024-08-28,2024-08,3,Material is fine but the colour is slightly different.,0.1027,Neutral,Men Pure Cotton Jeans,Roadster,Denim & Jeans,974.0
981,211,45,2023-04-10,2023-04,5,Fast delivery and great packaging.,0.6249,Positive,Men Wide Leg Cotton Jeans,HIGHLANDER,Wide Leg & Bootcut,1099.0
982,39,11,2024-10-13,2024-10,4,Excellent product. Myntra never disappoints.,0.7081,Positive,Men Slim Fit Jeans,Calvin Klein Jeans,Slim Fit Jeans,949.0
983,398,17,2024-03-08,2024-03,5,Excellent product. Myntra never disappoints.,0.7081,Positive,Men Low-Rise Jeans,Kotty,Denim & Jeans,519.0
984,290,34,2023-12-22,2023-12,2,Delivery was very late. Poor experience.,-0.5233,Negative,Men Bootcut Stretchable Jeans,Thomas Scott,Wide Leg & Bootcut,874.0
985,319,33,2023-10-01,2023-10,5,Beautiful design. Exactly as shown in the photo.,0.5994,Positive,Men Straight Fit Jeans,glitchez,Regular Fit Jeans,797.0
986,307,5,2023-11-25,2023-11,5,Excellent product. Myntra never disappoints.,0.7081,Positive,Men 511 Slim Fit Jeans,Levis,Slim Fit Jeans,1478.0
987,126,15,2023-01-01,2023-01,5,Beautiful design. Exactly as shown in the photo.,0.5994,Positive,Men Mid-Rise Boot Cut Jeans,Bene Kleed,Denim & Jeans,873.0
988,182,32,2024-12-04,2024-12,1,Product looks different from the photo online.,0.0,Mixed Negative,Men Relaxed Fit Jeans,The Indian Garage Co,Relaxed Fit Jeans,808.0
989,436,33,2024-05-17,2024-05,5,Fast delivery and great packaging.,0.6249,Positive,Men Straight Fit Jeans,glitchez,Regular Fit Jeans,797.0
990,177,4,2024-09-30,2024-09,5,Fits perfectly. Very happy with the purchase.,0.8479,Positive,Relaxed Fit Denim Jeans,Bene Kleed,Relaxed Fit Jeans,873.0
991,333,7,2023-10-25,2023-10,4,Perfect fit. The material feels premium.,0.7351,Positive,Men Relaxed Fit Jeans,Urbano Fashion,Relaxed Fit Jeans,944.0
992,478,37,2024-12-24,2024-12,4,Great value for money. Highly recommend.,0.8516,Positive,Men Straight Fit Jeans,V-Mart,Regular Fit Jeans,809.0
993,434,15,2023-05-11,2023-05,5,Fits perfectly. Very happy with the purchase.,0.8479,Positive,Men Mid-Rise Boot Cut Jeans,Bene Kleed,Denim & Jeans,873.0
994,470,32,2024-07-19,2024-07,1,Size runs small. Return process is very difficult.,-0.4201,Negative,Men Relaxed Fit Jeans,The Indian Garage Co,Relaxed Fit Jeans,808.0
995,343,37,2023-08-11,2023-08,4,Fast delivery and great packaging.,0.6249,Positive,Men Straight Fit Jeans,V-Mart,Regular Fit Jeans,809.0
996,61,33,2024-02-11,2024-02,4,Great value for money. Highly recommend.,0.8516,Positive,Men Straight Fit Jeans,glitchez,Regular Fit Jeans,797.0
997,160,3,2023-09-09,2023-09,5,Great value for money. Highly recommend.,0.8516,Positive,Men Pure Cotton Jeans,Roadster,Denim & Jeans,974.0
998,431,10,2023-10-13,2023-10,5,Great value for money. Highly recommend.,0.8516,Positive,Men Jogger Mid-Rise Jeans,styzon,Joggers & Cargo,899.0
999,476,33,2024-07-12,2024-07,5,Super comfortable jeans. Bought in two colours.,0.802,Positive,Men Straight Fit Jeans,glitchez,Regular Fit Jeans,797.0
1000,196,40,2024-01-17,2024-01,2,Size runs small. Return process is very difficult.,-0.4201,Negative,Men Relaxed Fit Jeans,Roadster,Relaxed Fit Jeans,645.0
1001,488,30,2023-05-26,2023-05,3,Okay product. Expected more based on the description.,0.2263,Neutral,Men Slim Tapered Fit Jeans,Mast & Harbour,Slim Fit Jeans,701.0
1002,43,12,2023-08-30,2023-08,4,Loved the fabric and the fit. Will buy again.,0.7506,Positive,Men Relaxed Fit Jeans,styzon,Relaxed Fit Jeans,989.0
1003,314,48,2023-07-30,2023-07,4,Fits perfectly. Very happy with the purchase.,0.8479,Positive,Men Bootcut Jeans,HERE&NOW,Wide Leg & Bootcut,869.0
1004,428,36,2024-04-26,2024-04,5,Great value for money. Highly recommend.,0.8516,Positive,Men Straight Fit Jeans,Bene Kleed,Regular Fit Jeans,989.0
1005,458,33,2023-05-18,2023-05,5,Amazing quality! Totally worth the price.,0.7419,Positive,Men Straight Fit Jeans,glitchez,Regular Fit Jeans,797.0
1006,216,9,2023-01-28,2023-01,1,The jeans are too tight at the waist. Sizing is off.,0.0,Mixed Negative,Men Regular Fit Mid-Rise Jeans,Roadster,Regular Fit Jeans,759.0
1007,339,49,2024-01-31,2024-01,5,Great value for money. Highly recommend.,0.8516,Positive,Non Stretchable Cotton Jeans,Flying Machine,Stretchable Jeans,1829.0
1008,110,18,2024-11-13,2024-11,5,Excellent product. Myntra never disappoints.,0.7081,Positive,Men Wide Leg Jeans,Roadster,Wide Leg & Bootcut,999.0
1009,381,14,2023-02-01,2023-02,2,Product looks different from the photo online.,0.0,Mixed Negative,Men Relaxed Fit Mid-Rise Jeans,HIGHLANDER,Relaxed Fit Jeans,769.0
1010,221,43,2024-06-25,2024-06,3,Average quality. Nothing special about it.,-0.3089,Neutral,Men Mid-Rise Stretchable Jeans,MASTERLY WEFT,Stretchable Jeans,959.0
1011,217,41,2024-03-10,2024-03,5,Super comfortable jeans. Bought in two colours.,0.802,Positive,Men Tapered Fit Jeans,Flying Machine,Denim & Jeans,1829.0
1012,385,4,2023-05-20,2023-05,4,Excellent product. Myntra never disappoints.,0.7081,Positive,Relaxed Fit Denim Jeans,Bene Kleed,Relaxed Fit Jeans,873.0
1013,1,36,2023-10-30,2023-10,5,Fast delivery and great packaging.,0.6249,Positive,Men Straight Fit Jeans,Bene Kleed,Regular Fit Jeans,989.0
1014,89,26,2024-07-25,2024-07,3,Okay product. Expected more based on the description.,0.2263,Neutral,Men Slim Fit Mid-Rise Jeans,The Indian Garage Co,Slim Fit Jeans,659.0
1015,244,40,2024-12-29,2024-12,1,Delivery was very late. Poor experience.,-0.5233,Negative,Men Relaxed Fit Jeans,Roadster,Relaxed Fit Jeans,645.0
1016,73,9,2023-10-17,2023-10,5,Fits perfectly. Very happy with the purchase.,0.8479,Positive,Men Regular Fit Mid-Rise Jeans,Roadster,Regular Fit Jeans,759.0
1017,136,9,2023-05-18,2023-05,4,Delivery was quick and product is exactly as described.,0.0,Mixed Positive,Men Regular Fit Mid-Rise Jeans,Roadster,Regular Fit Jeans,759.0
1018,234,17,2024-04-11,2024-04,4,Super comfortable jeans. Bought in two colours.,0.802,Positive,Men Low-Rise Jeans,Kotty,Denim & Jeans,519.0
1019,412,34,2024-11-05,2024-11,4,Great value for money. Highly recommend.,0.8516,Positive,Men Bootcut Stretchable Jeans,Thomas Scott,Wide Leg & Bootcut,874.0
1020,270,20,2023-10-16,2023-10,5,Great value for money. Highly recommend.,0.8516,Positive,Men Bootcut Jeans,Mast & Harbour,Wide Leg & Bootcut,869.0
1021,118,38,2024-06-27,2024-06,4,Amazing quality! Totally worth the price.,0.7419,Positive,Men Bootcut Jeans,Urbano Fashion,Wide Leg & Bootcut,944.0
1022,91,2,2023-11-01,2023-11,5,Perfect fit. The material feels premium.,0.7351,Positive,Men Slim Fit Jeans,Flying Machine,Slim Fit Jeans,1829.0
1023,355,38,2024-10-02,2024-10,5,Excellent product. Myntra never disappoints.,0.7081,Positive,Men Bootcut Jeans,Urbano Fashion,Wide Leg & Bootcut,944.0
1024,160,29,2024-08-31,2024-08,5,Fits perfectly. Very happy with the purchase.,0.8479,Positive,Men Slim Fit Jeans,Roadster,Slim Fit Jeans,681.0
1025,350,38,2023-09-08,2023-09,5,Amazing quality! Totally worth the price.,0.7419,Positive,Men Bootcut Jeans,Urbano Fashion,Wide Leg & Bootcut,944.0
1026,77,21,2023-02-25,2023-02,3,Okay product. Expected more based on the description.,0.2263,Neutral,Men Low-Rise Cargo  Jeans,Kotty,Joggers & Cargo,639.0
1027,331,31,2024-12-21,2024-12,4,Fast delivery and great packaging.,0.6249,Positive,Men Pure Cotton Skater Jeans,The Indian Garage Co,Denim & Jeans,688.0
1028,232,34,2024-10-22,2024-10,5,Excellent product. Myntra never disappoints.,0.7081,Positive,Men Bootcut Stretchable Jeans,Thomas Scott,Wide Leg & Bootcut,874.0
1029,404,28,2024-06-13,2024-06,5,Fast delivery and great packaging.,0.6249,Positive,Men Straight Fit Jeans,Mast & Harbour,Regular Fit Jeans,764.0
1030,446,37,2023-08-19,2023-08,3,Not bad but not great either. Fits okay.,-0.2883,Neutral,Men Straight Fit Jeans,V-Mart,Regular Fit Jeans,809.0
1031,70,46,2024-08-22,2024-08,4,Excellent product. Myntra never disappoints.,0.7081,Positive,Men Slim Fit Jeans,HIGHLANDER,Slim Fit Jeans,675.0
1032,89,15,2024-03-24,2024-03,5,Fast delivery and great packaging.,0.6249,Positive,Men Mid-Rise Boot Cut Jeans,Bene Kleed,Denim & Jeans,873.0
1033,144,30,2024-09-25,2024-09,5,Great value for money. Highly recommend.,0.8516,Positive,Men Slim Tapered Fit Jeans,Mast & Harbour,Slim Fit Jeans,701.0
1034,101,33,2024-11-21,2024-11,3,Not bad but not great either. Fits okay.,-0.2883,Neutral,Men Straight Fit Jeans,glitchez,Regular Fit Jeans,797.0
1035,393,37,2023-10-27,2023-10,5,Delivery was quick and product is exactly as described.,0.0,Mixed Positive,Men Straight Fit Jeans,V-Mart,Regular Fit Jeans,809.0
1036,246,36,2024-12-25,2024-12,5,Super comfortable jeans. Bought in two colours.,0.802,Positive,Men Straight Fit Jeans,Bene Kleed,Regular Fit Jeans,989.0
1037,23,36,2023-01-21,2023-01,5,Loved the fabric and the fit. Will buy again.,0.7506,Positive,Men Straight Fit Jeans,Bene Kleed,Regular Fit Jeans,989.0
1038,92,33,2023-09-19,2023-09,5,Fast delivery and great packaging.,0.6249,Positive,Men Straight Fit Jeans,glitchez,Regular Fit Jeans,797.0
1039,44,21,2023-11-24,2023-11,5,Beautiful design. Exactly as shown in the photo.,0.5994,Positive,Men Low-Rise Cargo  Jeans,Kotty,Joggers & Cargo,639.0
1040,393,49,2024-08-19,2024-08,4,Delivery was quick and product is exactly as described.,0.0,Mixed Positive,Non Stretchable Cotton Jeans,Flying Machine,Stretchable Jeans,1829.0
1041,358,43,2024-10-09,2024-10,5,Delivery was quick and product is exactly as described.,0.0,Mixed Positive,Men Mid-Rise Stretchable Jeans,MASTERLY WEFT,Stretchable Jeans,959.0
1042,136,41,2024-12-31,2024-12,5,Amazing quality! Totally worth the price.,0.7419,Positive,Men Tapered Fit Jeans,Flying Machine,Denim & Jeans,1829.0
1043,81,43,2023-10-07,2023-10,5,Perfect fit. The material feels premium.,0.7351,Positive,Men Mid-Rise Stretchable Jeans,MASTERLY WEFT,Stretchable Jeans,959.0
1044,491,26,2024-08-26,2024-08,3,Okay product. Expected more based on the description.,0.2263,Neutral,Men Slim Fit Mid-Rise Jeans,The Indian Garage Co,Slim Fit Jeans,659.0
1045,437,3,2023-07-23,2023-07,4,Loved the fabric and the fit. Will buy again.,0.7506,Positive,Men Pure Cotton Jeans,Roadster,Denim & Jeans,974.0
1046,80,48,2024-04-20,2024-04,5,Great value for money. Highly recommend.,0.8516,Positive,Men Bootcut Jeans,HERE&NOW,Wide Leg & Bootcut,869.0
1047,106,49,2023-09-20,2023-09,4,Loved the fabric and the fit. Will buy again.,0.7506,Positive,Non Stretchable Cotton Jeans,Flying Machine,Stretchable Jeans,1829.0
1048,346,29,2024-01-18,2024-01,5,Great value for money. Highly recommend.,0.8516,Positive,Men Slim Fit Jeans,Roadster,Slim Fit Jeans,681.0
1049,199,50,2023-05-14,2023-05,5,Super comfortable jeans. Bought in two colours.,0.802,Positive,30 Days No Wash Jeans,TURMS,Denim & Jeans,3499.0
1050,5,20,2023-03-13,2023-03,4,Super comfortable jeans. Bought in two colours.,0.802,Positive,Men Bootcut Jeans,Mast & Harbour,Wide Leg & Bootcut,869.0
1051,241,31,2023-01-02,2023-01,5,Delivery was quick and product is exactly as described.,0.0,Mixed Positive,Men Pure Cotton Skater Jeans,The Indian Garage Co,Denim & Jeans,688.0
1052,44,43,2024-02-27,2024-02,1,Size runs small. Return process is very difficult.,-0.4201,Negative,Men Mid-Rise Stretchable Jeans,MASTERLY WEFT,Stretchable Jeans,959.0
1053,202,46,2024-02-08,2024-02,5,Delivery was quick and product is exactly as described.,0.0,Mixed Positive,Men Slim Fit Jeans,HIGHLANDER,Slim Fit Jeans,675.0
1054,243,10,2023-10-07,2023-10,5,Delivery was quick and product is exactly as described.,0.0,Mixed Positive,Men Jogger Mid-Rise Jeans,styzon,Joggers & Cargo,899.0
1055,149,50,2023-06-24,2023-06,5,Fast delivery and great packaging.,0.6249,Positive,30 Days No Wash Jeans,TURMS,Denim & Jeans,3499.0
1056,401,48,2023-09-08,2023-09,3,Not bad but not great either. Fits okay.,-0.2883,Neutral,Men Bootcut Jeans,HERE&NOW,Wide Leg & Bootcut,869.0
1057,191,46,2024-08-09,2024-08,1,Size runs small. Return process is very difficult.,-0.4201,Negative,Men Slim Fit Jeans,HIGHLANDER,Slim Fit Jeans,675.0
1058,251,14,2024-01-24,2024-01,2,Customer support was unhelpful when I raised an issue.,0.4019,Mixed Negative,Men Relaxed Fit Mid-Rise Jeans,HIGHLANDER,Relaxed Fit Jeans,769.0
1059,383,4,2023-04-06,2023-04,4,Amazing quality! Totally worth the price.,0.7419,Positive,Relaxed Fit Denim Jeans,Bene Kleed,Relaxed Fit Jeans,873.0
1060,153,30,2024-09-01,2024-09,5,Loved the fabric and the fit. Will buy again.,0.7506,Positive,Men Slim Tapered Fit Jeans,Mast & Harbour,Slim Fit Jeans,701.0
1061,495,5,2024-11-25,2024-11,5,Excellent product. Myntra never disappoints.,0.7081,Positive,Men 511 Slim Fit Jeans,Levis,Slim Fit Jeans,1478.0
1062,404,39,2024-10-16,2024-10,3,Not bad but not great either. Fits okay.,-0.2883,Neutral,Men Regular Fit Jeans,Levis,Regular Fit Jeans,944.0
1063,203,12,2024-08-09,2024-08,3,Not bad but not great either. Fits okay.,-0.2883,Neutral,Men Relaxed Fit Jeans,styzon,Relaxed Fit Jeans,989.0
1064,115,38,2023-09-19,2023-09,5,Super comfortable jeans. Bought in two colours.,0.802,Positive,Men Bootcut Jeans,Urbano Fashion,Wide Leg & Bootcut,944.0
1065,429,22,2024-09-11,2024-09,5,Amazing quality! Totally worth the price.,0.7419,Positive,Men Mid-Rise Skinny Fit Jeans,Mufti,Slim Fit Jeans,1393.0
1066,202,13,2024-10-29,2024-10,4,Beautiful design. Exactly as shown in the photo.,0.5994,Positive,Men Slim Fit Stretchable Jeans,WROGN,Slim Fit Jeans,1275.0
1067,40,25,2024-11-26,2024-11,4,Fast delivery and great packaging.,0.6249,Positive,Men Relaxed Fit Jeans,FUGAZEE,Relaxed Fit Jeans,2099.0
1068,434,42,2024-12-30,2024-12,4,Super comfortable jeans. Bought in two colours.,0.802,Positive,Men Slim Fit Jeans,Nautica,Slim Fit Jeans,1088.0
1069,105,48,2023-04-03,2023-04,1,Product looks different from the photo online.,0.0,Mixed Negative,Men Bootcut Jeans,HERE&NOW,Wide Leg & Bootcut,869.0
1070,384,41,2024-05-02,2024-05,5,Fits perfectly. Very happy with the purchase.,0.8479,Positive,Men Tapered Fit Jeans,Flying Machine,Denim & Jeans,1829.0
1071,248,41,2023-06-13,2023-06,5,Fits perfectly. Very happy with the purchase.,0.8479,Positive,Men Tapered Fit Jeans,Flying Machine,Denim & Jeans,1829.0
1072,226,30,2024-02-06,2024-02,5,Delivery was quick and product is exactly as described.,0.0,Mixed Positive,Men Slim Tapered Fit Jeans,Mast & Harbour,Slim Fit Jeans,701.0
1073,300,46,2024-08-29,2024-08,4,Amazing quality! Totally worth the price.,0.7419,Positive,Men Slim Fit Jeans,HIGHLANDER,Slim Fit Jeans,675.0
1074,472,39,2024-08-24,2024-08,5,Super comfortable jeans. Bought in two colours.,0.802,Positive,Men Regular Fit Jeans,Levis,Regular Fit Jeans,944.0
1075,282,12,2024-12-21,2024-12,4,Delivery was quick and product is exactly as described.,0.0,Mixed Positive,Men Relaxed Fit Jeans,styzon,Relaxed Fit Jeans,989.0
1076,127,14,2024-08-10,2024-08,5,Super comfortable jeans. Bought in two colours.,0.802,Positive,Men Relaxed Fit Mid-Rise Jeans,HIGHLANDER,Relaxed Fit Jeans,769.0
1077,293,13,2024-06-05,2024-06,5,Fast delivery and great packaging.,0.6249,Positive,Men Slim Fit Stretchable Jeans,WROGN,Slim Fit Jeans,1275.0
1078,223,49,2023-09-13,2023-09,4,Excellent product. Myntra never disappoints.,0.7081,Positive,Non Stretchable Cotton Jeans,Flying Machine,Stretchable Jeans,1829.0
1079,43,45,2024-05-08,2024-05,5,Perfect fit. The material feels premium.,0.7351,Positive,Men Wide Leg Cotton Jeans,HIGHLANDER,Wide Leg & Bootcut,1099.0
1080,359,41,2023-06-26,2023-06,2,Received a damaged product. Very unhappy.,-0.7178,Negative,Men Tapered Fit Jeans,Flying Machine,Denim & Jeans,1829.0
1081,386,6,2024-02-28,2024-02,5,Fast delivery and great packaging.,0.6249,Positive,Men Stretchable Jeans,HERE&NOW,Stretchable Jeans,798.0
1082,113,45,2023-06-08,2023-06,4,Great value for money. Highly recommend.,0.8516,Positive,Men Wide Leg Cotton Jeans,HIGHLANDER,Wide Leg & Bootcut,1099.0
1083,343,2,2024-05-17,2024-05,4,Loved the fabric and the fit. Will buy again.,0.7506,Positive,Men Slim Fit Jeans,Flying Machine,Slim Fit Jeans,1829.0
1084,394,10,2023-06-04,2023-06,5,Beautiful design. Exactly as shown in the photo.,0.5994,Positive,Men Jogger Mid-Rise Jeans,styzon,Joggers & Cargo,899.0
1085,183,10,2023-08-30,2023-08,5,Loved the fabric and the fit. Will buy again.,0.7506,Positive,Men Jogger Mid-Rise Jeans,styzon,Joggers & Cargo,899.0
1086,372,13,2024-01-19,2024-01,5,Super comfortable jeans. Bought in two colours.,0.802,Positive,Men Slim Fit Stretchable Jeans,WROGN,Slim Fit Jeans,1275.0
1087,211,34,2023-06-10,2023-06,4,Delivery was quick and product is exactly as described.,0.0,Mixed Positive,Men Bootcut Stretchable Jeans,Thomas Scott,Wide Leg & Bootcut,874.0
1088,165,3,2024-01-04,2024-01,5,Super comfortable jeans. Bought in two colours.,0.802,Positive,Men Pure Cotton Jeans,Roadster,Denim & Jeans,974.0
1089,473,8,2023-01-11,2023-01,4,Loved the fabric and the fit. Will buy again.,0.7506,Positive,Men Wide Leg Heavy Fade Jeans,Bene Kleed,Wide Leg & Bootcut,839.0
1090,26,35,2024-07-13,2024-07,5,Great value for money. Highly recommend.,0.8516,Positive,Men Relaxed Fit Jeans,Mast & Harbour,Relaxed Fit Jeans,819.0
1091,385,2,2023-12-26,2023-12,4,Beautiful design. Exactly as shown in the photo.,0.5994,Positive,Men Slim Fit Jeans,Flying Machine,Slim Fit Jeans,1829.0
1092,272,1,2023-11-24,2023-11,5,Great value for money. Highly recommend.,0.8516,Positive,Men Loose Fit Cotton Jeans,WROGN,Relaxed Fit Jeans,1374.0
1093,422,27,2024-11-27,2024-11,2,Material feels cheap. Not worth the price at all.,-0.1695,Negative,Men Slim Fit Jeans,French Connection,Slim Fit Jeans,1294.0
1094,223,6,2024-05-26,2024-05,4,Super comfortable jeans. Bought in two colours.,0.802,Positive,Men Stretchable Jeans,HERE&NOW,Stretchable Jeans,798.0
1095,489,28,2024-07-15,2024-07,5,Super comfortable jeans. Bought in two colours.,0.802,Positive,Men Straight Fit Jeans,Mast & Harbour,Regular Fit Jeans,764.0
1096,125,15,2023-12-05,2023-12,4,Beautiful design. Exactly as shown in the photo.,0.5994,Positive,Men Mid-Rise Boot Cut Jeans,Bene Kleed,Denim & Jeans,873.0
1097,499,15,2024-02-23,2024-02,3,Not bad but not great either. Fits okay.,-0.2883,Neutral,Men Mid-Rise Boot Cut Jeans,Bene Kleed,Denim & Jeans,873.0
1098,407,45,2023-06-09,2023-06,3,Not bad but not great either. Fits okay.,-0.2883,Neutral,Men Wide Leg Cotton Jeans,HIGHLANDER,Wide Leg & Bootcut,1099.0
1099,177,1,2023-03-18,2023-03,4,Loved the fabric and the fit. Will buy again.,0.7506,Positive,Men Loose Fit Cotton Jeans,WROGN,Relaxed Fit Jeans,1374.0
1100,256,16,2024-10-16,2024-10,3,Not bad but not great either. Fits okay.,-0.2883,Neutral,Men Relaxed Fit Jeans,Flying Machine,Relaxed Fit Jeans,2309.0
1101,308,19,2023-04-29,2023-04,4,Great value for money. Highly recommend.,0.8516,Positive,Men Straight Fit Jeans,Kotty,Regular Fit Jeans,719.0
1102,14,40,2024-03-02,2024-03,1,Quality is below average. Not what I expected.,0.0,Mixed Negative,Men Relaxed Fit Jeans,Roadster,Relaxed Fit Jeans,645.0
1103,182,38,2023-10-04,2023-10,4,Delivery was quick and product is exactly as described.,0.0,Mixed Positive,Men Bootcut Jeans,Urbano Fashion,Wide Leg & Bootcut,944.0
1104,293,35,2023-01-17,2023-01,4,Fits perfectly. Very happy with the purchase.,0.8479,Positive,Men Relaxed Fit Jeans,Mast & Harbour,Relaxed Fit Jeans,819.0
1105,225,49,2023-04-06,2023-04,5,Great value for money. Highly recommend.,0.8516,Positive,Non Stretchable Cotton Jeans,Flying Machine,Stretchable Jeans,1829.0
1106,226,42,2024-09-20,2024-09,4,Fits perfectly. Very happy with the purchase.,0.8479,Positive,Men Slim Fit Jeans,Nautica,Slim Fit Jeans,1088.0
1107,383,39,2024-06-02,2024-06,5,Great value for money. Highly recommend.,0.8516,Positive,Men Regular Fit Jeans,Levis,Regular Fit Jeans,944.0
1108,60,16,2024-04-08,2024-04,5,Great value for money. Highly recommend.,0.8516,Positive,Men Relaxed Fit Jeans,Flying Machine,Relaxed Fit Jeans,2309.0
1109,491,47,2023-09-28,2023-09,2,Received a damaged product. Very unhappy.,-0.7178,Negative,Plus Size Stretchable Jeans,Sztori,Stretchable Jeans,863.0
1110,164,12,2024-08-01,2024-08,5,Beautiful design. Exactly as shown in the photo.,0.5994,Positive,Men Relaxed Fit Jeans,styzon,Relaxed Fit Jeans,989.0
1111,225,41,2023-08-31,2023-08,4,Excellent product. Myntra never disappoints.,0.7081,Positive,Men Tapered Fit Jeans,Flying Machine,Denim & Jeans,1829.0
1112,228,24,2024-04-11,2024-04,3,Average quality. Nothing special about it.,-0.3089,Neutral,Men Slim Fit Jeans,Urbano Fashion,Slim Fit Jeans,629.0
1113,476,36,2023-03-25,2023-03,4,Fast delivery and great packaging.,0.6249,Positive,Men Straight Fit Jeans,Bene Kleed,Regular Fit Jeans,989.0
1114,446,43,2024-08-29,2024-08,5,Perfect fit. The material feels premium.,0.7351,Positive,Men Mid-Rise Stretchable Jeans,MASTERLY WEFT,Stretchable Jeans,959.0
1115,21,41,2024-08-31,2024-08,5,Fits perfectly. Very happy with the purchase.,0.8479,Positive,Men Tapered Fit Jeans,Flying Machine,Denim & Jeans,1829.0
1116,180,48,2023-10-21,2023-10,5,Amazing quality! Totally worth the price.,0.7419,Positive,Men Bootcut Jeans,HERE&NOW,Wide Leg & Bootcut,869.0
1117,17,21,2023-10-19,2023-10,2,The color faded after first wash. Very disappointing.,-0.5413,Negative,Men Low-Rise Cargo  Jeans,Kotty,Joggers & Cargo,639.0
1118,149,27,2023-07-09,2023-07,5,Fast delivery and great packaging.,0.6249,Positive,Men Slim Fit Jeans,French Connection,Slim Fit Jeans,1294.0
1119,120,16,2024-09-16,2024-09,2,The jeans are too tight at the waist. Sizing is off.,0.0,Mixed Negative,Men Relaxed Fit Jeans,Flying Machine,Relaxed Fit Jeans,2309.0
1120,122,13,2023-12-11,2023-12,5,Amazing quality! Totally worth the price.,0.7419,Positive,Men Slim Fit Stretchable Jeans,WROGN,Slim Fit Jeans,1275.0
1121,161,38,2024-04-28,2024-04,4,Fits perfectly. Very happy with the purchase.,0.8479,Positive,Men Bootcut Jeans,Urbano Fashion,Wide Leg & Bootcut,944.0
1122,258,12,2023-06-10,2023-06,5,Amazing quality! Totally worth the price.,0.7419,Positive,Men Relaxed Fit Jeans,styzon,Relaxed Fit Jeans,989.0
1123,251,36,2024-06-21,2024-06,5,Fast delivery and great packaging.,0.6249,Positive,Men Straight Fit Jeans,Bene Kleed,Regular Fit Jeans,989.0
1124,75,50,2024-07-19,2024-07,4,Great value for money. Highly recommend.,0.8516,Positive,30 Days No Wash Jeans,TURMS,Denim & Jeans,3499.0
1125,127,4,2024-03-11,2024-03,5,Super comfortable jeans. Bought in two colours.,0.802,Positive,Relaxed Fit Denim Jeans,Bene Kleed,Relaxed Fit Jeans,873.0
1126,372,16,2024-06-11,2024-06,5,Super comfortable jeans. Bought in two colours.,0.802,Positive,Men Relaxed Fit Jeans,Flying Machine,Relaxed Fit Jeans,2309.0
1127,292,32,2024-11-04,2024-11,5,Beautiful design. Exactly as shown in the photo.,0.5994,Positive,Men Relaxed Fit Jeans,The Indian Garage Co,Relaxed Fit Jeans,808.0
1128,352,42,2023-02-26,2023-02,5,Great value for money. Highly recommend.,0.8516,Positive,Men Slim Fit Jeans,Nautica,Slim Fit Jeans,1088.0
1129,308,26,2023-05-24,2023-05,4,Great value for money. Highly recommend.,0.8516,Positive,Men Slim Fit Mid-Rise Jeans,The Indian Garage Co,Slim Fit Jeans,659.0
1130,352,6,2023-01-28,2023-01,3,Material is fine but the colour is slightly different.,0.1027,Neutral,Men Stretchable Jeans,HERE&NOW,Stretchable Jeans,798.0
1131,487,10,2024-12-07,2024-12,1,The jeans are too tight at the waist. Sizing is off.,0.0,Mixed Negative,Men Jogger Mid-Rise Jeans,styzon,Joggers & Cargo,899.0
1132,198,16,2023-10-24,2023-10,4,Loved the fabric and the fit. Will buy again.,0.7506,Positive,Men Relaxed Fit Jeans,Flying Machine,Relaxed Fit Jeans,2309.0
1133,218,32,2023-12-26,2023-12,1,Received a damaged product. Very unhappy.,-0.7178,Negative,Men Relaxed Fit Jeans,The Indian Garage Co,Relaxed Fit Jeans,808.0
1134,431,50,2024-07-18,2024-07,2,The jeans are too tight at the waist. Sizing is off.,0.0,Mixed Negative,30 Days No Wash Jeans,TURMS,Denim & Jeans,3499.0
1135,284,6,2023-11-20,2023-11,5,Super comfortable jeans. Bought in two colours.,0.802,Positive,Men Stretchable Jeans,HERE&NOW,Stretchable Jeans,798.0
1136,344,3,2024-04-16,2024-04,5,Delivery was quick and product is exactly as described.,0.0,Mixed Positive,Men Pure Cotton Jeans,Roadster,Denim & Jeans,974.0
1137,162,49,2024-12-29,2024-12,5,Perfect fit. The material feels premium.,0.7351,Positive,Non Stretchable Cotton Jeans,Flying Machine,Stretchable Jeans,1829.0
1138,174,40,2024-02-06,2024-02,3,Material is fine but the colour is slightly different.,0.1027,Neutral,Men Relaxed Fit Jeans,Roadster,Relaxed Fit Jeans,645.0
1139,485,24,2024-09-26,2024-09,5,Loved the fabric and the fit. Will buy again.,0.7506,Positive,Men Slim Fit Jeans,Urbano Fashion,Slim Fit Jeans,629.0
1140,43,13,2023-12-24,2023-12,1,The jeans are too tight at the waist. Sizing is off.,0.0,Mixed Negative,Men Slim Fit Stretchable Jeans,WROGN,Slim Fit Jeans,1275.0
1141,400,9,2023-03-08,2023-03,5,Beautiful design. Exactly as shown in the photo.,0.5994,Positive,Men Regular Fit Mid-Rise Jeans,Roadster,Regular Fit Jeans,759.0
1142,401,2,2024-04-05,2024-04,5,Great value for money. Highly recommend.,0.8516,Positive,Men Slim Fit Jeans,Flying Machine,Slim Fit Jeans,1829.0
1143,115,29,2023-12-08,2023-12,5,Loved the fabric and the fit. Will buy again.,0.7506,Positive,Men Slim Fit Jeans,Roadster,Slim Fit Jeans,681.0
1144,88,20,2024-08-10,2024-08,5,Perfect fit. The material feels premium.,0.7351,Positive,Men Bootcut Jeans,Mast & Harbour,Wide Leg & Bootcut,869.0
1145,353,13,2024-03-12,2024-03,2,The jeans are too tight at the waist. Sizing is off.,0.0,Mixed Negative,Men Slim Fit Stretchable Jeans,WROGN,Slim Fit Jeans,1275.0
1146,287,17,2024-02-22,2024-02,5,Perfect fit. The material feels premium.,0.7351,Positive,Men Low-Rise Jeans,Kotty,Denim & Jeans,519.0
1147,476,8,2024-06-12,2024-06,5,Perfect fit. The material feels premium.,0.7351,Positive,Men Wide Leg Heavy Fade Jeans,Bene Kleed,Wide Leg & Bootcut,839.0
1148,342,27,2023-12-11,2023-12,4,Loved the fabric and the fit. Will buy again.,0.7506,Positive,Men Slim Fit Jeans,French Connection,Slim Fit Jeans,1294.0
1149,289,23,2023-12-25,2023-12,1,Stitching came off within a week. Terrible quality.,-0.4767,Negative,Men Stretchable Jeans,Mast & Harbour,Stretchable Jeans,758.0
1150,149,7,2023-12-01,2023-12,4,Fits perfectly. Very happy with the purchase.,0.8479,Positive,Men Relaxed Fit Jeans,Urbano Fashion,Relaxed Fit Jeans,944.0
1151,455,29,2024-11-16,2024-11,5,Great value for money. Highly recommend.,0.8516,Positive,Men Slim Fit Jeans,Roadster,Slim Fit Jeans,681.0
1152,92,22,2023-02-10,2023-02,4,Loved the fabric and the fit. Will buy again.,0.7506,Positive,Men Mid-Rise Skinny Fit Jeans,Mufti,Slim Fit Jeans,1393.0
1153,34,2,2024-07-15,2024-07,5,Perfect fit. The material feels premium.,0.7351,Positive,Men Slim Fit Jeans,Flying Machine,Slim Fit Jeans,1829.0
1154,109,22,2023-06-04,2023-06,5,Great value for money. Highly recommend.,0.8516,Positive,Men Mid-Rise Skinny Fit Jeans,Mufti,Slim Fit Jeans,1393.0
1155,77,3,2024-10-06,2024-10,4,Excellent product. Myntra never disappoints.,0.7081,Positive,Men Pure Cotton Jeans,Roadster,Denim & Jeans,974.0
1156,44,24,2023-10-21,2023-10,5,Loved the fabric and the fit. Will buy again.,0.7506,Positive,Men Slim Fit Jeans,Urbano Fashion,Slim Fit Jeans,629.0
1157,297,16,2023-11-07,2023-11,1,The jeans are too tight at the waist. Sizing is off.,0.0,Mixed Negative,Men Relaxed Fit Jeans,Flying Machine,Relaxed Fit Jeans,2309.0
1158,393,44,2024-03-14,2024-03,2,Stitching came off within a week. Terrible quality.,-0.4767,Negative,Men Baggy Loose Jeans,glitchez,Relaxed Fit Jeans,747.0
1159,497,28,2024-01-27,2024-01,5,Fast delivery and great packaging.,0.6249,Positive,Men Straight Fit Jeans,Mast & Harbour,Regular Fit Jeans,764.0
1160,336,23,2024-11-10,2024-11,2,Product looks different from the photo online.,0.0,Mixed Negative,Men Stretchable Jeans,Mast & Harbour,Stretchable Jeans,758.0
1161,155,3,2024-07-19,2024-07,1,Quality is below average. Not what I expected.,0.0,Mixed Negative,Men Pure Cotton Jeans,Roadster,Denim & Jeans,974.0
1162,12,26,2024-05-04,2024-05,5,Perfect fit. The material feels premium.,0.7351,Positive,Men Slim Fit Mid-Rise Jeans,The Indian Garage Co,Slim Fit Jeans,659.0
1163,197,20,2024-10-28,2024-10,5,Delivery was quick and product is exactly as described.,0.0,Mixed Positive,Men Bootcut Jeans,Mast & Harbour,Wide Leg & Bootcut,869.0
1164,179,48,2024-10-26,2024-10,5,Excellent product. Myntra never disappoints.,0.7081,Positive,Men Bootcut Jeans,HERE&NOW,Wide Leg & Bootcut,869.0
1165,404,42,2023-08-19,2023-08,5,Perfect fit. The material feels premium.,0.7351,Positive,Men Slim Fit Jeans,Nautica,Slim Fit Jeans,1088.0
1166,446,11,2023-05-24,2023-05,4,Perfect fit. The material feels premium.,0.7351,Positive,Men Slim Fit Jeans,Calvin Klein Jeans,Slim Fit Jeans,949.0
1167,249,3,2023-04-10,2023-04,4,Great value for money. Highly recommend.,0.8516,Positive,Men Pure Cotton Jeans,Roadster,Denim & Jeans,974.0
1168,447,42,2023-10-31,2023-10,5,Fits perfectly. Very happy with the purchase.,0.8479,Positive,Men Slim Fit Jeans,Nautica,Slim Fit Jeans,1088.0
1169,323,46,2024-09-19,2024-09,5,Excellent product. Myntra never disappoints.,0.7081,Positive,Men Slim Fit Jeans,HIGHLANDER,Slim Fit Jeans,675.0
1170,374,3,2023-02-11,2023-02,4,Fits perfectly. Very happy with the purchase.,0.8479,Positive,Men Pure Cotton Jeans,Roadster,Denim & Jeans,974.0
1171,10,18,2024-07-15,2024-07,4,Fits perfectly. Very happy with the purchase.,0.8479,Positive,Men Wide Leg Jeans,Roadster,Wide Leg & Bootcut,999.0
1172,254,41,2024-03-03,2024-03,5,Perfect fit. The material feels premium.,0.7351,Positive,Men Tapered Fit Jeans,Flying Machine,Denim & Jeans,1829.0
1173,193,8,2024-08-12,2024-08,3,Okay product. Expected more based on the description.,0.2263,Neutral,Men Wide Leg Heavy Fade Jeans,Bene Kleed,Wide Leg & Bootcut,839.0
1174,108,5,2024-04-03,2024-04,5,Amazing quality! Totally worth the price.,0.7419,Positive,Men 511 Slim Fit Jeans,Levis,Slim Fit Jeans,1478.0
1175,455,26,2023-04-29,2023-04,4,Amazing quality! Totally worth the price.,0.7419,Positive,Men Slim Fit Mid-Rise Jeans,The Indian Garage Co,Slim Fit Jeans,659.0
1176,118,41,2023-01-19,2023-01,5,Perfect fit. The material feels premium.,0.7351,Positive,Men Tapered Fit Jeans,Flying Machine,Denim & Jeans,1829.0
1177,50,24,2024-07-16,2024-07,5,Beautiful design. Exactly as shown in the photo.,0.5994,Positive,Men Slim Fit Jeans,Urbano Fashion,Slim Fit Jeans,629.0
1178,198,10,2024-02-23,2024-02,1,Stitching came off within a week. Terrible quality.,-0.4767,Negative,Men Jogger Mid-Rise Jeans,styzon,Joggers & Cargo,899.0
1179,216,7,2023-08-13,2023-08,4,Fits perfectly. Very happy with the purchase.,0.8479,Positive,Men Relaxed Fit Jeans,Urbano Fashion,Relaxed Fit Jeans,944.0
1180,395,11,2023-06-26,2023-06,2,Stitching came off within a week. Terrible quality.,-0.4767,Negative,Men Slim Fit Jeans,Calvin Klein Jeans,Slim Fit Jeans,949.0
1181,300,20,2024-10-16,2024-10,5,Delivery was quick and product is exactly as described.,0.0,Mixed Positive,Men Bootcut Jeans,Mast & Harbour,Wide Leg & Bootcut,869.0
1182,332,33,2024-07-31,2024-07,4,Great value for money. Highly recommend.,0.8516,Positive,Men Straight Fit Jeans,glitchez,Regular Fit Jeans,797.0
1183,113,6,2024-10-29,2024-10,5,Super comfortable jeans. Bought in two colours.,0.802,Positive,Men Stretchable Jeans,HERE&NOW,Stretchable Jeans,798.0
1184,89,25,2023-10-12,2023-10,5,Super comfortable jeans. Bought in two colours.,0.802,Positive,Men Relaxed Fit Jeans,FUGAZEE,Relaxed Fit Jeans,2099.0
1185,230,6,2023-09-16,2023-09,5,Fast delivery and great packaging.,0.6249,Positive,Men Stretchable Jeans,HERE&NOW,Stretchable Jeans,798.0
1186,190,12,2023-04-18,2023-04,5,Great value for money. Highly recommend.,0.8516,Positive,Men Relaxed Fit Jeans,styzon,Relaxed Fit Jeans,989.0
1187,379,41,2024-05-27,2024-05,4,Excellent product. Myntra never disappoints.,0.7081,Positive,Men Tapered Fit Jeans,Flying Machine,Denim & Jeans,1829.0
1188,132,6,2024-01-13,2024-01,2,Stitching came off within a week. Terrible quality.,-0.4767,Negative,Men Stretchable Jeans,HERE&NOW,Stretchable Jeans,798.0
1189,478,47,2023-08-13,2023-08,5,Delivery was quick and product is exactly as described.,0.0,Mixed Positive,Plus Size Stretchable Jeans,Sztori,Stretchable Jeans,863.0
1190,425,28,2024-05-11,2024-05,5,Perfect fit. The material feels premium.,0.7351,Positive,Men Straight Fit Jeans,Mast & Harbour,Regular Fit Jeans,764.0
1191,228,16,2023-07-16,2023-07,2,Received a damaged product. Very unhappy.,-0.7178,Negative,Men Relaxed Fit Jeans,Flying Machine,Relaxed Fit Jeans,2309.0
1192,419,31,2023-06-27,2023-06,5,Great value for money. Highly recommend.,0.8516,Positive,Men Pure Cotton Skater Jeans,The Indian Garage Co,Denim & Jeans,688.0
1193,347,8,2024-11-06,2024-11,5,Amazing quality! Totally worth the price.,0.7419,Positive,Men Wide Leg Heavy Fade Jeans,Bene Kleed,Wide Leg & Bootcut,839.0
1194,408,11,2023-01-04,2023-01,4,Excellent product. Myntra never disappoints.,0.7081,Positive,Men Slim Fit Jeans,Calvin Klein Jeans,Slim Fit Jeans,949.0
1195,167,23,2023-06-08,2023-06,4,Fast delivery and great packaging.,0.6249,Positive,Men Stretchable Jeans,Mast & Harbour,Stretchable Jeans,758.0
1196,369,10,2024-03-16,2024-03,4,Fast delivery and great packaging.,0.6249,Positive,Men Jogger Mid-Rise Jeans,styzon,Joggers & Cargo,899.0
1197,185,23,2024-12-05,2024-12,5,Fits perfectly. Very happy with the purchase.,0.8479,Positive,Men Stretchable Jeans,Mast & Harbour,Stretchable Jeans,758.0
1198,446,41,2023-05-16,2023-05,1,Quality is below average. Not what I expected.,0.0,Mixed Negative,Men Tapered Fit Jeans,Flying Machine,Denim & Jeans,1829.0
1199,206,35,2024-01-12,2024-01,4,Loved the fabric and the fit. Will buy again.,0.7506,Positive,Men Relaxed Fit Jeans,Mast & Harbour,Relaxed Fit Jeans,819.0
1200,473,12,2024-06-22,2024-06,5,Amazing quality! Totally worth the price.,0.7419,Positive,Men Relaxed Fit Jeans,styzon,Relaxed Fit Jeans,989.0
1201,97,14,2024-02-05,2024-02,5,Super comfortable jeans. Bought in two colours.,0.802,Positive,Men Relaxed Fit Mid-Rise Jeans,HIGHLANDER,Relaxed Fit Jeans,769.0
1202,480,7,2024-06-26,2024-06,4,Loved the fabric and the fit. Will buy again.,0.7506,Positive,Men Relaxed Fit Jeans,Urbano Fashion,Relaxed Fit Jeans,944.0
1203,127,16,2024-04-07,2024-04,5,Fits perfectly. Very happy with the purchase.,0.8479,Positive,Men Relaxed Fit Jeans,Flying Machine,Relaxed Fit Jeans,2309.0
1204,225,19,2024-03-15,2024-03,3,Not bad but not great either. Fits okay.,-0.2883,Neutral,Men Straight Fit Jeans,Kotty,Regular Fit Jeans,719.0
1205,441,8,2024-06-04,2024-06,4,Delivery was quick and product is exactly as described.,0.0,Mixed Positive,Men Wide Leg Heavy Fade Jeans,Bene Kleed,Wide Leg & Bootcut,839.0
1206,328,46,2024-04-02,2024-04,5,Excellent product. Myntra never disappoints.,0.7081,Positive,Men Slim Fit Jeans,HIGHLANDER,Slim Fit Jeans,675.0
1207,149,18,2024-08-11,2024-08,4,Excellent product. Myntra never disappoints.,0.7081,Positive,Men Wide Leg Jeans,Roadster,Wide Leg & Bootcut,999.0
1208,178,41,2024-05-15,2024-05,5,Fits perfectly. Very happy with the purchase.,0.8479,Positive,Men Tapered Fit Jeans,Flying Machine,Denim & Jeans,1829.0
1209,210,33,2024-02-17,2024-02,5,Loved the fabric and the fit. Will buy again.,0.7506,Positive,Men Straight Fit Jeans,glitchez,Regular Fit Jeans,797.0
1210,170,15,2024-12-04,2024-12,4,Delivery was quick and product is exactly as described.,0.0,Mixed Positive,Men Mid-Rise Boot Cut Jeans,Bene Kleed,Denim & Jeans,873.0
1211,391,12,2023-08-03,2023-08,4,Beautiful design. Exactly as shown in the photo.,0.5994,Positive,Men Relaxed Fit Jeans,styzon,Relaxed Fit Jeans,989.0
1212,398,14,2024-12-29,2024-12,1,Delivery was very late. Poor experience.,-0.5233,Negative,Men Relaxed Fit Mid-Rise Jeans,HIGHLANDER,Relaxed Fit Jeans,769.0
1213,155,3,2023-09-07,2023-09,5,Super comfortable jeans. Bought in two colours.,0.802,Positive,Men Pure Cotton Jeans,Roadster,Denim & Jeans,974.0
1214,53,42,2023-07-24,2023-07,5,Perfect fit. The material feels premium.,0.7351,Positive,Men Slim Fit Jeans,Nautica,Slim Fit Jeans,1088.0
1215,144,35,2024-02-17,2024-02,4,Fast delivery and great packaging.,0.6249,Positive,Men Relaxed Fit Jeans,Mast & Harbour,Relaxed Fit Jeans,819.0
1216,445,8,2023-03-01,2023-03,5,Loved the fabric and the fit. Will buy again.,0.7506,Positive,Men Wide Leg Heavy Fade Jeans,Bene Kleed,Wide Leg & Bootcut,839.0
1217,330,24,2024-09-21,2024-09,5,Fits perfectly. Very happy with the purchase.,0.8479,Positive,Men Slim Fit Jeans,Urbano Fashion,Slim Fit Jeans,629.0
1218,458,16,2024-11-15,2024-11,5,Fast delivery and great packaging.,0.6249,Positive,Men Relaxed Fit Jeans,Flying Machine,Relaxed Fit Jeans,2309.0
1219,134,6,2023-09-09,2023-09,5,Perfect fit. The material feels premium.,0.7351,Positive,Men Stretchable Jeans,HERE&NOW,Stretchable Jeans,798.0
1220,397,28,2024-01-22,2024-01,5,Delivery was quick and product is exactly as described.,0.0,Mixed Positive,Men Straight Fit Jeans,Mast & Harbour,Regular Fit Jeans,764.0
1221,181,4,2024-01-25,2024-01,1,Stitching came off within a week. Terrible quality.,-0.4767,Negative,Relaxed Fit Denim Jeans,Bene Kleed,Relaxed Fit Jeans,873.0
1222,90,10,2024-10-30,2024-10,4,Amazing quality! Totally worth the price.,0.7419,Positive,Men Jogger Mid-Rise Jeans,styzon,Joggers & Cargo,899.0
1223,478,22,2023-05-29,2023-05,4,Super comfortable jeans. Bought in two colours.,0.802,Positive,Men Mid-Rise Skinny Fit Jeans,Mufti,Slim Fit Jeans,1393.0
1224,493,42,2024-03-12,2024-03,2,Material feels cheap. Not worth the price at all.,-0.1695,Negative,Men Slim Fit Jeans,Nautica,Slim Fit Jeans,1088.0
1225,34,4,2023-05-09,2023-05,2,The color faded after first wash. Very disappointing.,-0.5413,Negative,Relaxed Fit Denim Jeans,Bene Kleed,Relaxed Fit Jeans,873.0
1226,456,38,2024-09-20,2024-09,5,Amazing quality! Totally worth the price.,0.7419,Positive,Men Bootcut Jeans,Urbano Fashion,Wide Leg & Bootcut,944.0
1227,33,3,2024-06-20,2024-06,4,Amazing quality! Totally worth the price.,0.7419,Positive,Men Pure Cotton Jeans,Roadster,Denim & Jeans,974.0
1228,272,26,2024-03-08,2024-03,5,Delivery was quick and product is exactly as described.,0.0,Mixed Positive,Men Slim Fit Mid-Rise Jeans,The Indian Garage Co,Slim Fit Jeans,659.0
1229,283,6,2024-03-04,2024-03,4,Great value for money. Highly recommend.,0.8516,Positive,Men Stretchable Jeans,HERE&NOW,Stretchable Jeans,798.0
1230,59,19,2023-06-17,2023-06,5,Perfect fit. The material feels premium.,0.7351,Positive,Men Straight Fit Jeans,Kotty,Regular Fit Jeans,719.0
1231,352,30,2024-06-22,2024-06,1,The color faded after first wash. Very disappointing.,-0.5413,Negative,Men Slim Tapered Fit Jeans,Mast & Harbour,Slim Fit Jeans,701.0
1232,317,1,2023-07-19,2023-07,2,Product looks different from the photo online.,0.0,Mixed Negative,Men Loose Fit Cotton Jeans,WROGN,Relaxed Fit Jeans,1374.0
1233,201,12,2024-11-11,2024-11,5,Loved the fabric and the fit. Will buy again.,0.7506,Positive,Men Relaxed Fit Jeans,styzon,Relaxed Fit Jeans,989.0
1234,480,19,2024-10-29,2024-10,4,Amazing quality! Totally worth the price.,0.7419,Positive,Men Straight Fit Jeans,Kotty,Regular Fit Jeans,719.0
1235,320,34,2024-04-04,2024-04,4,Perfect fit. The material feels premium.,0.7351,Positive,Men Bootcut Stretchable Jeans,Thomas Scott,Wide Leg & Bootcut,874.0
1236,237,15,2023-06-22,2023-06,5,Perfect fit. The material feels premium.,0.7351,Positive,Men Mid-Rise Boot Cut Jeans,Bene Kleed,Denim & Jeans,873.0
1237,89,9,2023-08-01,2023-08,5,Great value for money. Highly recommend.,0.8516,Positive,Men Regular Fit Mid-Rise Jeans,Roadster,Regular Fit Jeans,759.0
1238,58,19,2023-02-08,2023-02,5,Loved the fabric and the fit. Will buy again.,0.7506,Positive,Men Straight Fit Jeans,Kotty,Regular Fit Jeans,719.0
1239,251,50,2023-10-30,2023-10,5,Fits perfectly. Very happy with the purchase.,0.8479,Positive,30 Days No Wash Jeans,TURMS,Denim & Jeans,3499.0
1240,206,20,2024-07-03,2024-07,5,Excellent product. Myntra never disappoints.,0.7081,Positive,Men Bootcut Jeans,Mast & Harbour,Wide Leg & Bootcut,869.0
1241,417,41,2024-05-01,2024-05,4,Excellent product. Myntra never disappoints.,0.7081,Positive,Men Tapered Fit Jeans,Flying Machine,Denim & Jeans,1829.0
1242,111,26,2024-03-14,2024-03,5,Delivery was quick and product is exactly as described.,0.0,Mixed Positive,Men Slim Fit Mid-Rise Jeans,The Indian Garage Co,Slim Fit Jeans,659.0
1243,185,41,2023-12-25,2023-12,4,Delivery was quick and product is exactly as described.,0.0,Mixed Positive,Men Tapered Fit Jeans,Flying Machine,Denim & Jeans,1829.0
1244,125,35,2024-07-11,2024-07,5,Amazing quality! Totally worth the price.,0.7419,Positive,Men Relaxed Fit Jeans,Mast & Harbour,Relaxed Fit Jeans,819.0
1245,497,3,2024-04-20,2024-04,4,Amazing quality! Totally worth the price.,0.7419,Positive,Men Pure Cotton Jeans,Roadster,Denim & Jeans,974.0
1246,49,41,2023-05-29,2023-05,5,Amazing quality! Totally worth the price.,0.7419,Positive,Men Tapered Fit Jeans,Flying Machine,Denim & Jeans,1829.0
1247,257,1,2024-12-24,2024-12,5,Fits perfectly. Very happy with the purchase.,0.8479,Positive,Men Loose Fit Cotton Jeans,WROGN,Relaxed Fit Jeans,1374.0
1248,345,27,2024-01-19,2024-01,4,Fits perfectly. Very happy with the purchase.,0.8479,Positive,Men Slim Fit Jeans,French Connection,Slim Fit Jeans,1294.0
1249,208,2,2023-11-16,2023-11,5,Excellent product. Myntra never disappoints.,0.7081,Positive,Men Slim Fit Jeans,Flying Machine,Slim Fit Jeans,1829.0
1250,168,12,2023-08-02,2023-08,2,Received a damaged product. Very unhappy.,-0.7178,Negative,Men Relaxed Fit Jeans,styzon,Relaxed Fit Jeans,989.0
1251,28,44,2024-01-28,2024-01,1,Stitching came off within a week. Terrible quality.,-0.4767,Negative,Men Baggy Loose Jeans,glitchez,Relaxed Fit Jeans,747.0
1252,390,25,2023-05-14,2023-05,5,Fast delivery and great packaging.,0.6249,Positive,Men Relaxed Fit Jeans,FUGAZEE,Relaxed Fit Jeans,2099.0
1253,27,36,2023-10-27,2023-10,4,Fits perfectly. Very happy with the purchase.,0.8479,Positive,Men Straight Fit Jeans,Bene Kleed,Regular Fit Jeans,989.0
1254,354,29,2023-03-29,2023-03,5,Fits perfectly. Very happy with the purchase.,0.8479,Positive,Men Slim Fit Jeans,Roadster,Slim Fit Jeans,681.0
1255,24,22,2023-09-14,2023-09,2,Received a damaged product. Very unhappy.,-0.7178,Negative,Men Mid-Rise Skinny Fit Jeans,Mufti,Slim Fit Jeans,1393.0
1256,284,5,2023-01-30,2023-01,5,Delivery was quick and product is exactly as described.,0.0,Mixed Positive,Men 511 Slim Fit Jeans,Levis,Slim Fit Jeans,1478.0
1257,212,50,2023-12-07,2023-12,5,Amazing quality! Totally worth the price.,0.7419,Positive,30 Days No Wash Jeans,TURMS,Denim & Jeans,3499.0
1258,116,24,2024-03-03,2024-03,4,Fits perfectly. Very happy with the purchase.,0.8479,Positive,Men Slim Fit Jeans,Urbano Fashion,Slim Fit Jeans,629.0
1259,94,17,2024-01-06,2024-01,5,Fast delivery and great packaging.,0.6249,Positive,Men Low-Rise Jeans,Kotty,Denim & Jeans,519.0
1260,402,49,2024-06-23,2024-06,2,Quality is below average. Not what I expected.,0.0,Mixed Negative,Non Stretchable Cotton Jeans,Flying Machine,Stretchable Jeans,1829.0
1261,12,11,2024-03-09,2024-03,4,Fast delivery and great packaging.,0.6249,Positive,Men Slim Fit Jeans,Calvin Klein Jeans,Slim Fit Jeans,949.0
1262,226,29,2024-04-01,2024-04,4,Loved the fabric and the fit. Will buy again.,0.7506,Positive,Men Slim Fit Jeans,Roadster,Slim Fit Jeans,681.0
1263,256,22,2023-03-29,2023-03,4,Excellent product. Myntra never disappoints.,0.7081,Positive,Men Mid-Rise Skinny Fit Jeans,Mufti,Slim Fit Jeans,1393.0
1264,477,40,2024-10-01,2024-10,3,Average quality. Nothing special about it.,-0.3089,Neutral,Men Relaxed Fit Jeans,Roadster,Relaxed Fit Jeans,645.0
1265,84,26,2023-12-23,2023-12,5,Super comfortable jeans. Bought in two colours.,0.802,Positive,Men Slim Fit Mid-Rise Jeans,The Indian Garage Co,Slim Fit Jeans,659.0
1266,320,46,2024-06-19,2024-06,5,Great value for money. Highly recommend.,0.8516,Positive,Men Slim Fit Jeans,HIGHLANDER,Slim Fit Jeans,675.0
1267,418,47,2024-02-15,2024-02,5,Perfect fit. The material feels premium.,0.7351,Positive,Plus Size Stretchable Jeans,Sztori,Stretchable Jeans,863.0
1268,444,8,2023-11-21,2023-11,5,Fits perfectly. Very happy with the purchase.,0.8479,Positive,Men Wide Leg Heavy Fade Jeans,Bene Kleed,Wide Leg & Bootcut,839.0
1269,150,45,2023-06-10,2023-06,2,Product looks different from the photo online.,0.0,Mixed Negative,Men Wide Leg Cotton Jeans,HIGHLANDER,Wide Leg & Bootcut,1099.0
1270,226,14,2024-03-02,2024-03,5,Excellent product. Myntra never disappoints.,0.7081,Positive,Men Relaxed Fit Mid-Rise Jeans,HIGHLANDER,Relaxed Fit Jeans,769.0
1271,459,46,2024-04-26,2024-04,1,The color faded after first wash. Very disappointing.,-0.5413,Negative,Men Slim Fit Jeans,HIGHLANDER,Slim Fit Jeans,675.0
1272,206,39,2024-02-24,2024-02,4,Delivery was quick and product is exactly as described.,0.0,Mixed Positive,Men Regular Fit Jeans,Levis,Regular Fit Jeans,944.0
1273,380,1,2024-05-02,2024-05,4,Great value for money. Highly recommend.,0.8516,Positive,Men Loose Fit Cotton Jeans,WROGN,Relaxed Fit Jeans,1374.0
1274,478,32,2023-04-03,2023-04,3,Decent product but could be better for the price.,0.5927,Neutral,Men Relaxed Fit Jeans,The Indian Garage Co,Relaxed Fit Jeans,808.0
1275,333,3,2023-07-31,2023-07,4,Fast delivery and great packaging.,0.6249,Positive,Men Pure Cotton Jeans,Roadster,Denim & Jeans,974.0
1276,341,34,2023-04-03,2023-04,2,Size runs small. Return process is very difficult.,-0.4201,Negative,Men Bootcut Stretchable Jeans,Thomas Scott,Wide Leg & Bootcut,874.0
1277,494,21,2023-09-08,2023-09,5,Fast delivery and great packaging.,0.6249,Positive,Men Low-Rise Cargo  Jeans,Kotty,Joggers & Cargo,639.0
1278,7,2,2023-09-23,2023-09,4,Beautiful design. Exactly as shown in the photo.,0.5994,Positive,Men Slim Fit Jeans,Flying Machine,Slim Fit Jeans,1829.0
1279,149,9,2023-11-21,2023-11,1,Delivery was very late. Poor experience.,-0.5233,Negative,Men Regular Fit Mid-Rise Jeans,Roadster,Regular Fit Jeans,759.0
1280,420,10,2024-07-20,2024-07,5,Amazing quality! Totally worth the price.,0.7419,Positive,Men Jogger Mid-Rise Jeans,styzon,Joggers & Cargo,899.0
1281,139,49,2023-07-30,2023-07,5,Fast delivery and great packaging.,0.6249,Positive,Non Stretchable Cotton Jeans,Flying Machine,Stretchable Jeans,1829.0
1282,429,8,2023-03-13,2023-03,5,Excellent product. Myntra never disappoints.,0.7081,Positive,Men Wide Leg Heavy Fade Jeans,Bene Kleed,Wide Leg & Bootcut,839.0
1283,483,28,2024-02-10,2024-02,4,Super comfortable jeans. Bought in two colours.,0.802,Positive,Men Straight Fit Jeans,Mast & Harbour,Regular Fit Jeans,764.0
1284,330,28,2023-03-05,2023-03,2,Material feels cheap. Not worth the price at all.,-0.1695,Negative,Men Straight Fit Jeans,Mast & Harbour,Regular Fit Jeans,764.0
1285,217,33,2023-03-23,2023-03,5,Excellent product. Myntra never disappoints.,0.7081,Positive,Men Straight Fit Jeans,glitchez,Regular Fit Jeans,797.0
1286,415,23,2024-09-03,2024-09,4,Amazing quality! Totally worth the price.,0.7419,Positive,Men Stretchable Jeans,Mast & Harbour,Stretchable Jeans,758.0
1287,217,26,2024-12-06,2024-12,2,Customer support was unhelpful when I raised an issue.,0.4019,Mixed Negative,Men Slim Fit Mid-Rise Jeans,The Indian Garage Co,Slim Fit Jeans,659.0
1288,132,21,2024-03-10,2024-03,4,Fast delivery and great packaging.,0.6249,Positive,Men Low-Rise Cargo  Jeans,Kotty,Joggers & Cargo,639.0
1289,298,21,2023-10-04,2023-10,3,Average quality. Nothing special about it.,-0.3089,Neutral,Men Low-Rise Cargo  Jeans,Kotty,Joggers & Cargo,639.0
1290,53,7,2023-10-22,2023-10,1,Quality is below average. Not what I expected.,0.0,Mixed Negative,Men Relaxed Fit Jeans,Urbano Fashion,Relaxed Fit Jeans,944.0
1291,54,15,2024-10-30,2024-10,5,Fits perfectly. Very happy with the purchase.,0.8479,Positive,Men Mid-Rise Boot Cut Jeans,Bene Kleed,Denim & Jeans,873.0
1292,324,7,2023-09-05,2023-09,5,Excellent product. Myntra never disappoints.,0.7081,Positive,Men Relaxed Fit Jeans,Urbano Fashion,Relaxed Fit Jeans,944.0
1293,24,41,2024-12-01,2024-12,5,Amazing quality! Totally worth the price.,0.7419,Positive,Men Tapered Fit Jeans,Flying Machine,Denim & Jeans,1829.0
1294,232,48,2023-11-25,2023-11,4,Beautiful design. Exactly as shown in the photo.,0.5994,Positive,Men Bootcut Jeans,HERE&NOW,Wide Leg & Bootcut,869.0
1295,8,18,2023-08-21,2023-08,4,Fast delivery and great packaging.,0.6249,Positive,Men Wide Leg Jeans,Roadster,Wide Leg & Bootcut,999.0
1296,146,32,2024-10-16,2024-10,2,Customer support was unhelpful when I raised an issue.,0.4019,Mixed Negative,Men Relaxed Fit Jeans,The Indian Garage Co,Relaxed Fit Jeans,808.0
1297,191,42,2023-08-17,2023-08,4,Super comfortable jeans. Bought in two colours.,0.802,Positive,Men Slim Fit Jeans,Nautica,Slim Fit Jeans,1088.0
1298,245,3,2024-09-09,2024-09,5,Delivery was quick and product is exactly as described.,0.0,Mixed Positive,Men Pure Cotton Jeans,Roadster,Denim & Jeans,974.0
1299,429,16,2024-01-07,2024-01,2,Stitching came off within a week. Terrible quality.,-0.4767,Negative,Men Relaxed Fit Jeans,Flying Machine,Relaxed Fit Jeans,2309.0
1300,3,37,2023-09-18,2023-09,1,The jeans are too tight at the waist. Sizing is off.,0.0,Mixed Negative,Men Straight Fit Jeans,V-Mart,Regular Fit Jeans,809.0
1301,168,40,2024-06-14,2024-06,3,Decent product but could be better for the price.,0.5927,Neutral,Men Relaxed Fit Jeans,Roadster,Relaxed Fit Jeans,645.0
1302,378,40,2023-01-19,2023-01,4,Delivery was quick and product is exactly as described.,0.0,Mixed Positive,Men Relaxed Fit Jeans,Roadster,Relaxed Fit Jeans,645.0
1303,481,23,2024-11-03,2024-11,4,Delivery was quick and product is exactly as described.,0.0,Mixed Positive,Men Stretchable Jeans,Mast & Harbour,Stretchable Jeans,758.0
1304,35,34,2024-05-29,2024-05,1,Customer support was unhelpful when I raised an issue.,0.4019,Mixed Negative,Men Bootcut Stretchable Jeans,Thomas Scott,Wide Leg & Bootcut,874.0
1305,485,14,2024-02-11,2024-02,4,Loved the fabric and the fit. Will buy again.,0.7506,Positive,Men Relaxed Fit Mid-Rise Jeans,HIGHLANDER,Relaxed Fit Jeans,769.0
1306,40,28,2023-10-22,2023-10,5,Delivery was quick and product is exactly as described.,0.0,Mixed Positive,Men Straight Fit Jeans,Mast & Harbour,Regular Fit Jeans,764.0
1307,19,45,2023-10-03,2023-10,5,Fast delivery and great packaging.,0.6249,Positive,Men Wide Leg Cotton Jeans,HIGHLANDER,Wide Leg & Bootcut,1099.0
1308,457,40,2024-10-23,2024-10,5,Beautiful design. Exactly as shown in the photo.,0.5994,Positive,Men Relaxed Fit Jeans,Roadster,Relaxed Fit Jeans,645.0
1309,202,33,2023-02-25,2023-02,1,Material feels cheap. Not worth the price at all.,-0.1695,Negative,Men Straight Fit Jeans,glitchez,Regular Fit Jeans,797.0
1310,421,8,2024-11-14,2024-11,5,Fast delivery and great packaging.,0.6249,Positive,Men Wide Leg Heavy Fade Jeans,Bene Kleed,Wide Leg & Bootcut,839.0
1311,77,50,2024-07-21,2024-07,4,Delivery was quick and product is exactly as described.,0.0,Mixed Positive,30 Days No Wash Jeans,TURMS,Denim & Jeans,3499.0
1312,169,25,2023-07-09,2023-07,5,Loved the fabric and the fit. Will buy again.,0.7506,Positive,Men Relaxed Fit Jeans,FUGAZEE,Relaxed Fit Jeans,2099.0
1313,427,14,2024-12-26,2024-12,4,Loved the fabric and the fit. Will buy again.,0.7506,Positive,Men Relaxed Fit Mid-Rise Jeans,HIGHLANDER,Relaxed Fit Jeans,769.0
1314,218,12,2023-05-07,2023-05,5,Great value for money. Highly recommend.,0.8516,Positive,Men Relaxed Fit Jeans,styzon,Relaxed Fit Jeans,989.0
1315,143,12,2023-07-14,2023-07,5,Fast delivery and great packaging.,0.6249,Positive,Men Relaxed Fit Jeans,styzon,Relaxed Fit Jeans,989.0
1316,252,15,2024-10-28,2024-10,4,Super comfortable jeans. Bought in two colours.,0.802,Positive,Men Mid-Rise Boot Cut Jeans,Bene Kleed,Denim & Jeans,873.0
1317,459,20,2024-11-23,2024-11,5,Excellent product. Myntra never disappoints.,0.7081,Positive,Men Bootcut Jeans,Mast & Harbour,Wide Leg & Bootcut,869.0
1318,305,16,2024-03-25,2024-03,5,Amazing quality! Totally worth the price.,0.7419,Positive,Men Relaxed Fit Jeans,Flying Machine,Relaxed Fit Jeans,2309.0
1319,34,40,2024-04-11,2024-04,5,Excellent product. Myntra never disappoints.,0.7081,Positive,Men Relaxed Fit Jeans,Roadster,Relaxed Fit Jeans,645.0
1320,169,37,2024-11-09,2024-11,5,Excellent product. Myntra never disappoints.,0.7081,Positive,Men Straight Fit Jeans,V-Mart,Regular Fit Jeans,809.0
1321,414,1,2024-10-18,2024-10,2,Customer support was unhelpful when I raised an issue.,0.4019,Mixed Negative,Men Loose Fit Cotton Jeans,WROGN,Relaxed Fit Jeans,1374.0
1322,281,32,2024-12-01,2024-12,5,Delivery was quick and product is exactly as described.,0.0,Mixed Positive,Men Relaxed Fit Jeans,The Indian Garage Co,Relaxed Fit Jeans,808.0
1323,251,14,2023-07-06,2023-07,4,Delivery was quick and product is exactly as described.,0.0,Mixed Positive,Men Relaxed Fit Mid-Rise Jeans,HIGHLANDER,Relaxed Fit Jeans,769.0
1324,51,28,2024-10-03,2024-10,4,Great value for money. Highly recommend.,0.8516,Positive,Men Straight Fit Jeans,Mast & Harbour,Regular Fit Jeans,764.0
1325,165,7,2023-09-03,2023-09,5,Fast delivery and great packaging.,0.6249,Positive,Men Relaxed Fit Jeans,Urbano Fashion,Relaxed Fit Jeans,944.0
1326,16,31,2023-04-20,2023-04,2,Delivery was very late. Poor experience.,-0.5233,Negative,Men Pure Cotton Skater Jeans,The Indian Garage Co,Denim & Jeans,688.0
1327,445,17,2023-07-02,2023-07,4,Great value for money. Highly recommend.,0.8516,Positive,Men Low-Rise Jeans,Kotty,Denim & Jeans,519.0
1328,365,47,2023-10-23,2023-10,4,Delivery was quick and product is exactly as described.,0.0,Mixed Positive,Plus Size Stretchable Jeans,Sztori,Stretchable Jeans,863.0
1329,93,15,2023-05-10,2023-05,5,Loved the fabric and the fit. Will buy again.,0.7506,Positive,Men Mid-Rise Boot Cut Jeans,Bene Kleed,Denim & Jeans,873.0
1330,386,21,2024-06-20,2024-06,5,Amazing quality! Totally worth the price.,0.7419,Positive,Men Low-Rise Cargo  Jeans,Kotty,Joggers & Cargo,639.0
1331,156,14,2024-08-12,2024-08,5,Super comfortable jeans. Bought in two colours.,0.802,Positive,Men Relaxed Fit Mid-Rise Jeans,HIGHLANDER,Relaxed Fit Jeans,769.0
1332,500,23,2024-06-23,2024-06,5,Fast delivery and great packaging.,0.6249,Positive,Men Stretchable Jeans,Mast & Harbour,Stretchable Jeans,758.0
1333,87,8,2024-09-24,2024-09,5,Super comfortable jeans. Bought in two colours.,0.802,Positive,Men Wide Leg Heavy Fade Jeans,Bene Kleed,Wide Leg & Bootcut,839.0
1334,96,9,2024-07-21,2024-07,3,Decent product but could be better for the price.,0.5927,Neutral,Men Regular Fit Mid-Rise Jeans,Roadster,Regular Fit Jeans,759.0
1335,108,29,2024-09-02,2024-09,4,Amazing quality! Totally worth the price.,0.7419,Positive,Men Slim Fit Jeans,Roadster,Slim Fit Jeans,681.0
1336,432,35,2024-04-04,2024-04,1,Delivery was very late. Poor experience.,-0.5233,Negative,Men Relaxed Fit Jeans,Mast & Harbour,Relaxed Fit Jeans,819.0
1337,277,1,2023-09-10,2023-09,4,Delivery was quick and product is exactly as described.,0.0,Mixed Positive,Men Loose Fit Cotton Jeans,WROGN,Relaxed Fit Jeans,1374.0
1338,279,8,2023-08-25,2023-08,3,Okay product. Expected more based on the description.,0.2263,Neutral,Men Wide Leg Heavy Fade Jeans,Bene Kleed,Wide Leg & Bootcut,839.0
1339,137,26,2024-08-11,2024-08,2,The color faded after first wash. Very disappointing.,-0.5413,Negative,Men Slim Fit Mid-Rise Jeans,The Indian Garage Co,Slim Fit Jeans,659.0
1340,452,1,2024-05-14,2024-05,3,Okay product. Expected more based on the description.,0.2263,Neutral,Men Loose Fit Cotton Jeans,WROGN,Relaxed Fit Jeans,1374.0
1341,266,9,2024-06-03,2024-06,1,The color faded after first wash. Very disappointing.,-0.5413,Negative,Men Regular Fit Mid-Rise Jeans,Roadster,Regular Fit Jeans,759.0
1342,399,33,2023-05-08,2023-05,5,Excellent product. Myntra never disappoints.,0.7081,Positive,Men Straight Fit Jeans,glitchez,Regular Fit Jeans,797.0
1343,265,21,2023-08-26,2023-08,1,Material feels cheap. Not worth the price at all.,-0.1695,Negative,Men Low-Rise Cargo  Jeans,Kotty,Joggers & Cargo,639.0
1344,247,38,2024-05-18,2024-05,1,Size runs small. Return process is very difficult.,-0.4201,Negative,Men Bootcut Jeans,Urbano Fashion,Wide Leg & Bootcut,944.0
1345,113,30,2023-12-29,2023-12,5,Loved the fabric and the fit. Will buy again.,0.7506,Positive,Men Slim Tapered Fit Jeans,Mast & Harbour,Slim Fit Jeans,701.0
1346,453,16,2023-11-25,2023-11,1,Customer support was unhelpful when I raised an issue.,0.4019,Mixed Negative,Men Relaxed Fit Jeans,Flying Machine,Relaxed Fit Jeans,2309.0
1347,214,44,2024-02-25,2024-02,3,Decent product but could be better for the price.,0.5927,Neutral,Men Baggy Loose Jeans,glitchez,Relaxed Fit Jeans,747.0
1348,110,49,2024-02-16,2024-02,5,Amazing quality! Totally worth the price.,0.7419,Positive,Non Stretchable Cotton Jeans,Flying Machine,Stretchable Jeans,1829.0
1349,368,28,2023-03-12,2023-03,5,Fast delivery and great packaging.,0.6249,Positive,Men Straight Fit Jeans,Mast & Harbour,Regular Fit Jeans,764.0
1350,381,15,2023-12-12,2023-12,5,Fast delivery and great packaging.,0.6249,Positive,Men Mid-Rise Boot Cut Jeans,Bene Kleed,Denim & Jeans,873.0
1351,131,44,2023-07-14,2023-07,1,The color faded after first wash. Very disappointing.,-0.5413,Negative,Men Baggy Loose Jeans,glitchez,Relaxed Fit Jeans,747.0
1352,5,50,2024-04-22,2024-04,1,The jeans are too tight at the waist. Sizing is off.,0.0,Mixed Negative,30 Days No Wash Jeans,TURMS,Denim & Jeans,3499.0
1353,213,7,2023-01-29,2023-01,5,Super comfortable jeans. Bought in two colours.,0.802,Positive,Men Relaxed Fit Jeans,Urbano Fashion,Relaxed Fit Jeans,944.0
1354,147,24,2023-01-15,2023-01,5,Delivery was quick and product is exactly as described.,0.0,Mixed Positive,Men Slim Fit Jeans,Urbano Fashion,Slim Fit Jeans,629.0
1355,94,18,2024-02-05,2024-02,5,Amazing quality! Totally worth the price.,0.7419,Positive,Men Wide Leg Jeans,Roadster,Wide Leg & Bootcut,999.0
1356,478,31,2023-10-04,2023-10,4,Excellent product. Myntra never disappoints.,0.7081,Positive,Men Pure Cotton Skater Jeans,The Indian Garage Co,Denim & Jeans,688.0
1357,394,28,2023-03-04,2023-03,3,Okay product. Expected more based on the description.,0.2263,Neutral,Men Straight Fit Jeans,Mast & Harbour,Regular Fit Jeans,764.0
1358,367,15,2023-12-10,2023-12,5,Loved the fabric and the fit. Will buy again.,0.7506,Positive,Men Mid-Rise Boot Cut Jeans,Bene Kleed,Denim & Jeans,873.0
1359,417,29,2023-01-25,2023-01,4,Super comfortable jeans. Bought in two colours.,0.802,Positive,Men Slim Fit Jeans,Roadster,Slim Fit Jeans,681.0
1360,497,39,2024-11-08,2024-11,5,Amazing quality! Totally worth the price.,0.7419,Positive,Men Regular Fit Jeans,Levis,Regular Fit Jeans,944.0
1361,6,35,2023-11-25,2023-11,1,The color faded after first wash. Very disappointing.,-0.5413,Negative,Men Relaxed Fit Jeans,Mast & Harbour,Relaxed Fit Jeans,819.0
1362,277,48,2024-02-29,2024-02,2,Received a damaged product. Very unhappy.,-0.7178,Negative,Men Bootcut Jeans,HERE&NOW,Wide Leg & Bootcut,869.0
1363,381,45,2024-04-02,2024-04,4,Great value for money. Highly recommend.,0.8516,Positive,Men Wide Leg Cotton Jeans,HIGHLANDER,Wide Leg & Bootcut,1099.0
1364,95,3,2023-10-29,2023-10,5,Fast delivery and great packaging.,0.6249,Positive,Men Pure Cotton Jeans,Roadster,Denim & Jeans,974.0
1365,463,6,2024-01-06,2024-01,5,Excellent product. Myntra never disappoints.,0.7081,Positive,Men Stretchable Jeans,HERE&NOW,Stretchable Jeans,798.0
1366,248,18,2024-03-05,2024-03,5,Great value for money. Highly recommend.,0.8516,Positive,Men Wide Leg Jeans,Roadster,Wide Leg & Bootcut,999.0
1367,256,21,2024-10-23,2024-10,1,Size runs small. Return process is very difficult.,-0.4201,Negative,Men Low-Rise Cargo  Jeans,Kotty,Joggers & Cargo,639.0
1368,37,15,2023-01-25,2023-01,5,Delivery was quick and product is exactly as described.,0.0,Mixed Positive,Men Mid-Rise Boot Cut Jeans,Bene Kleed,Denim & Jeans,873.0
1369,276,4,2024-10-06,2024-10,5,Fast delivery and great packaging.,0.6249,Positive,Relaxed Fit Denim Jeans,Bene Kleed,Relaxed Fit Jeans,873.0
1370,402,18,2023-09-18,2023-09,4,Super comfortable jeans. Bought in two colours.,0.802,Positive,Men Wide Leg Jeans,Roadster,Wide Leg & Bootcut,999.0
1371,7,3,2023-02-20,2023-02,5,Great value for money. Highly recommend.,0.8516,Positive,Men Pure Cotton Jeans,Roadster,Denim & Jeans,974.0
1372,435,23,2023-09-18,2023-09,5,Amazing quality! Totally worth the price.,0.7419,Positive,Men Stretchable Jeans,Mast & Harbour,Stretchable Jeans,758.0
1373,375,35,2023-10-30,2023-10,4,Super comfortable jeans. Bought in two colours.,0.802,Positive,Men Relaxed Fit Jeans,Mast & Harbour,Relaxed Fit Jeans,819.0
1374,459,36,2023-10-16,2023-10,5,Great value for money. Highly recommend.,0.8516,Positive,Men Straight Fit Jeans,Bene Kleed,Regular Fit Jeans,989.0
1375,162,29,2023-05-18,2023-05,5,Loved the fabric and the fit. Will buy again.,0.7506,Positive,Men Slim Fit Jeans,Roadster,Slim Fit Jeans,681.0
1376,241,39,2024-12-14,2024-12,4,Fast delivery and great packaging.,0.6249,Positive,Men Regular Fit Jeans,Levis,Regular Fit Jeans,944.0
1377,342,7,2023-06-24,2023-06,4,Fast delivery and great packaging.,0.6249,Positive,Men Relaxed Fit Jeans,Urbano Fashion,Relaxed Fit Jeans,944.0
1378,31,36,2024-01-17,2024-01,5,Beautiful design. Exactly as shown in the photo.,0.5994,Positive,Men Straight Fit Jeans,Bene Kleed,Regular Fit Jeans,989.0
1379,124,7,2023-11-12,2023-11,5,Great value for money. Highly recommend.,0.8516,Positive,Men Relaxed Fit Jeans,Urbano Fashion,Relaxed Fit Jeans,944.0
1380,398,32,2023-03-14,2023-03,4,Amazing quality! Totally worth the price.,0.7419,Positive,Men Relaxed Fit Jeans,The Indian Garage Co,Relaxed Fit Jeans,808.0
1381,439,50,2024-05-10,2024-05,4,Beautiful design. Exactly as shown in the photo.,0.5994,Positive,30 Days No Wash Jeans,TURMS,Denim & Jeans,3499.0
1382,321,3,2023-04-14,2023-04,5,Beautiful design. Exactly as shown in the photo.,0.5994,Positive,Men Pure Cotton Jeans,Roadster,Denim & Jeans,974.0
1383,63,38,2023-09-11,2023-09,5,Fits perfectly. Very happy with the purchase.,0.8479,Positive,Men Bootcut Jeans,Urbano Fashion,Wide Leg & Bootcut,944.0
1384,52,27,2024-01-20,2024-01,4,Super comfortable jeans. Bought in two colours.,0.802,Positive,Men Slim Fit Jeans,French Connection,Slim Fit Jeans,1294.0
1385,188,49,2023-10-17,2023-10,5,Excellent product. Myntra never disappoints.,0.7081,Positive,Non Stretchable Cotton Jeans,Flying Machine,Stretchable Jeans,1829.0
1386,350,20,2023-09-15,2023-09,5,Perfect fit. The material feels premium.,0.7351,Positive,Men Bootcut Jeans,Mast & Harbour,Wide Leg & Bootcut,869.0
1387,444,6,2023-03-10,2023-03,2,Material feels cheap. Not worth the price at all.,-0.1695,Negative,Men Stretchable Jeans,HERE&NOW,Stretchable Jeans,798.0
1388,483,48,2023-10-06,2023-10,5,Fits perfectly. Very happy with the purchase.,0.8479,Positive,Men Bootcut Jeans,HERE&NOW,Wide Leg & Bootcut,869.0
1389,419,46,2024-09-01,2024-09,5,Excellent product. Myntra never disappoints.,0.7081,Positive,Men Slim Fit Jeans,HIGHLANDER,Slim Fit Jeans,675.0
1390,48,46,2024-08-11,2024-08,3,Material is fine but the colour is slightly different.,0.1027,Neutral,Men Slim Fit Jeans,HIGHLANDER,Slim Fit Jeans,675.0
1391,157,2,2024-08-12,2024-08,5,Excellent product. Myntra never disappoints.,0.7081,Positive,Men Slim Fit Jeans,Flying Machine,Slim Fit Jeans,1829.0
1392,131,26,2024-07-11,2024-07,5,Delivery was quick and product is exactly as described.,0.0,Mixed Positive,Men Slim Fit Mid-Rise Jeans,The Indian Garage Co,Slim Fit Jeans,659.0
1393,380,33,2024-07-27,2024-07,3,Material is fine but the colour is slightly different.,0.1027,Neutral,Men Straight Fit Jeans,glitchez,Regular Fit Jeans,797.0
1394,245,26,2023-09-07,2023-09,4,Amazing quality! Totally worth the price.,0.7419,Positive,Men Slim Fit Mid-Rise Jeans,The Indian Garage Co,Slim Fit Jeans,659.0
1395,241,14,2024-08-08,2024-08,5,Super comfortable jeans. Bought in two colours.,0.802,Positive,Men Relaxed Fit Mid-Rise Jeans,HIGHLANDER,Relaxed Fit Jeans,769.0
1396,180,8,2023-06-01,2023-06,4,Amazing quality! Totally worth the price.,0.7419,Positive,Men Wide Leg Heavy Fade Jeans,Bene Kleed,Wide Leg & Bootcut,839.0
1397,293,29,2024-07-05,2024-07,5,Perfect fit. The material feels premium.,0.7351,Positive,Men Slim Fit Jeans,Roadster,Slim Fit Jeans,681.0
1398,487,26,2024-12-11,2024-12,4,Beautiful design. Exactly as shown in the photo.,0.5994,Positive,Men Slim Fit Mid-Rise Jeans,The Indian Garage Co,Slim Fit Jeans,659.0
1399,458,24,2023-07-14,2023-07,5,Delivery was quick and product is exactly as described.,0.0,Mixed Positive,Men Slim Fit Jeans,Urbano Fashion,Slim Fit Jeans,629.0
1400,313,14,2024-10-26,2024-10,3,Okay product. Expected more based on the description.,0.2263,Neutral,Men Relaxed Fit Mid-Rise Jeans,HIGHLANDER,Relaxed Fit Jeans,769.0
