JourneyID,CustomerID,ProductID,VisitDate,Stage,Action,Duration
1,57,18,2024-07-13,purchase,PURCHASE,220.0
2,407,23,2024-07-31,Purchase,Purchase,363.8
3,358,9,2023-10-31,HOMEPAGE,View,42.8
4,458,4,2024-09-23,Purchase,Purchase,401.5
5,322,42,2023-12-02,checkout,Purchase,433.2
6,54,36,2023-12-21,checkout,Purchase,266.7
7,164,42,2024-06-16,Purchase,purchase,173.1
8,215,31,2024-06-21,Homepage,VIEW,37.0
9,193,35,2023-05-28,Homepage,Click,216.1
10,481,43,2024-09-04,Homepage,View,586.7
11,462,12,2024-07-28,Purchase,purchase,326.9
12,283,13,2024-11-06,ProductPage,View,163.2
13,354,33,2023-04-24,PURCHASE,Purchase,537.3
14,474,45,2023-11-03,Homepage,view,494.4
15,251,32,2023-07-21,PRODUCTPAGE,View,143.2
16,63,19,2024-02-12,ProductPage,click,244.1
17,64,39,2023-01-09,CHECKOUT,Purchase,184.0
18,202,24,2024-01-06,Homepage,view,160.3
19,403,23,2023-08-17,productpage,Click,114.8
20,370,5,2023-01-08,Homepage,Click,287.4
21,288,32,2024-07-12,Purchase,Purchase,199.9
22,279,45,2023-08-30,ProductPage,ADDTOCART,348.8
23,186,14,2023-11-28,ProductPage,View,231.3
24,119,5,2023-09-28,Checkout,Purchase,477.0
25,375,13,2024-12-15,Checkout,Drop-off,
26,33,2,2024-01-12,Checkout,Drop-off,
27,60,45,2023-05-10,homepage,VIEW,76.8
28,183,21,2023-06-27,Homepage,Click,280.7
29,53,12,2023-06-29,PRODUCTPAGE,drop-off,
30,169,37,2024-05-17,Purchase,Purchase,63.8
31,335,29,2024-01-12,Homepage,View,404.6
32,267,39,2024-06-20,Checkout,Purchase,597.7
33,353,18,2024-05-03,Purchase,Purchase,268.5
34,24,44,2023-05-29,ProductPage,AddToCart,88.2
35,382,46,2024-07-29,Checkout,AddToCart,229.0
36,251,20,2023-01-06,Purchase,purchase,39.4
37,195,38,2023-05-08,Homepage,Drop-off,
38,105,27,2023-04-24,Checkout,AddToCart,18.1
39,48,31,2024-11-06,ProductPage,Drop-off,
40,172,42,2024-12-08,Checkout,Drop-off,
41,319,14,2023-10-17,Homepage,Click,367.4
42,479,34,2024-02-07,Purchase,Purchase,218.3
43,475,27,2024-12-19,Checkout,Drop-off,
44,243,12,2024-07-10,Homepage,Click,237.3
45,257,23,2024-01-01,ProductPage,Drop-off,
46,298,38,2023-10-07,Purchase,Purchase,570.6
47,30,6,2024-05-12,ProductPage,View,63.2
48,400,8,2023-08-29,Purchase,Purchase,331.6
49,398,47,2023-02-05,ProductPage,Click,318.4
50,457,7,2023-08-22,Checkout,Drop-off,
51,483,37,2024-03-12,Purchase,purchase,184.0
52,66,2,2024-08-28,ProductPage,ADDTOCART,435.7
53,318,21,2024-05-19,CHECKOUT,PURCHASE,175.4
54,247,48,2023-12-06,Purchase,Purchase,594.0
55,396,45,2023-10-10,ProductPage,View,166.3
56,19,49,2023-02-16,checkout,Drop-off,
57,491,21,2023-11-06,Homepage,View,587.3
58,9,23,2024-02-01,Checkout,AddToCart,497.0
59,327,47,2023-03-30,Purchase,Purchase,458.6
60,100,31,2024-11-07,Checkout,Drop-off,
61,53,6,2024-09-09,ProductPage,view,150.4
62,201,5,2024-07-10,Purchase,PURCHASE,157.5
63,116,49,2023-06-05,PURCHASE,Purchase,575.8
64,212,32,2024-01-23,Checkout,Drop-off,
65,474,26,2023-06-26,ProductPage,View,500.2
66,47,39,2024-09-25,Checkout,Drop-off,
67,486,26,2023-10-31,PURCHASE,PURCHASE,537.3
68,352,48,2023-06-01,Homepage,VIEW,459.2
69,227,47,2023-03-29,Purchase,Purchase,253.3
70,17,1,2023-01-27,productpage,AddToCart,447.3
71,173,20,2023-11-27,productpage,Drop-off,
72,202,35,2023-12-03,Checkout,Purchase,150.3
73,150,40,2024-06-22,Homepage,Drop-off,
74,389,34,2024-01-18,Homepage,Click,309.0
75,348,41,2024-01-31,Purchase,PURCHASE,536.9
76,288,42,2024-08-31,Checkout,Purchase,593.1
77,34,18,2024-01-25,PURCHASE,PURCHASE,401.0
78,223,35,2023-01-19,Homepage,View,281.5
79,229,3,2023-09-27,Purchase,Purchase,168.5
80,451,44,2024-01-29,HOMEPAGE,Click,574.3
81,150,4,2024-01-18,HOMEPAGE,Click,500.5
82,150,6,2024-04-29,Homepage,View,400.0
83,202,41,2023-11-22,Purchase,Purchase,134.6
84,215,14,2024-03-08,ProductPage,Drop-off,
85,98,14,2024-04-03,Homepage,Drop-off,
86,251,28,2024-09-13,Homepage,Drop-off,
87,356,15,2023-12-09,Purchase,purchase,497.3
88,310,17,2024-04-28,Purchase,Purchase,450.6
89,456,1,2023-01-17,Homepage,Click,77.6
90,323,41,2023-10-07,PURCHASE,purchase,116.7
91,151,38,2024-03-12,productpage,View,427.8
92,289,4,2024-02-01,homepage,Drop-off,
93,389,9,2023-12-19,Checkout,PURCHASE,568.7
94,61,29,2024-10-01,HOMEPAGE,Drop-off,
95,457,42,2023-02-09,ProductPage,AddToCart,12.5
96,371,19,2023-01-26,Checkout,Drop-off,
97,143,47,2024-11-15,homepage,drop-off,
98,183,9,2024-12-20,HOMEPAGE,View,306.3
99,90,42,2024-09-13,HOMEPAGE,Drop-off,
100,310,11,2024-10-15,ProductPage,Click,252.9
101,480,26,2024-06-19,Purchase,Purchase,250.7
102,357,5,2023-02-26,Checkout,Purchase,393.6
103,181,21,2024-01-24,Homepage,Click,182.4
104,60,1,2023-11-15,Homepage,Click,285.5
105,88,39,2023-02-17,ProductPage,View,496.9
106,204,25,2023-08-15,HOMEPAGE,View,38.4
107,291,41,2024-04-17,PRODUCTPAGE,Click,91.8
108,325,28,2024-02-18,PURCHASE,Purchase,32.3
109,370,30,2023-12-15,Homepage,view,421.8
110,351,32,2023-10-10,Homepage,Drop-off,
111,387,39,2023-10-27,Checkout,DROP-OFF,
112,113,31,2023-05-31,ProductPage,Click,172.2
113,222,43,2023-09-12,Purchase,Purchase,237.1
114,268,10,2023-05-01,Checkout,Purchase,26.5
115,24,1,2023-05-22,PRODUCTPAGE,CLICK,168.3
116,347,38,2023-03-04,Purchase,Purchase,113.8
117,430,6,2023-09-17,purchase,Purchase,108.9
118,397,6,2024-08-14,PRODUCTPAGE,addtocart,57.1
119,202,45,2023-08-06,Purchase,purchase,426.7
120,195,44,2023-06-23,Homepage,Drop-off,
121,233,6,2024-05-28,homepage,drop-off,
122,315,45,2024-12-01,HOMEPAGE,View,63.7
123,191,31,2023-09-22,Checkout,Drop-off,
124,287,23,2023-04-23,Checkout,drop-off,
125,64,7,2023-09-10,Purchase,Purchase,107.7
126,431,48,2024-06-20,ProductPage,AddToCart,379.6
127,351,45,2024-04-15,Checkout,purchase,96.3
128,237,42,2024-07-16,Homepage,View,438.1
129,209,43,2024-12-11,Homepage,CLICK,596.3
130,439,6,2023-05-15,checkout,Purchase,296.9
131,47,39,2024-09-25,Checkout,Drop-off,
132,209,13,2023-07-19,Purchase,Purchase,46.5
133,483,22,2023-08-02,Purchase,Purchase,221.3
134,3,11,2023-05-11,ProductPage,VIEW,33.0
135,338,35,2024-01-18,CHECKOUT,Purchase,353.5
136,418,19,2024-09-20,Homepage,view,155.1
137,259,26,2024-10-12,Homepage,Click,273.2
138,182,50,2023-02-17,CHECKOUT,DROP-OFF,
139,130,45,2023-11-06,Purchase,purchase,454.0
140,258,38,2023-11-10,ProductPage,VIEW,279.0
141,163,22,2023-06-24,Purchase,PURCHASE,123.7
142,330,3,2024-05-12,HOMEPAGE,View,185.8
143,472,9,2023-11-26,productpage,ADDTOCART,538.5
144,178,45,2024-08-25,PURCHASE,Purchase,282.1
145,327,26,2023-06-24,purchase,Purchase,235.1
146,337,10,2023-01-22,Purchase,Purchase,403.3
147,431,44,2024-01-25,ProductPage,Drop-off,
148,66,45,2024-05-07,Purchase,purchase,46.3
149,196,2,2024-05-23,PURCHASE,purchase,431.6
150,284,15,2024-03-07,Purchase,purchase,65.3
151,419,19,2023-07-13,Checkout,Purchase,437.5
152,418,19,2023-08-13,Purchase,Purchase,177.2
153,128,41,2024-02-12,ProductPage,AddToCart,479.6
154,470,43,2024-03-05,Purchase,Purchase,414.5
155,194,47,2023-01-27,Purchase,purchase,401.0
156,492,41,2023-05-28,CHECKOUT,drop-off,
157,292,36,2023-01-15,HOMEPAGE,Drop-off,
158,172,50,2023-08-31,PURCHASE,Purchase,90.0
159,354,10,2023-05-26,ProductPage,Drop-off,
160,419,13,2024-12-26,Purchase,Purchase,180.0
161,260,24,2024-08-01,Homepage,Drop-off,
162,367,48,2024-10-23,purchase,Purchase,56.7
163,417,43,2023-04-28,Purchase,Purchase,50.8
164,194,9,2024-10-14,ProductPage,View,143.0
165,2,5,2023-07-13,Checkout,DROP-OFF,
166,44,23,2023-11-25,PRODUCTPAGE,Click,277.9
167,237,25,2023-12-18,PURCHASE,Purchase,16.3
168,94,39,2023-11-22,ProductPage,AddToCart,205.4
169,309,46,2023-05-02,ProductPage,Click,408.4
170,202,11,2024-12-11,Purchase,Purchase,10.1
171,390,44,2024-02-17,HOMEPAGE,Click,390.6
172,157,28,2024-01-22,ProductPage,Drop-off,
173,114,43,2024-09-27,Purchase,PURCHASE,151.3
174,436,6,2024-01-29,ProductPage,Drop-off,
175,440,20,2023-11-28,Purchase,Purchase,171.7
176,79,37,2024-08-03,CHECKOUT,Drop-off,
177,80,39,2024-01-19,productpage,DROP-OFF,
178,434,20,2024-11-13,Checkout,purchase,31.7
179,308,40,2024-03-25,Homepage,Click,45.8
180,269,41,2024-10-16,Checkout,Drop-off,
181,126,47,2023-03-15,Checkout,drop-off,
182,129,35,2023-07-30,purchase,purchase,539.6
183,410,32,2024-11-24,Purchase,purchase,534.4
184,211,30,2023-03-23,Checkout,Purchase,266.5
185,89,15,2023-10-14,Homepage,View,517.9
186,102,34,2024-12-22,Checkout,Drop-off,
187,2,28,2024-08-29,HOMEPAGE,Click,75.0
188,275,2,2024-06-14,ProductPage,VIEW,27.4
189,498,15,2023-01-22,homepage,View,368.8
190,138,33,2023-08-09,Purchase,purchase,164.3
191,282,21,2024-01-16,purchase,Purchase,438.3
192,419,12,2024-02-29,Homepage,Click,297.9
193,285,42,2023-03-14,Checkout,Drop-off,
194,92,11,2024-11-19,Checkout,Drop-off,
195,331,23,2024-04-04,Purchase,Purchase,123.4
196,63,30,2023-01-27,ProductPage,AddToCart,281.5
197,151,43,2024-10-02,Purchase,Purchase,110.8
198,289,3,2024-02-12,Checkout,Purchase,439.8
199,259,9,2023-01-03,PRODUCTPAGE,View,10.0
200,195,40,2023-08-02,productpage,Drop-off,
201,345,48,2024-07-23,ProductPage,ADDTOCART,402.9
202,274,20,2023-08-03,ProductPage,Click,224.5
203,156,8,2023-04-10,homepage,Click,222.7
204,240,39,2023-02-27,PRODUCTPAGE,Click,26.2
205,261,15,2023-01-24,Purchase,purchase,478.7
206,105,21,2024-08-07,Checkout,Drop-off,
207,339,37,2023-03-22,Purchase,Purchase,132.5
208,281,1,2024-01-19,Purchase,Purchase,153.3
209,400,10,2024-03-16,Purchase,PURCHASE,42.3
210,435,34,2024-03-12,ProductPage,View,478.3
211,231,4,2024-12-25,Checkout,DROP-OFF,
212,7,5,2024-10-21,purchase,Purchase,172.4
213,24,22,2024-01-01,purchase,Purchase,301.0
214,94,17,2023-01-14,purchase,purchase,533.0
215,187,41,2023-06-21,Homepage,Click,377.3
216,325,41,2023-12-27,Purchase,Purchase,380.1
217,239,49,2024-10-29,Purchase,purchase,531.9
218,434,22,2023-07-07,Homepage,View,158.7
219,126,10,2024-06-26,purchase,Purchase,263.0
220,205,13,2023-09-14,productpage,view,577.5
221,177,50,2024-12-23,purchase,PURCHASE,399.0
222,105,3,2023-12-08,ProductPage,Click,83.6
223,434,13,2023-05-03,Purchase,Purchase,580.9
224,218,47,2024-02-29,ProductPage,Drop-off,
225,303,42,2024-08-17,HOMEPAGE,View,37.9
226,455,8,2023-07-07,ProductPage,Click,193.8
227,325,14,2023-02-21,Checkout,Drop-off,
228,342,5,2024-12-31,PRODUCTPAGE,AddToCart,540.8
229,135,6,2023-11-02,HOMEPAGE,VIEW,552.4
230,227,48,2024-10-14,Checkout,AddToCart,25.5
231,107,36,2024-08-17,Purchase,Purchase,461.9
232,249,45,2023-01-28,ProductPage,View,43.6
233,265,25,2023-04-30,productpage,View,501.1
234,331,6,2023-06-19,homepage,click,341.0
235,457,38,2024-10-06,Purchase,Purchase,492.3
236,326,20,2023-07-22,Checkout,Drop-off,
237,117,15,2023-05-15,ProductPage,AddToCart,226.3
238,438,37,2023-03-22,Homepage,View,593.9
239,345,48,2023-12-26,Purchase,Purchase,343.5
240,163,15,2023-04-07,checkout,Purchase,15.1
241,33,12,2023-06-09,checkout,Drop-off,
242,261,1,2024-08-09,Checkout,Purchase,158.2
243,267,39,2024-06-20,Checkout,Purchase,597.7
244,250,22,2024-01-01,ProductPage,AddToCart,51.2
245,369,22,2023-10-06,HOMEPAGE,View,285.3
246,498,3,2023-10-09,Homepage,Click,13.0
247,492,45,2023-10-30,Checkout,Drop-off,
248,390,13,2024-06-30,ProductPage,View,159.0
249,131,21,2023-03-13,checkout,Drop-off,
250,414,24,2024-03-16,Purchase,Purchase,23.5
251,116,3,2023-10-14,Homepage,Drop-off,
252,276,46,2024-04-13,Checkout,addtocart,181.8
253,411,29,2024-05-29,checkout,drop-off,
254,15,49,2023-04-17,purchase,Purchase,417.1
255,260,11,2024-03-14,Purchase,Purchase,556.3
256,461,43,2024-07-21,ProductPage,AddToCart,117.2
257,488,37,2023-07-08,Purchase,Purchase,257.2
258,328,32,2024-10-26,CHECKOUT,AddToCart,558.0
259,240,25,2023-07-12,Purchase,Purchase,358.4
260,306,34,2023-12-17,ProductPage,addtocart,141.2
261,277,21,2023-07-24,Purchase,Purchase,277.4
262,182,27,2024-05-07,Purchase,Purchase,36.0
263,19,41,2023-08-19,ProductPage,Click,158.6
264,357,38,2024-07-02,ProductPage,drop-off,
265,12,11,2024-09-05,Checkout,Drop-off,
266,294,43,2023-05-31,Purchase,Purchase,292.6
267,311,14,2024-01-17,ProductPage,AddToCart,232.8
268,203,26,2024-08-20,ProductPage,click,392.6
269,393,17,2024-03-22,homepage,DROP-OFF,
270,334,50,2023-06-28,Homepage,Drop-off,
271,71,15,2023-03-27,ProductPage,VIEW,215.6
272,209,23,2023-11-22,homepage,Click,533.2
273,239,31,2024-09-11,Checkout,AddToCart,206.8
274,54,20,2023-09-15,Homepage,Click,567.8
275,197,15,2024-12-18,PURCHASE,Purchase,312.2
276,312,13,2023-03-13,ProductPage,VIEW,582.5
277,391,18,2023-11-09,PURCHASE,PURCHASE,226.8
278,53,46,2023-04-29,ProductPage,CLICK,466.8
279,238,32,2023-06-10,purchase,Purchase,331.9
280,79,20,2024-02-22,PRODUCTPAGE,View,430.8
281,139,43,2024-11-06,Checkout,DROP-OFF,
282,143,12,2023-02-02,productpage,AddToCart,422.4
283,29,7,2023-12-31,Purchase,Purchase,588.4
284,345,20,2023-04-07,Purchase,Purchase,495.3
285,257,5,2024-05-23,CHECKOUT,Drop-off,
286,45,31,2024-12-06,checkout,Purchase,349.3
287,358,9,2023-05-19,Purchase,Purchase,394.8
288,180,45,2024-02-14,ProductPage,Drop-off,
289,351,32,2023-05-07,Checkout,Drop-off,
290,247,7,2023-04-19,homepage,Drop-off,
291,276,24,2024-03-24,Checkout,addtocart,201.5
292,261,20,2023-03-16,Homepage,View,357.8
293,93,43,2024-08-03,HOMEPAGE,DROP-OFF,
294,454,6,2024-06-16,ProductPage,Click,336.1
295,491,17,2023-12-23,Purchase,Purchase,44.0
296,436,39,2024-09-25,Homepage,View,197.5
297,334,3,2024-01-20,Checkout,Drop-off,
298,160,4,2024-11-04,Homepage,drop-off,
299,210,41,2023-10-07,Purchase,Purchase,345.1
300,444,26,2023-09-16,HOMEPAGE,drop-off,
301,445,46,2023-06-01,Homepage,click,346.2
302,260,16,2023-05-21,Homepage,View,125.9
303,460,32,2023-10-04,HOMEPAGE,Click,457.6
304,92,40,2024-03-18,Purchase,Purchase,422.1
305,310,30,2023-11-04,Checkout,Drop-off,
306,379,43,2024-05-10,PURCHASE,Purchase,375.2
307,279,44,2023-07-11,CHECKOUT,addtocart,404.5
308,32,50,2023-08-16,ProductPage,View,563.2
309,325,45,2023-02-23,CHECKOUT,addtocart,408.3
310,451,34,2024-12-01,HOMEPAGE,Click,530.3
311,89,11,2023-12-23,ProductPage,VIEW,154.4
312,303,44,2023-08-28,ProductPage,View,148.8
313,288,41,2023-09-30,Purchase,Purchase,347.0
314,172,39,2024-09-14,Checkout,Purchase,408.4
315,497,44,2023-01-05,ProductPage,Click,207.7
316,155,18,2024-01-01,Purchase,Purchase,408.4
317,448,21,2024-07-16,ProductPage,View,163.3
318,95,43,2023-12-26,homepage,VIEW,569.8
319,153,31,2023-04-30,ProductPage,view,357.9
320,351,46,2023-01-20,HOMEPAGE,Drop-off,
321,368,8,2024-09-20,Purchase,Purchase,71.2
322,485,37,2023-08-19,ProductPage,Click,356.6
323,350,3,2023-08-20,Purchase,purchase,487.0
324,177,45,2024-01-03,Checkout,AddToCart,349.2
325,270,13,2023-01-06,CHECKOUT,PURCHASE,306.6
326,177,23,2023-11-12,PURCHASE,Purchase,439.4
327,113,18,2024-09-20,HOMEPAGE,view,583.5
328,256,47,2024-10-15,Homepage,CLICK,387.7
329,496,37,2023-06-25,PURCHASE,Purchase,419.8
330,44,38,2024-08-23,Checkout,DROP-OFF,
331,372,2,2024-09-27,Homepage,Drop-off,
332,158,7,2024-04-12,ProductPage,drop-off,
333,428,11,2024-09-20,Homepage,CLICK,391.9
334,394,23,2024-09-10,ProductPage,click,73.1
335,291,45,2024-12-21,checkout,Purchase,246.1
336,229,3,2023-09-27,Purchase,Purchase,168.5
337,380,11,2024-03-20,ProductPage,VIEW,66.8
338,324,10,2023-05-29,CHECKOUT,Drop-off,
339,315,29,2024-10-01,HOMEPAGE,View,299.3
340,187,1,2024-03-24,Purchase,Purchase,369.9
341,466,33,2024-11-21,Purchase,Purchase,599.5
342,147,36,2024-09-15,Homepage,Click,452.4
343,238,43,2024-03-22,Homepage,View,565.6
344,40,24,2023-10-31,Homepage,CLICK,330.6
345,194,39,2023-12-08,Homepage,Drop-off,
346,491,8,2023-11-16,Checkout,AddToCart,108.8
347,6,15,2024-02-27,Homepage,drop-off,
348,401,29,2024-03-19,ProductPage,Drop-off,
349,419,20,2024-01-05,Purchase,Purchase,344.4
350,473,12,2024-06-13,Purchase,Purchase,21.0
351,258,47,2024-08-21,CHECKOUT,Purchase,30.8
352,342,17,2024-10-28,PRODUCTPAGE,VIEW,491.8
353,179,23,2024-04-08,ProductPage,View,22.6
354,312,47,2024-10-15,HOMEPAGE,View,557.2
355,265,3,2024-02-15,HOMEPAGE,drop-off,
356,118,36,2023-11-09,Homepage,Click,399.4
357,339,17,2023-09-09,Purchase,Purchase,223.3
358,228,23,2023-07-24,Checkout,AddToCart,132.5
359,445,11,2024-02-15,Checkout,AddToCart,335.3
360,258,8,2024-12-17,Purchase,Purchase,252.1
361,478,45,2024-06-27,Purchase,purchase,92.5
362,187,50,2024-09-27,ProductPage,CLICK,493.2
363,466,33,2024-12-01,purchase,Purchase,114.7
364,308,7,2023-12-02,Checkout,PURCHASE,557.6
365,485,5,2023-12-17,ProductPage,Click,469.0
366,351,23,2023-03-15,Checkout,AddToCart,378.1
367,46,34,2024-12-02,CHECKOUT,Drop-off,
368,68,1,2023-01-01,Purchase,Purchase,34.5
369,288,3,2024-06-03,Homepage,View,223.4
370,51,38,2024-11-29,checkout,DROP-OFF,
371,148,45,2024-11-11,Homepage,DROP-OFF,
372,173,17,2024-08-28,ProductPage,addtocart,266.1
373,307,6,2024-03-01,Homepage,Click,517.8
374,310,16,2023-03-21,Checkout,AddToCart,48.9
375,315,11,2024-05-05,ProductPage,Click,375.5
376,141,13,2023-06-26,ProductPage,View,498.1
377,218,14,2024-03-05,Checkout,Purchase,347.1
378,341,9,2023-12-18,Checkout,Purchase,511.6
379,442,6,2023-02-07,CHECKOUT,Drop-off,
380,365,40,2023-10-22,ProductPage,Click,80.0
381,152,17,2024-03-04,Purchase,Purchase,427.8
382,74,42,2023-01-08,Checkout,drop-off,
383,287,33,2023-03-20,Checkout,Drop-off,
384,52,12,2023-09-18,Purchase,Purchase,40.9
385,274,42,2023-03-18,Homepage,VIEW,144.5
386,301,9,2024-02-22,productpage,VIEW,367.9
387,232,29,2024-02-11,HOMEPAGE,Click,315.4
388,318,40,2024-08-01,ProductPage,View,109.5
389,207,27,2024-03-11,Homepage,View,455.5
390,434,22,2023-01-31,homepage,click,417.6
391,491,16,2024-02-23,ProductPage,view,168.0
392,156,40,2024-06-10,ProductPage,AddToCart,137.0
393,178,18,2023-08-20,ProductPage,Click,113.3
394,449,17,2024-09-19,Checkout,Drop-off,
395,67,39,2024-07-06,Homepage,Drop-off,
396,141,29,2024-02-23,Checkout,Drop-off,
397,425,17,2023-02-13,Checkout,Drop-off,
398,428,9,2023-11-24,productpage,click,324.0
399,306,23,2023-05-12,purchase,purchase,145.0
400,21,9,2024-11-25,Homepage,view,273.1
401,321,12,2024-07-25,purchase,purchase,350.2
402,104,7,2023-09-28,Purchase,Purchase,141.1
403,498,14,2023-07-17,ProductPage,View,129.1
404,57,3,2024-04-28,ProductPage,View,261.8
405,176,25,2024-01-19,ProductPage,CLICK,384.8
406,131,7,2023-08-17,CHECKOUT,Purchase,192.3
407,452,10,2023-07-14,CHECKOUT,drop-off,
408,380,38,2023-08-27,Homepage,View,288.0
409,291,4,2024-02-12,Homepage,click,291.2
410,196,32,2023-03-31,Purchase,Purchase,105.9
411,244,8,2023-10-13,Purchase,Purchase,287.3
412,477,48,2024-11-19,ProductPage,Drop-off,
413,12,39,2024-08-26,Checkout,Drop-off,
414,152,37,2024-04-26,productpage,addtocart,474.5
415,335,48,2023-03-23,PURCHASE,purchase,346.8
416,362,34,2023-11-22,ProductPage,DROP-OFF,
417,4,21,2023-09-11,Purchase,PURCHASE,582.7
418,142,13,2023-01-08,productpage,Click,155.6
419,284,11,2023-03-12,productpage,Click,277.9
420,267,37,2024-05-31,homepage,View,407.1
421,322,9,2023-01-31,homepage,Click,25.8
422,212,34,2023-08-03,ProductPage,addtocart,381.1
423,221,45,2024-03-13,ProductPage,View,543.1
424,74,36,2023-06-01,ProductPage,View,173.9
425,417,5,2024-07-25,Checkout,Drop-off,
426,306,12,2024-10-27,Purchase,Purchase,559.6
427,289,44,2023-10-03,Purchase,Purchase,356.2
428,113,47,2023-10-18,Checkout,AddToCart,563.7
429,246,18,2023-10-15,Checkout,Drop-off,
430,385,25,2024-09-20,PURCHASE,Purchase,270.4
431,45,47,2024-11-01,PURCHASE,purchase,105.3
432,102,13,2023-05-17,ProductPage,AddToCart,89.3
433,72,23,2024-03-20,HOMEPAGE,View,121.8
434,361,15,2023-06-10,Checkout,Drop-off,
435,280,5,2023-01-21,PURCHASE,Purchase,176.7
436,207,6,2023-12-24,ProductPage,Drop-off,
437,19,32,2024-06-03,ProductPage,AddToCart,511.4
438,173,10,2024-03-06,Homepage,Click,33.0
439,478,39,2023-03-10,CHECKOUT,AddToCart,165.1
440,359,48,2023-12-01,Checkout,PURCHASE,90.3
441,201,17,2024-05-21,Purchase,Purchase,586.9
442,39,37,2023-04-05,homepage,click,61.8
443,218,14,2024-03-05,Checkout,Purchase,347.1
444,63,20,2024-02-19,PURCHASE,purchase,506.6
445,327,14,2024-10-08,Checkout,Purchase,235.5
446,141,19,2024-09-17,Purchase,Purchase,265.8
447,236,12,2023-07-06,Purchase,Purchase,299.9
448,308,26,2024-11-07,checkout,Drop-off,
449,43,19,2024-10-31,Checkout,ADDTOCART,233.1
450,379,15,2023-11-21,checkout,AddToCart,194.6
451,162,23,2023-08-14,productpage,Click,195.3
452,378,36,2024-10-09,ProductPage,View,213.7
453,141,19,2023-01-28,productpage,View,280.2
454,304,43,2024-12-14,Purchase,Purchase,540.0
455,295,39,2024-09-03,CHECKOUT,Purchase,248.6
456,106,36,2024-06-04,PRODUCTPAGE,VIEW,328.5
457,352,21,2023-10-14,Checkout,Drop-off,
458,484,27,2023-11-22,HOMEPAGE,VIEW,467.7
459,321,35,2023-07-16,homepage,drop-off,
460,486,34,2024-10-22,Checkout,Purchase,202.5
461,338,45,2023-10-11,Checkout,Drop-off,
462,161,20,2023-01-15,Homepage,drop-off,
463,326,1,2024-03-31,Checkout,Drop-off,
464,261,28,2023-10-20,checkout,PURCHASE,34.7
465,465,49,2023-04-01,ProductPage,Drop-off,
466,379,22,2023-05-18,checkout,Purchase,477.2
467,489,20,2023-01-23,HOMEPAGE,Click,293.1
468,423,36,2023-03-02,homepage,Click,36.0
469,392,45,2024-09-10,PRODUCTPAGE,View,101.2
470,162,16,2024-01-05,Purchase,Purchase,220.1
471,312,19,2023-05-25,ProductPage,Click,299.4
472,196,48,2024-04-24,PURCHASE,PURCHASE,70.2
473,258,23,2024-02-08,ProductPage,Click,196.2
474,249,47,2023-08-13,Checkout,Drop-off,
475,170,31,2024-04-18,Purchase,Purchase,335.5
476,431,1,2023-10-03,ProductPage,AddToCart,360.1
477,370,17,2023-12-18,PRODUCTPAGE,Click,397.8
478,130,25,2023-09-06,PURCHASE,Purchase,177.3
479,230,25,2024-07-26,Checkout,addtocart,248.2
480,370,4,2024-08-04,Checkout,AddToCart,294.9
481,89,31,2023-05-23,productpage,Click,256.2
482,462,27,2024-03-27,Homepage,Drop-off,
483,235,12,2023-08-15,Checkout,AddToCart,387.8
484,326,2,2024-09-25,ProductPage,VIEW,363.7
485,107,33,2023-02-15,Purchase,Purchase,408.6
486,20,25,2023-07-08,homepage,Click,373.0
487,382,1,2023-01-12,Checkout,drop-off,
488,58,44,2024-11-15,Checkout,Purchase,217.5
489,16,31,2023-06-10,ProductPage,view,332.0
490,6,31,2024-04-09,Purchase,Purchase,218.2
491,52,34,2024-03-16,Checkout,drop-off,
492,7,45,2024-09-30,Purchase,Purchase,344.3
493,207,12,2023-01-04,Checkout,Drop-off,
494,443,24,2024-05-16,Purchase,PURCHASE,347.0
495,223,43,2023-06-26,ProductPage,Click,240.9
496,269,29,2023-01-04,ProductPage,View,451.2
497,366,41,2023-07-19,HOMEPAGE,VIEW,201.7
498,491,5,2023-04-22,ProductPage,View,526.2
499,454,23,2023-01-22,Checkout,Drop-off,
500,119,15,2024-11-12,checkout,DROP-OFF,
501,279,30,2023-01-29,Purchase,Purchase,160.9
502,355,48,2024-03-18,Homepage,Click,240.1
503,245,33,2023-03-16,productpage,view,223.4
504,282,21,2023-01-07,Homepage,click,373.4
505,226,6,2023-03-24,Homepage,Drop-off,
506,59,22,2024-10-22,Homepage,View,465.7
507,333,42,2024-07-05,ProductPage,Drop-off,
508,348,32,2023-02-19,Homepage,Click,392.4
509,51,25,2023-05-30,ProductPage,drop-off,
510,323,44,2023-08-02,Homepage,View,508.6
511,310,4,2023-01-03,Homepage,Click,211.5
512,441,1,2024-01-31,PURCHASE,Purchase,140.9
513,243,21,2023-06-24,ProductPage,Drop-off,
514,128,18,2024-02-12,Checkout,Drop-off,
515,227,10,2023-02-24,Homepage,VIEW,435.4
516,98,36,2024-04-19,Homepage,View,119.9
517,29,27,2024-11-09,Homepage,Click,155.1
518,427,22,2023-07-15,Homepage,View,280.3
519,298,37,2024-10-04,ProductPage,click,431.8
520,395,16,2023-12-14,Purchase,PURCHASE,518.6
521,497,45,2023-05-22,ProductPage,CLICK,140.3
522,283,36,2024-05-09,ProductPage,Click,190.9
523,333,25,2023-08-25,Purchase,purchase,543.3
524,479,3,2024-12-13,Checkout,ADDTOCART,35.3
525,302,15,2024-07-20,homepage,Drop-off,
526,299,35,2023-05-30,ProductPage,Click,582.5
527,179,27,2024-03-31,ProductPage,Drop-off,
528,73,1,2024-11-13,Purchase,Purchase,584.9
529,422,20,2024-08-22,checkout,Purchase,476.8
530,274,26,2023-03-04,Homepage,View,554.3
531,219,47,2023-02-28,HOMEPAGE,CLICK,179.6
532,369,13,2023-05-27,homepage,Click,265.1
533,196,39,2024-07-23,CHECKOUT,ADDTOCART,97.6
534,234,49,2023-08-18,productpage,Drop-off,
535,430,44,2024-01-25,Checkout,drop-off,
536,167,11,2023-07-11,Homepage,Click,197.6
537,471,19,2023-11-07,Checkout,AddToCart,295.5
538,235,49,2023-02-06,Purchase,PURCHASE,148.8
539,37,16,2024-04-17,ProductPage,Click,566.4
540,418,10,2023-09-18,Purchase,Purchase,48.0
541,377,1,2024-12-09,ProductPage,View,527.6
542,114,29,2024-04-18,Purchase,Purchase,412.4
543,490,50,2024-07-04,Homepage,Click,135.8
544,105,9,2023-12-09,ProductPage,click,453.8
545,305,42,2024-02-17,Homepage,View,592.8
546,69,27,2024-09-18,Checkout,purchase,496.1
547,228,1,2023-05-02,Checkout,Drop-off,
548,223,22,2023-01-31,productpage,Click,96.5
549,248,47,2024-06-20,Checkout,DROP-OFF,
550,460,46,2023-07-26,Purchase,Purchase,392.7
551,277,12,2024-08-28,Purchase,Purchase,342.8
552,213,36,2023-06-28,checkout,Drop-off,
553,80,20,2024-01-17,PRODUCTPAGE,Click,149.5
554,17,9,2023-12-24,checkout,Purchase,464.6
555,463,12,2023-08-25,Checkout,Drop-off,
556,265,18,2024-06-26,ProductPage,Click,98.1
557,225,34,2024-11-05,Homepage,View,586.8
558,338,50,2024-08-01,Homepage,View,106.8
559,394,30,2023-01-04,Checkout,DROP-OFF,
560,465,9,2024-05-05,Purchase,purchase,102.8
561,125,11,2024-09-30,PURCHASE,Purchase,467.2
562,374,1,2024-08-31,Homepage,click,73.2
563,466,50,2023-05-29,ProductPage,CLICK,79.8
564,50,49,2024-11-05,ProductPage,View,481.9
565,235,34,2023-08-06,Homepage,view,218.7
566,11,13,2024-02-20,Checkout,PURCHASE,526.1
567,115,2,2023-01-24,PRODUCTPAGE,Drop-off,
568,167,46,2024-04-15,ProductPage,Click,163.1
569,384,47,2024-04-07,CHECKOUT,DROP-OFF,
570,490,34,2023-09-26,Checkout,purchase,58.6
571,349,11,2024-12-21,HOMEPAGE,View,226.3
572,444,42,2024-05-23,Homepage,View,53.2
573,92,25,2024-09-11,Checkout,AddToCart,55.1
574,391,24,2024-09-13,Homepage,Drop-off,
575,432,9,2023-03-30,Checkout,Drop-off,
576,202,29,2024-09-01,Homepage,View,88.0
577,347,7,2023-02-05,homepage,View,502.8
578,403,6,2023-12-31,Homepage,View,567.5
579,232,33,2024-05-15,productpage,Drop-off,
580,473,37,2023-04-16,Checkout,Purchase,550.4
581,472,14,2024-11-02,PURCHASE,purchase,286.2
582,341,6,2024-11-14,Homepage,VIEW,434.0
583,472,41,2023-11-02,PURCHASE,Purchase,205.2
584,493,41,2023-11-06,Purchase,Purchase,70.0
585,124,14,2023-07-14,ProductPage,AddToCart,473.8
586,354,3,2023-09-21,Checkout,AddToCart,422.4
587,258,19,2023-05-23,HOMEPAGE,click,92.6
588,152,27,2023-04-07,ProductPage,Click,180.3
589,184,46,2023-06-25,PRODUCTPAGE,Click,331.4
590,394,33,2023-02-04,Purchase,Purchase,480.8
591,335,27,2024-02-17,HOMEPAGE,View,546.4
592,241,3,2023-11-27,checkout,Drop-off,
593,438,19,2024-05-30,Homepage,VIEW,445.8
594,31,19,2023-07-25,Checkout,AddToCart,239.3
595,138,39,2024-11-04,Homepage,View,277.3
596,417,45,2024-08-28,purchase,Purchase,474.5
597,402,10,2024-01-07,purchase,purchase,22.4
598,481,31,2024-11-05,Homepage,Click,94.5
599,308,35,2023-01-06,ProductPage,Click,367.6
600,10,22,2024-08-21,HOMEPAGE,View,433.2
601,417,4,2023-03-20,Homepage,View,216.3
602,71,33,2023-11-24,Checkout,Purchase,311.0
603,94,2,2024-08-12,HOMEPAGE,View,373.9
604,375,32,2024-11-29,HOMEPAGE,Click,131.7
605,251,39,2023-04-21,Purchase,Purchase,92.4
606,4,21,2024-06-05,Purchase,Purchase,458.7
607,201,11,2023-03-01,PURCHASE,purchase,460.2
608,450,49,2024-07-27,Checkout,drop-off,
609,333,16,2024-03-22,productpage,View,258.9
610,398,15,2023-11-22,PURCHASE,purchase,277.1
611,410,40,2024-02-06,Checkout,PURCHASE,37.7
612,92,47,2024-02-11,purchase,Purchase,122.3
613,69,49,2023-03-28,Checkout,Purchase,284.5
614,177,29,2023-08-26,ProductPage,CLICK,513.5
615,437,9,2023-06-18,Purchase,Purchase,98.7
616,26,37,2023-07-31,checkout,Drop-off,
617,66,8,2024-11-18,PRODUCTPAGE,Click,453.9
618,321,38,2024-01-18,Homepage,CLICK,266.6
619,289,34,2024-06-21,Homepage,Drop-off,
620,103,1,2024-12-02,Purchase,Purchase,568.5
621,375,27,2023-08-12,ProductPage,CLICK,19.4
622,36,15,2024-01-23,Purchase,Purchase,318.4
623,376,13,2024-03-18,Homepage,VIEW,156.7
624,390,49,2023-09-13,checkout,Drop-off,
625,247,34,2024-05-05,Homepage,View,99.6
626,76,24,2024-04-04,ProductPage,Click,559.3
627,450,48,2023-08-16,Checkout,Drop-off,
628,366,35,2023-07-09,purchase,Purchase,338.1
629,393,41,2023-11-10,Homepage,Click,335.9
630,104,49,2024-09-14,Checkout,Purchase,80.3
631,308,38,2024-01-19,Homepage,Click,106.8
632,401,39,2023-08-25,Homepage,CLICK,554.5
633,350,13,2024-05-25,ProductPage,View,145.2
634,159,40,2023-08-21,Purchase,Purchase,142.8
635,497,49,2024-10-02,Homepage,view,477.0
636,189,13,2023-02-12,Homepage,Click,592.7
637,382,49,2024-03-30,Homepage,CLICK,458.0
638,490,20,2024-10-08,ProductPage,Click,370.9
639,288,26,2024-05-04,PRODUCTPAGE,View,165.6
640,255,26,2023-07-22,Homepage,Click,104.4
641,199,42,2023-04-11,ProductPage,drop-off,
642,428,24,2024-08-10,Checkout,purchase,430.9
643,370,48,2023-11-18,Checkout,AddToCart,553.1
644,86,41,2023-12-12,Purchase,Purchase,510.9
645,419,23,2024-05-13,PURCHASE,Purchase,530.4
646,187,27,2024-09-12,Purchase,Purchase,209.7
647,429,9,2024-04-11,productpage,View,389.6
648,500,31,2024-11-16,ProductPage,View,87.1
649,196,26,2023-06-14,Homepage,view,337.3
650,340,45,2023-08-17,Homepage,CLICK,298.2
651,265,5,2024-08-23,homepage,drop-off,
652,96,35,2023-12-12,Purchase,PURCHASE,239.6
653,460,4,2024-05-13,PURCHASE,Purchase,186.1
654,206,9,2024-10-03,Checkout,PURCHASE,281.7
655,108,47,2024-08-07,Homepage,View,469.7
656,333,36,2024-01-30,Homepage,View,530.6
657,419,23,2024-05-13,PURCHASE,Purchase,530.4
658,485,44,2023-12-10,Homepage,VIEW,258.1
659,462,40,2024-09-06,Homepage,drop-off,
660,496,2,2024-11-20,ProductPage,Click,96.1
661,340,32,2024-09-20,Homepage,Click,294.6
662,162,36,2024-07-02,Homepage,view,533.9
663,204,31,2023-05-09,PRODUCTPAGE,CLICK,386.2
664,128,13,2023-06-18,Checkout,Purchase,293.2
665,423,8,2024-02-05,Homepage,Click,235.6
666,331,45,2023-07-22,ProductPage,Click,138.1
667,308,1,2024-04-22,Checkout,Drop-off,
668,97,27,2024-01-22,Purchase,Purchase,232.8
669,73,20,2023-08-09,ProductPage,AddToCart,85.8
670,218,49,2024-07-28,PRODUCTPAGE,addtocart,181.3
671,54,48,2023-02-23,ProductPage,View,51.8
672,80,13,2023-01-05,homepage,Drop-off,
673,63,24,2023-03-20,homepage,Click,107.3
674,20,35,2023-07-25,Checkout,AddToCart,491.2
675,262,13,2023-02-28,ProductPage,DROP-OFF,
676,443,24,2024-07-26,HOMEPAGE,View,240.8
677,209,8,2023-11-18,Homepage,Click,223.1
678,256,47,2024-02-02,Checkout,purchase,553.3
679,166,42,2023-10-12,PRODUCTPAGE,AddToCart,239.3
680,387,26,2023-11-07,ProductPage,click,23.9
681,216,32,2023-11-18,Checkout,PURCHASE,528.3
682,310,46,2024-07-13,productpage,View,133.3
683,347,33,2023-05-20,Purchase,Purchase,409.3
684,259,10,2023-03-17,ProductPage,Click,64.4
685,435,46,2024-08-10,Purchase,Purchase,182.0
686,215,20,2023-11-13,Purchase,Purchase,540.1
687,272,21,2023-09-26,HOMEPAGE,view,503.9
688,43,36,2024-11-03,ProductPage,AddToCart,174.7
689,372,27,2023-03-13,ProductPage,VIEW,332.7
690,275,10,2024-03-03,ProductPage,view,219.9
691,398,47,2023-07-18,CHECKOUT,Purchase,577.9
692,485,22,2024-02-07,Checkout,AddToCart,489.7
693,314,23,2024-11-01,ProductPage,VIEW,200.6
694,51,33,2024-05-22,Purchase,PURCHASE,398.3
695,473,26,2024-04-19,Purchase,Purchase,452.8
696,425,20,2023-08-10,Checkout,AddToCart,129.2
697,120,45,2023-08-26,Homepage,Click,259.5
698,217,23,2023-07-20,ProductPage,AddToCart,121.7
699,73,44,2023-08-16,homepage,View,470.2
700,91,9,2023-03-26,purchase,Purchase,271.6
701,276,38,2023-12-22,Homepage,VIEW,31.9
702,156,31,2024-06-21,CHECKOUT,addtocart,62.2
703,142,38,2024-04-06,CHECKOUT,PURCHASE,165.6
704,133,24,2024-02-06,ProductPage,addtocart,530.6
705,11,7,2023-05-13,Checkout,AddToCart,105.5
706,195,19,2024-08-21,Homepage,view,108.3
707,364,42,2023-05-09,Homepage,Click,42.9
708,127,3,2023-10-06,Homepage,Drop-off,
709,199,45,2023-10-25,purchase,Purchase,404.0
710,323,26,2023-12-01,homepage,View,205.9
711,107,24,2024-01-08,CHECKOUT,Drop-off,
712,368,26,2024-08-17,ProductPage,Click,148.7
713,138,32,2023-07-30,ProductPage,AddToCart,361.8
714,404,17,2024-12-02,Homepage,Click,24.9
715,275,14,2023-10-22,CHECKOUT,AddToCart,143.3
716,372,11,2023-06-04,Checkout,ADDTOCART,558.1
717,370,49,2023-06-20,Purchase,Purchase,454.4
718,346,14,2024-02-05,Purchase,purchase,261.2
719,118,3,2023-08-16,Purchase,Purchase,38.2
720,76,8,2023-12-24,Homepage,view,452.5
721,369,44,2023-10-05,Checkout,Drop-off,
722,126,14,2023-01-28,Purchase,Purchase,134.5
723,54,14,2024-06-26,PRODUCTPAGE,CLICK,94.0
724,397,47,2024-02-28,ProductPage,Drop-off,
725,211,35,2024-08-13,Checkout,AddToCart,227.5
726,337,30,2024-11-06,Homepage,VIEW,556.7
727,181,33,2023-02-21,ProductPage,View,248.0
728,354,34,2023-12-02,homepage,Drop-off,
729,224,40,2023-09-18,homepage,Click,179.9
730,85,44,2024-05-20,Homepage,VIEW,373.9
731,421,46,2023-03-28,Purchase,Purchase,209.9
732,263,6,2023-05-24,ProductPage,AddToCart,513.3
733,288,48,2023-08-23,CHECKOUT,Drop-off,
734,464,5,2024-03-11,Checkout,Drop-off,
735,17,8,2023-07-29,CHECKOUT,Drop-off,
736,301,40,2023-12-26,PURCHASE,Purchase,578.0
737,113,50,2024-01-30,ProductPage,click,401.7
738,400,12,2024-12-09,ProductPage,AddToCart,364.3
739,344,26,2024-03-08,Homepage,View,366.1
740,493,12,2024-12-24,Homepage,drop-off,
741,264,22,2024-03-13,checkout,Drop-off,
742,176,12,2024-11-16,Purchase,purchase,487.8
743,252,7,2023-03-28,Purchase,Purchase,217.1
744,288,18,2024-09-14,Homepage,Click,266.8
745,120,36,2023-03-09,Purchase,Purchase,138.3
746,405,47,2024-01-04,Purchase,purchase,496.1
747,163,49,2023-04-14,ProductPage,Drop-off,
748,371,46,2024-12-31,PRODUCTPAGE,Click,70.3
749,399,18,2024-04-21,Homepage,Click,382.1
750,379,3,2024-02-23,checkout,Purchase,449.5
751,477,37,2024-08-20,Purchase,PURCHASE,232.4
752,211,44,2023-10-18,Checkout,AddToCart,186.1
753,385,26,2024-06-30,Homepage,Click,524.9
754,266,7,2023-04-14,ProductPage,Click,156.8
755,71,24,2023-10-25,Checkout,PURCHASE,184.5
756,161,25,2024-04-25,Homepage,Click,38.8
757,443,37,2024-10-28,ProductPage,view,184.0
758,94,35,2023-12-02,ProductPage,Drop-off,
759,151,42,2024-12-23,Purchase,PURCHASE,478.6
760,83,3,2023-06-04,PURCHASE,PURCHASE,248.5
761,118,7,2024-04-05,Purchase,PURCHASE,298.5
762,220,47,2023-10-02,homepage,View,204.7
763,483,28,2023-12-19,Homepage,Click,510.1
764,150,48,2024-10-01,Homepage,View,512.4
765,244,11,2024-09-10,Checkout,Drop-off,
766,346,30,2024-12-20,PURCHASE,Purchase,116.4
767,217,39,2023-08-27,PURCHASE,purchase,220.0
768,253,24,2024-08-29,Checkout,drop-off,
769,217,44,2024-08-07,CHECKOUT,purchase,170.8
770,246,14,2024-08-27,ProductPage,AddToCart,85.5
771,264,45,2023-07-23,Homepage,Click,264.9
772,294,32,2023-01-05,Checkout,drop-off,
773,468,33,2023-02-13,Homepage,View,455.0
774,450,41,2024-11-26,PURCHASE,PURCHASE,113.2
775,114,48,2023-08-08,ProductPage,Click,356.6
776,133,25,2023-06-06,Checkout,Purchase,323.3
777,275,34,2024-05-15,Homepage,click,476.1
778,42,26,2023-12-24,Homepage,View,227.6
779,340,7,2024-11-15,Checkout,drop-off,
780,82,21,2023-11-24,purchase,Purchase,425.4
781,128,18,2024-02-12,Checkout,Drop-off,
782,256,7,2024-12-30,ProductPage,View,382.2
783,324,22,2024-08-25,PURCHASE,purchase,197.2
784,13,10,2024-05-10,ProductPage,AddToCart,283.2
785,64,11,2023-10-14,ProductPage,AddToCart,158.2
786,4,42,2024-11-30,Checkout,Purchase,301.4
787,157,50,2024-11-09,ProductPage,Click,380.8
788,287,37,2023-12-10,Purchase,Purchase,397.9
789,385,11,2023-10-21,Checkout,addtocart,130.4
790,321,16,2024-06-13,checkout,purchase,253.6
791,394,10,2024-04-14,CHECKOUT,AddToCart,309.4
792,124,30,2024-08-20,Checkout,Drop-off,
793,346,8,2024-02-05,Purchase,Purchase,270.7
794,203,14,2024-11-08,Purchase,Purchase,189.8
795,226,10,2024-11-24,Purchase,Purchase,524.6
796,335,6,2024-10-24,Purchase,Purchase,284.8
797,448,40,2024-09-07,ProductPage,Drop-off,
798,141,2,2024-08-03,Purchase,Purchase,455.8
799,431,17,2024-02-02,CHECKOUT,Purchase,311.2
800,132,35,2024-08-11,CHECKOUT,Drop-off,
801,380,16,2023-01-09,Purchase,Purchase,274.2
802,107,45,2023-02-18,Homepage,View,86.1
803,116,25,2023-05-21,Purchase,Purchase,416.0
804,116,12,2024-03-10,homepage,Click,306.0
805,364,11,2024-08-23,CHECKOUT,Drop-off,
806,75,38,2023-04-07,Homepage,Click,175.7
807,313,30,2023-07-02,Purchase,Purchase,124.6
808,418,16,2024-01-13,Purchase,Purchase,290.4
809,258,33,2024-11-07,checkout,drop-off,
810,180,41,2023-06-22,CHECKOUT,Drop-off,
811,245,11,2023-01-02,Homepage,View,85.2
812,79,17,2023-11-04,Purchase,Purchase,179.7
813,130,50,2024-07-10,productpage,View,276.3
814,433,18,2024-07-26,checkout,Drop-off,
815,404,15,2023-12-01,ProductPage,DROP-OFF,
816,226,15,2024-11-26,homepage,Click,41.8
817,23,5,2024-02-11,ProductPage,Click,246.8
818,484,22,2024-08-13,Homepage,drop-off,
819,91,16,2024-08-29,Checkout,DROP-OFF,
820,367,1,2024-05-31,HOMEPAGE,Click,190.9
821,382,45,2024-05-04,purchase,Purchase,166.6
822,140,2,2024-08-06,Homepage,CLICK,358.7
823,172,21,2023-01-09,ProductPage,View,301.0
824,458,25,2023-04-14,productpage,View,561.4
825,494,3,2023-04-29,ProductPage,click,591.2
826,479,24,2024-10-26,checkout,PURCHASE,518.6
827,413,29,2023-07-17,Homepage,Click,540.2
828,101,10,2023-06-03,purchase,Purchase,304.8
829,73,8,2023-03-23,Checkout,DROP-OFF,
830,61,33,2023-05-06,homepage,view,253.4
831,474,47,2023-04-02,homepage,Click,94.2
832,170,21,2023-03-28,Checkout,Drop-off,
833,76,2,2023-11-18,ProductPage,AddToCart,291.7
834,286,5,2023-12-28,ProductPage,Click,498.1
835,469,9,2023-07-24,ProductPage,Drop-off,
836,43,19,2024-04-24,Purchase,purchase,187.2
837,498,8,2023-10-16,PURCHASE,PURCHASE,345.3
838,202,45,2024-08-24,ProductPage,Drop-off,
839,45,12,2023-11-22,homepage,Click,231.0
840,362,37,2024-09-30,purchase,Purchase,231.8
841,328,10,2024-03-07,Purchase,Purchase,481.9
842,253,41,2024-08-23,HOMEPAGE,View,424.2
843,192,12,2024-12-21,ProductPage,VIEW,275.9
844,208,27,2024-02-09,Checkout,PURCHASE,52.0
845,173,44,2023-10-31,Homepage,Click,20.3
846,5,23,2023-10-17,Purchase,Purchase,240.5
847,46,29,2023-11-12,Checkout,Purchase,318.8
848,220,18,2023-01-09,Homepage,View,79.8
849,380,33,2024-08-18,Checkout,Drop-off,
850,356,36,2023-06-02,checkout,Drop-off,
851,24,21,2023-07-03,Checkout,Purchase,428.8
852,179,12,2024-04-17,Homepage,CLICK,444.4
853,98,40,2023-08-01,PURCHASE,Purchase,136.1
854,123,36,2023-03-23,Homepage,Drop-off,
855,213,42,2023-10-23,homepage,View,131.4
856,279,11,2024-03-09,Homepage,VIEW,543.7
857,451,2,2023-12-20,PRODUCTPAGE,Click,535.4
858,183,16,2024-03-23,Purchase,Purchase,543.9
859,101,47,2024-07-13,PRODUCTPAGE,View,329.5
860,39,16,2023-06-14,CHECKOUT,Drop-off,
861,294,10,2024-03-03,Homepage,View,200.4
862,62,36,2023-06-08,Checkout,AddToCart,343.4
863,84,7,2024-12-22,Homepage,Click,543.7
864,238,10,2023-04-11,Checkout,Purchase,186.5
865,235,49,2024-03-22,ProductPage,Drop-off,
866,80,12,2023-10-15,ProductPage,View,449.6
867,451,22,2024-12-08,ProductPage,View,229.7
868,28,41,2024-08-20,Homepage,Click,411.6
869,109,10,2023-12-07,CHECKOUT,DROP-OFF,
870,26,12,2023-06-01,Homepage,CLICK,403.5
871,480,40,2023-12-04,ProductPage,Click,20.1
872,493,5,2024-03-17,ProductPage,Drop-off,
873,457,12,2023-09-19,Checkout,Drop-off,
874,298,41,2024-02-09,productpage,Click,97.5
875,329,2,2023-05-25,ProductPage,VIEW,210.5
876,289,17,2023-03-04,Purchase,Purchase,397.2
877,67,45,2023-11-28,checkout,Drop-off,
878,105,30,2024-02-27,HOMEPAGE,View,433.9
879,427,2,2023-11-09,Purchase,Purchase,205.1
880,379,38,2024-08-02,PRODUCTPAGE,View,536.8
881,358,15,2024-05-05,homepage,VIEW,573.1
882,174,12,2024-04-04,checkout,drop-off,
883,19,13,2023-01-26,ProductPage,Click,191.6
884,319,3,2024-10-28,Purchase,Purchase,530.3
885,179,45,2024-08-08,Checkout,DROP-OFF,
886,461,7,2024-06-07,homepage,View,369.3
887,4,46,2024-03-11,checkout,PURCHASE,495.8
888,186,15,2024-03-27,Homepage,Drop-off,
889,239,44,2023-06-03,Checkout,Drop-off,
890,273,40,2023-09-16,Purchase,Purchase,407.1
891,84,38,2023-03-01,PRODUCTPAGE,Click,106.4
892,145,3,2023-06-15,Homepage,View,92.4
893,345,9,2024-01-22,ProductPage,View,469.3
894,27,47,2024-06-03,Checkout,addtocart,385.3
895,198,5,2024-03-03,Checkout,drop-off,
896,265,3,2024-02-15,HOMEPAGE,drop-off,
897,492,13,2023-01-04,Checkout,AddToCart,486.4
898,190,21,2023-06-01,PURCHASE,Purchase,140.4
899,157,13,2023-12-10,Purchase,Purchase,405.1
900,460,23,2024-02-22,HOMEPAGE,Drop-off,
901,53,22,2024-07-02,checkout,Drop-off,
902,133,7,2024-07-12,Homepage,view,347.2
903,476,25,2024-03-10,Purchase,Purchase,287.3
904,166,39,2023-02-22,Checkout,Purchase,472.6
905,4,5,2024-05-18,Homepage,DROP-OFF,
906,229,36,2024-05-18,CHECKOUT,Drop-off,
907,103,6,2023-02-22,Purchase,Purchase,383.7
908,284,32,2024-09-13,Purchase,Purchase,345.7
909,185,25,2023-01-21,Purchase,Purchase,260.2
910,360,11,2023-02-20,Purchase,Purchase,98.1
911,83,5,2023-10-14,Checkout,purchase,281.8
912,186,21,2023-09-15,HOMEPAGE,Click,227.3
913,162,44,2023-11-05,Checkout,Drop-off,
914,44,21,2023-04-05,Homepage,View,110.8
915,472,18,2023-02-28,Checkout,PURCHASE,450.2
916,137,19,2024-05-21,Purchase,PURCHASE,364.0
917,141,4,2024-04-15,ProductPage,view,287.3
918,140,6,2023-02-09,checkout,Purchase,535.0
919,338,38,2023-02-04,Checkout,DROP-OFF,
920,288,6,2024-03-24,ProductPage,Click,338.4
921,421,50,2023-07-06,Checkout,ADDTOCART,362.0
922,120,3,2024-01-19,productpage,DROP-OFF,
923,66,49,2023-01-14,ProductPage,Click,523.2
924,333,22,2024-08-30,PURCHASE,Purchase,248.4
925,365,19,2023-05-10,Checkout,PURCHASE,59.0
926,153,25,2023-04-12,CHECKOUT,AddToCart,565.5
927,293,49,2023-01-24,Purchase,Purchase,98.0
928,69,19,2024-01-11,Checkout,Drop-off,
929,31,18,2024-09-16,Purchase,PURCHASE,237.0
930,471,27,2024-04-14,Checkout,drop-off,
931,89,10,2024-08-13,PRODUCTPAGE,ADDTOCART,442.4
932,174,43,2023-06-16,purchase,Purchase,310.2
933,328,6,2024-01-07,Checkout,drop-off,
934,118,22,2023-03-23,Homepage,DROP-OFF,
935,117,45,2024-09-22,ProductPage,Drop-off,
936,245,27,2023-05-11,Checkout,Drop-off,
937,449,11,2023-05-21,PRODUCTPAGE,drop-off,
938,215,15,2024-08-06,ProductPage,DROP-OFF,
939,270,39,2024-08-25,ProductPage,View,12.1
940,147,29,2023-01-30,Purchase,Purchase,312.0
941,15,33,2023-09-21,homepage,Click,104.3
942,88,6,2023-09-30,Checkout,Drop-off,
943,172,29,2024-05-17,Checkout,Drop-off,
944,370,47,2024-07-07,Checkout,Drop-off,
945,104,37,2023-09-07,PURCHASE,Purchase,283.0
946,394,28,2024-08-02,Homepage,Click,98.8
947,485,17,2024-12-25,Homepage,view,240.3
948,220,22,2023-03-01,Checkout,ADDTOCART,256.7
949,287,4,2024-11-18,Purchase,Purchase,140.2
950,61,49,2023-10-10,Purchase,purchase,101.7
951,247,44,2023-06-07,Homepage,Drop-off,
952,101,17,2024-04-26,ProductPage,Click,87.8
953,483,23,2024-03-30,Homepage,Drop-off,
954,416,5,2024-07-07,PRODUCTPAGE,view,294.4
955,242,19,2024-06-29,Purchase,Purchase,573.8
956,443,11,2024-02-15,Purchase,Purchase,541.3
957,361,28,2024-09-02,Checkout,Purchase,206.9
958,23,9,2024-05-26,CHECKOUT,Drop-off,
959,40,24,2024-09-09,Checkout,AddToCart,48.5
960,422,41,2023-06-01,checkout,purchase,61.3
961,422,27,2024-03-22,Checkout,Purchase,358.4
962,114,49,2024-08-13,productpage,View,329.1
963,359,26,2024-04-01,ProductPage,Drop-off,
964,283,38,2023-07-12,Homepage,DROP-OFF,
965,186,42,2023-11-08,Checkout,Drop-off,
966,144,45,2024-05-19,Homepage,CLICK,192.4
967,43,19,2024-05-28,HOMEPAGE,Click,52.1
968,481,14,2023-05-09,Homepage,view,130.6
969,324,22,2023-04-01,Homepage,view,318.6
970,326,3,2024-06-30,PURCHASE,Purchase,415.5
971,341,24,2024-03-07,Homepage,View,344.9
972,182,12,2024-09-04,CHECKOUT,Drop-off,
973,359,47,2024-05-29,PRODUCTPAGE,View,97.7
974,83,41,2024-09-12,Homepage,View,281.9
975,437,25,2024-03-18,homepage,Drop-off,
976,24,28,2024-03-19,Purchase,Purchase,17.7
977,165,36,2024-05-10,Purchase,PURCHASE,464.7
978,166,1,2024-06-28,Checkout,Drop-off,
979,59,5,2024-04-30,homepage,Click,361.6
980,457,30,2024-04-24,Homepage,CLICK,461.5
981,165,4,2023-01-29,Homepage,view,354.5
982,213,35,2024-03-26,productpage,Drop-off,
983,272,7,2024-09-25,CHECKOUT,Drop-off,
984,226,33,2024-01-18,PURCHASE,Purchase,46.4
985,157,21,2024-05-07,ProductPage,drop-off,
986,229,12,2023-03-15,Homepage,Drop-off,
987,181,30,2023-09-23,Purchase,Purchase,482.5
988,325,14,2024-02-27,Checkout,Drop-off,
989,374,16,2024-08-13,checkout,purchase,598.7
990,378,42,2024-01-05,purchase,purchase,107.8
991,228,48,2024-03-01,Purchase,purchase,582.5
992,121,48,2023-04-14,ProductPage,DROP-OFF,
993,250,25,2024-12-05,ProductPage,Click,212.0
994,139,32,2024-11-08,checkout,drop-off,
995,50,40,2024-07-04,ProductPage,View,105.5
996,311,42,2024-06-30,homepage,Click,488.9
997,63,17,2023-05-05,ProductPage,AddToCart,24.5
998,117,5,2023-05-23,Purchase,purchase,415.1
999,325,17,2024-11-23,Checkout,Purchase,359.3
1000,384,36,2024-03-04,Purchase,Purchase,597.5
1001,388,46,2023-05-14,checkout,Drop-off,
1002,430,22,2023-08-13,purchase,Purchase,529.9
1003,56,11,2023-12-25,homepage,View,365.0
1004,328,47,2023-12-10,Purchase,Purchase,419.0
1005,394,21,2024-06-29,Purchase,Purchase,494.7
1006,210,30,2024-03-27,Homepage,CLICK,472.2
1007,485,34,2023-06-20,Checkout,AddToCart,516.8
1008,484,17,2024-11-23,PURCHASE,Purchase,130.2
1009,33,3,2023-08-14,Checkout,addtocart,314.2
1010,440,16,2023-08-22,Purchase,PURCHASE,166.8
1011,129,32,2023-04-03,productpage,Click,501.1
1012,43,45,2024-03-14,CHECKOUT,AddToCart,33.2
1013,152,3,2024-09-13,Purchase,Purchase,179.7
1014,83,10,2024-11-29,Purchase,Purchase,572.2
1015,160,5,2023-01-03,ProductPage,addtocart,48.4
1016,399,32,2023-09-17,Homepage,Click,275.0
1017,182,26,2023-04-20,productpage,AddToCart,468.1
1018,59,28,2024-08-09,ProductPage,DROP-OFF,
1019,133,24,2024-02-06,ProductPage,addtocart,530.6
1020,18,48,2024-01-30,HOMEPAGE,Click,384.4
1021,467,43,2023-06-28,PRODUCTPAGE,AddToCart,319.4
1022,140,5,2024-02-12,Checkout,Drop-off,
1023,249,31,2023-12-12,Purchase,Purchase,212.4
1024,73,19,2024-06-19,PRODUCTPAGE,Drop-off,
1025,59,32,2024-09-01,ProductPage,View,503.2
1026,318,21,2024-05-19,CHECKOUT,PURCHASE,175.4
1027,425,1,2024-01-15,Homepage,View,391.7
1028,426,7,2024-02-12,Purchase,PURCHASE,544.0
1029,493,30,2024-03-27,Homepage,View,91.0
1030,120,49,2024-06-03,homepage,CLICK,246.4
1031,268,47,2023-06-12,ProductPage,view,505.1
1032,281,21,2023-01-03,ProductPage,AddToCart,436.0
1033,400,31,2023-05-18,purchase,Purchase,512.8
1034,225,1,2023-07-11,ProductPage,Click,403.4
1035,234,20,2023-11-06,ProductPage,View,70.8
1036,219,40,2024-01-30,purchase,Purchase,156.8
1037,53,10,2024-04-17,Homepage,CLICK,120.3
1038,340,4,2023-04-23,Homepage,Drop-off,
1039,417,21,2023-01-15,checkout,Drop-off,
1040,151,14,2024-09-25,PURCHASE,purchase,588.9
1041,316,2,2023-06-14,Homepage,CLICK,487.6
1042,352,15,2023-08-04,Homepage,Click,123.7
1043,324,37,2024-02-06,Checkout,Drop-off,
1044,452,21,2024-12-31,Purchase,Purchase,281.4
1045,273,45,2023-05-08,Purchase,Purchase,500.5
1046,134,45,2024-11-06,Homepage,Click,516.3
1047,335,16,2024-06-23,Checkout,Purchase,214.5
1048,161,18,2023-08-03,checkout,ADDTOCART,454.8
1049,276,39,2024-11-07,Homepage,Drop-off,
1050,64,42,2024-07-26,Homepage,View,41.2
1051,6,30,2024-01-29,purchase,PURCHASE,375.3
1052,244,31,2024-05-05,ProductPage,View,329.4
1053,108,29,2024-04-05,Homepage,View,566.6
1054,375,39,2024-09-05,checkout,Purchase,423.9
1055,233,32,2023-01-31,Homepage,Click,110.8
1056,173,44,2024-08-23,CHECKOUT,drop-off,
1057,384,20,2024-03-08,Purchase,PURCHASE,161.5
1058,420,41,2024-06-13,Checkout,Drop-off,
1059,390,37,2024-01-13,productpage,Drop-off,
1060,136,30,2023-02-21,HOMEPAGE,DROP-OFF,
1061,438,36,2024-03-11,PURCHASE,Purchase,34.0
1062,199,31,2024-04-10,Homepage,View,581.4
1063,214,50,2023-10-03,ProductPage,DROP-OFF,
1064,176,34,2024-09-14,CHECKOUT,ADDTOCART,72.7
1065,409,42,2024-07-18,ProductPage,View,564.6
1066,49,36,2023-03-02,Homepage,VIEW,598.1
1067,2,20,2023-11-16,Purchase,Purchase,10.8
1068,477,21,2024-01-26,Checkout,purchase,333.9
1069,97,3,2023-11-06,ProductPage,Drop-off,
1070,125,26,2024-12-19,CHECKOUT,Drop-off,
1071,314,26,2023-10-30,checkout,Purchase,546.5
1072,495,27,2024-10-14,Purchase,Purchase,151.9
1073,158,26,2023-03-13,Homepage,click,203.2
1074,374,39,2024-10-29,Checkout,Purchase,377.8
1075,132,6,2023-04-28,Homepage,Click,463.3
1076,279,23,2023-11-28,Purchase,purchase,549.5
1077,288,33,2023-03-14,HOMEPAGE,Click,416.9
1078,187,25,2023-06-03,PRODUCTPAGE,Drop-off,
1079,492,22,2024-12-13,Purchase,Purchase,150.0
1080,231,19,2023-01-27,productpage,Click,249.0
1081,213,47,2023-11-05,Checkout,Purchase,467.0
1082,494,20,2023-07-07,Checkout,Drop-off,
1083,481,50,2024-11-25,Purchase,Purchase,35.6
1084,331,45,2023-03-08,purchase,Purchase,347.3
1085,141,4,2024-06-16,checkout,Drop-off,
1086,289,48,2024-07-05,productpage,view,454.1
1087,253,14,2023-12-17,Purchase,purchase,598.8
1088,477,35,2024-05-30,PRODUCTPAGE,Click,144.4
1089,74,24,2023-03-02,Purchase,Purchase,203.1
1090,313,39,2023-06-30,Homepage,CLICK,203.9
1091,98,48,2023-05-16,checkout,AddToCart,92.9
1092,59,40,2023-11-07,Checkout,DROP-OFF,
1093,33,18,2024-10-25,PURCHASE,Purchase,377.4
1094,40,32,2023-08-05,Checkout,PURCHASE,128.1
1095,104,5,2024-08-29,ProductPage,View,342.6
1096,498,14,2023-05-05,ProductPage,Click,470.3
1097,6,48,2024-08-10,Homepage,View,239.2
1098,79,37,2024-08-03,CHECKOUT,Drop-off,
1099,290,44,2024-11-14,homepage,CLICK,445.6
1100,100,27,2023-06-05,Purchase,Purchase,550.5
1101,208,11,2023-11-04,Purchase,Purchase,357.5
1102,387,41,2024-01-15,PRODUCTPAGE,View,69.3
1103,405,8,2024-10-27,ProductPage,CLICK,544.7
1104,98,20,2023-07-08,Checkout,drop-off,
1105,338,45,2024-04-22,Purchase,Purchase,450.7
1106,24,32,2023-01-24,Checkout,PURCHASE,197.3
1107,329,10,2023-04-23,Checkout,Drop-off,
1108,327,14,2023-01-12,ProductPage,AddToCart,187.2
1109,254,36,2023-05-11,ProductPage,Drop-off,
1110,323,26,2024-03-19,Checkout,AddToCart,388.4
1111,188,30,2024-11-17,Checkout,Drop-off,
1112,451,22,2024-12-08,ProductPage,View,229.7
1113,405,23,2024-10-14,ProductPage,CLICK,213.2
1114,151,23,2024-06-08,Purchase,PURCHASE,509.8
1115,65,2,2024-08-12,productpage,Click,291.3
1116,322,41,2023-05-01,ProductPage,click,396.6
1117,35,46,2024-07-30,Checkout,Drop-off,
1118,179,23,2023-06-14,ProductPage,click,460.3
1119,494,47,2024-08-28,checkout,Drop-off,
1120,336,3,2024-03-27,Purchase,Purchase,190.6
1121,67,37,2024-03-04,CHECKOUT,PURCHASE,94.4
1122,34,24,2024-03-29,Checkout,Purchase,155.2
1123,363,5,2023-11-21,ProductPage,View,486.6
1124,336,12,2024-11-30,Homepage,VIEW,252.1
1125,7,37,2023-02-15,HOMEPAGE,drop-off,
1126,269,21,2024-03-09,checkout,addtocart,249.9
1127,243,1,2024-04-12,Homepage,Click,478.6
1128,439,36,2024-02-08,homepage,View,485.0
1129,194,39,2023-05-07,Homepage,View,180.7
1130,295,2,2023-02-20,Homepage,click,211.9
1131,90,17,2023-11-06,Checkout,AddToCart,560.4
1132,26,50,2024-02-14,PURCHASE,Purchase,363.1
1133,218,10,2023-01-29,Checkout,Purchase,188.6
1134,271,33,2023-11-17,Checkout,drop-off,
1135,375,27,2023-01-24,Checkout,Drop-off,
1136,364,50,2023-10-14,purchase,PURCHASE,75.5
1137,493,23,2024-02-07,PURCHASE,Purchase,104.6
1138,496,5,2023-07-23,Purchase,Purchase,467.7
1139,50,15,2024-07-01,ProductPage,Click,90.9
1140,89,18,2024-02-17,ProductPage,AddToCart,243.5
1141,61,23,2023-10-18,Homepage,VIEW,138.5
1142,314,26,2024-03-27,Purchase,purchase,549.0
1143,462,1,2023-07-10,ProductPage,AddToCart,334.6
1144,463,44,2023-02-21,Homepage,View,425.8
1145,423,37,2023-03-18,Homepage,Drop-off,
1146,128,15,2024-07-24,Purchase,Purchase,515.7
1147,455,9,2024-05-02,ProductPage,Click,357.1
1148,52,26,2024-06-11,ProductPage,AddToCart,303.3
1149,189,33,2023-06-18,Purchase,Purchase,550.0
1150,217,34,2023-02-13,homepage,Click,274.2
1151,351,6,2024-01-15,HOMEPAGE,Click,335.7
1152,9,20,2024-12-07,Homepage,View,138.0
1153,270,40,2024-06-17,Checkout,Drop-off,
1154,21,2,2023-09-08,purchase,purchase,154.9
1155,249,33,2023-10-13,ProductPage,AddToCart,303.4
1156,293,39,2024-07-03,Homepage,click,35.0
1157,28,43,2023-09-12,ProductPage,AddToCart,271.0
1158,33,27,2024-01-08,homepage,view,149.3
1159,199,44,2024-12-11,ProductPage,CLICK,197.6
1160,405,12,2024-01-02,ProductPage,View,469.9
1161,388,25,2023-06-09,Checkout,drop-off,
1162,290,7,2023-10-29,HOMEPAGE,Click,477.5
1163,480,29,2023-09-29,Checkout,DROP-OFF,
1164,15,18,2024-07-08,ProductPage,Click,246.9
1165,360,19,2024-09-13,Purchase,Purchase,476.8
1166,181,23,2024-10-02,CHECKOUT,Purchase,489.0
1167,139,2,2024-12-20,Purchase,Purchase,137.1
1168,484,15,2023-11-24,Homepage,Click,414.0
1169,271,23,2024-03-02,Homepage,Drop-off,
1170,295,1,2024-06-11,Purchase,Purchase,439.4
1171,91,41,2023-12-02,Checkout,DROP-OFF,
1172,283,42,2023-10-29,purchase,Purchase,312.5
1173,170,45,2023-07-19,productpage,Drop-off,
1174,50,31,2023-05-12,Checkout,DROP-OFF,
1175,13,29,2023-03-13,ProductPage,AddToCart,332.8
1176,380,11,2023-03-08,Checkout,Drop-off,
1177,442,34,2023-08-19,ProductPage,Click,297.2
1178,442,47,2023-02-01,homepage,view,355.6
1179,127,35,2024-12-10,Checkout,purchase,19.8
1180,224,17,2023-06-15,HOMEPAGE,Drop-off,
1181,317,46,2024-07-10,Homepage,click,590.2
1182,57,46,2024-12-24,Homepage,Click,520.1
1183,452,5,2023-06-24,HOMEPAGE,Click,298.1
1184,151,37,2023-07-17,Purchase,Purchase,17.9
1185,416,39,2024-04-17,ProductPage,View,474.2
1186,119,15,2023-12-11,Purchase,Purchase,389.9
1187,92,47,2023-12-29,Purchase,Purchase,534.2
1188,70,15,2024-11-22,ProductPage,CLICK,13.8
1189,221,32,2023-07-22,HOMEPAGE,Click,548.7
1190,315,5,2024-06-26,purchase,purchase,156.8
1191,18,9,2023-01-06,Checkout,DROP-OFF,
1192,161,16,2023-08-15,Purchase,Purchase,411.0
1193,176,41,2023-09-25,Purchase,Purchase,199.8
1194,96,23,2023-12-22,Homepage,View,410.5
1195,467,15,2024-12-26,ProductPage,Drop-off,
1196,164,41,2023-03-16,ProductPage,Click,68.9
1197,119,1,2023-05-22,Purchase,Purchase,19.7
1198,23,21,2023-10-20,CHECKOUT,Drop-off,
1199,275,32,2024-02-16,Checkout,Drop-off,
1200,388,31,2023-01-07,Checkout,Purchase,339.1
1201,69,14,2024-08-02,Purchase,Purchase,522.5
1202,198,45,2024-05-04,Purchase,purchase,76.7
1203,373,4,2024-02-02,Checkout,Purchase,171.3
1204,170,23,2023-01-11,Checkout,addtocart,69.2
1205,403,16,2024-08-17,Checkout,AddToCart,183.1
1206,400,26,2023-12-28,Purchase,Purchase,19.1
1207,7,39,2023-10-07,Homepage,Click,597.5
1208,382,13,2024-03-06,ProductPage,AddToCart,122.8
1209,227,46,2023-08-11,PRODUCTPAGE,Drop-off,
1210,349,44,2023-05-05,Purchase,PURCHASE,72.6
1211,334,24,2024-04-26,Checkout,Drop-off,
1212,9,38,2023-10-06,Checkout,drop-off,
1213,193,22,2024-11-08,ProductPage,Drop-off,
1214,145,18,2023-03-27,PURCHASE,Purchase,403.1
1215,107,16,2023-06-24,Purchase,Purchase,374.3
1216,312,47,2024-11-07,PRODUCTPAGE,View,83.5
1217,158,7,2024-04-12,ProductPage,drop-off,
1218,131,20,2023-04-03,PRODUCTPAGE,View,268.9
1219,168,39,2024-04-05,PURCHASE,purchase,195.4
1220,440,9,2024-01-18,Homepage,Drop-off,
1221,480,46,2023-07-24,Checkout,AddToCart,350.8
1222,127,4,2024-10-06,CHECKOUT,DROP-OFF,
1223,135,16,2024-09-24,PURCHASE,Purchase,413.7
1224,497,38,2023-01-28,ProductPage,Drop-off,
1225,112,43,2023-07-18,Checkout,PURCHASE,518.5
1226,1,29,2023-04-28,homepage,Drop-off,
1227,190,37,2024-04-28,CHECKOUT,Purchase,306.6
1228,257,26,2024-05-11,Homepage,View,465.7
1229,483,6,2023-12-13,purchase,Purchase,395.6
1230,52,21,2023-12-04,Checkout,drop-off,
1231,127,20,2023-12-05,CHECKOUT,Drop-off,
1232,24,1,2023-05-22,PRODUCTPAGE,CLICK,168.3
1233,290,43,2023-05-30,PURCHASE,Purchase,459.3
1234,88,4,2023-08-24,Purchase,Purchase,462.5
1235,172,23,2023-03-23,Checkout,Drop-off,
1236,305,46,2023-03-11,ProductPage,Drop-off,
1237,248,2,2023-08-10,Purchase,purchase,146.5
1238,263,4,2023-04-14,Homepage,View,174.7
1239,308,50,2023-07-03,PRODUCTPAGE,view,205.8
1240,282,42,2023-05-22,ProductPage,CLICK,196.7
1241,415,18,2023-03-13,PRODUCTPAGE,Click,446.0
1242,270,49,2024-11-23,ProductPage,View,257.9
1243,304,3,2024-11-26,PURCHASE,Purchase,217.4
1244,208,43,2024-09-08,Purchase,purchase,373.9
1245,45,42,2023-12-09,purchase,Purchase,297.5
1246,427,19,2023-01-15,Checkout,Drop-off,
1247,445,5,2024-04-28,ProductPage,Drop-off,
1248,153,23,2023-04-20,homepage,View,15.2
1249,390,16,2023-02-15,Purchase,Purchase,397.8
1250,143,6,2023-07-14,Homepage,Drop-off,
1251,481,3,2023-08-08,Purchase,Purchase,583.7
1252,233,8,2023-05-26,CHECKOUT,AddToCart,328.4
1253,10,44,2023-12-13,ProductPage,View,328.5
1254,219,42,2023-01-27,PRODUCTPAGE,view,81.0
1255,231,2,2024-01-25,ProductPage,View,122.0
1256,478,2,2023-05-24,Homepage,click,480.9
1257,429,31,2024-02-28,checkout,AddToCart,288.0
1258,154,50,2024-09-30,Purchase,Purchase,335.5
1259,416,9,2023-01-19,CHECKOUT,AddToCart,52.0
1260,341,22,2024-03-08,purchase,Purchase,187.5
1261,456,9,2024-02-02,ProductPage,Drop-off,
1262,329,19,2023-05-09,CHECKOUT,PURCHASE,379.6
1263,129,12,2023-08-06,checkout,Drop-off,
1264,172,40,2023-11-17,productpage,AddToCart,179.7
1265,368,15,2023-10-25,ProductPage,Drop-off,
1266,374,15,2023-05-10,Purchase,purchase,161.0
1267,500,34,2023-08-25,Checkout,Drop-off,
1268,398,37,2024-11-08,ProductPage,Click,295.6
1269,415,24,2024-08-26,Checkout,Purchase,61.5
1270,72,33,2024-04-22,productpage,Drop-off,
1271,226,8,2024-10-22,Purchase,Purchase,136.9
1272,274,39,2023-02-10,PRODUCTPAGE,Click,196.0
1273,469,50,2024-10-17,Purchase,PURCHASE,191.9
1274,301,9,2023-11-27,HOMEPAGE,View,227.6
1275,189,4,2024-12-13,Checkout,DROP-OFF,
1276,77,40,2024-08-11,Purchase,purchase,100.8
1277,436,43,2024-05-08,Homepage,View,235.6
1278,449,24,2024-05-17,Checkout,drop-off,
1279,300,45,2024-07-13,ProductPage,Click,277.7
1280,357,24,2024-07-20,PRODUCTPAGE,Click,69.0
1281,1,13,2024-04-04,Homepage,View,102.1
1282,331,30,2023-12-22,checkout,purchase,254.9
1283,76,30,2023-09-13,Homepage,Drop-off,
1284,77,43,2024-12-04,Checkout,DROP-OFF,
1285,456,20,2023-01-07,Checkout,Drop-off,
1286,97,32,2024-07-09,Checkout,AddToCart,365.0
1287,497,13,2023-07-23,ProductPage,Click,559.5
1288,443,49,2024-08-08,CHECKOUT,DROP-OFF,
1289,167,1,2024-10-30,checkout,AddToCart,21.8
1290,177,27,2023-09-28,Purchase,Purchase,289.1
1291,313,26,2023-08-16,PRODUCTPAGE,View,530.2
1292,133,12,2023-02-25,Homepage,DROP-OFF,
1293,102,28,2024-05-13,ProductPage,Click,321.0
1294,423,40,2024-05-09,PRODUCTPAGE,AddToCart,195.4
1295,407,41,2023-12-08,ProductPage,Drop-off,
1296,278,4,2023-03-10,PURCHASE,purchase,160.4
1297,357,39,2024-03-11,ProductPage,click,237.0
1298,463,47,2023-03-03,Purchase,purchase,432.5
1299,415,45,2023-09-04,homepage,view,322.1
1300,200,4,2024-03-29,Checkout,Purchase,129.0
1301,155,50,2024-10-04,Checkout,Purchase,586.0
1302,163,50,2024-10-21,purchase,Purchase,57.3
1303,79,42,2024-01-08,Checkout,Drop-off,
1304,472,46,2024-01-02,ProductPage,View,433.5
1305,249,46,2024-03-24,Checkout,Drop-off,
1306,200,5,2023-02-26,homepage,Drop-off,
1307,340,43,2023-03-21,CHECKOUT,Drop-off,
1308,206,33,2023-12-12,ProductPage,CLICK,542.5
1309,286,24,2024-06-28,HOMEPAGE,VIEW,565.3
1310,219,14,2023-06-17,CHECKOUT,AddToCart,330.0
1311,397,48,2023-05-02,purchase,Purchase,398.5
1312,160,34,2023-11-21,homepage,DROP-OFF,
1313,463,12,2024-02-11,Purchase,Purchase,569.1
1314,141,6,2023-10-22,productpage,Click,396.5
1315,407,42,2024-11-18,Checkout,AddToCart,229.1
1316,88,37,2024-07-13,Checkout,drop-off,
1317,82,6,2024-07-12,ProductPage,AddToCart,299.8
1318,270,34,2023-07-16,ProductPage,Drop-off,
1319,205,31,2023-11-05,purchase,purchase,324.2
1320,72,12,2023-04-26,Purchase,PURCHASE,24.8
1321,409,37,2023-01-13,Homepage,Click,121.8
1322,90,46,2024-12-10,ProductPage,VIEW,349.0
1323,296,41,2023-02-06,Checkout,Purchase,170.4
1324,53,43,2024-01-15,Purchase,Purchase,495.1
1325,96,37,2023-01-01,Purchase,Purchase,386.2
1326,378,49,2023-12-31,ProductPage,Click,582.2
1327,59,26,2024-08-27,ProductPage,AddToCart,490.5
1328,487,4,2024-10-29,HOMEPAGE,CLICK,478.0
1329,492,40,2023-09-30,ProductPage,AddToCart,570.7
1330,165,49,2023-08-22,productpage,Click,253.2
1331,128,19,2023-04-06,Purchase,purchase,54.9
1332,5,47,2023-01-14,Checkout,Drop-off,
1333,150,42,2023-06-05,Homepage,View,185.7
1334,90,49,2023-11-27,Purchase,purchase,580.6
1335,485,49,2023-04-06,Purchase,Purchase,527.6
1336,226,44,2023-02-03,Checkout,AddToCart,366.1
1337,47,8,2024-07-24,Homepage,Click,239.7
1338,468,46,2024-11-02,Purchase,Purchase,550.4
1339,346,21,2024-12-18,homepage,CLICK,188.5
1340,481,20,2024-05-17,Checkout,AddToCart,52.8
1341,311,44,2023-03-09,Checkout,Drop-off,
1342,233,25,2023-11-25,Purchase,purchase,174.8
1343,312,37,2023-08-25,Checkout,Drop-off,
1344,91,33,2023-06-02,Purchase,Purchase,327.2
1345,342,24,2024-02-12,ProductPage,AddToCart,17.2
1346,468,9,2024-05-19,Purchase,Purchase,564.1
1347,4,26,2024-02-02,Homepage,Drop-off,
1348,454,7,2023-09-05,Checkout,PURCHASE,559.5
1349,481,35,2024-04-19,Purchase,Purchase,316.2
1350,368,15,2023-01-30,ProductPage,View,380.4
1351,40,34,2023-09-15,PURCHASE,Purchase,249.4
1352,404,16,2024-10-16,Homepage,Click,167.3
1353,86,30,2023-07-14,ProductPage,Drop-off,
1354,348,37,2023-01-15,Checkout,DROP-OFF,
1355,184,8,2023-05-14,Purchase,Purchase,29.2
1356,481,12,2024-09-17,homepage,Click,61.9
1357,69,18,2023-02-22,ProductPage,Drop-off,
1358,293,24,2023-07-21,PURCHASE,Purchase,15.9
1359,397,45,2024-03-03,Purchase,purchase,110.7
1360,47,19,2023-01-29,Purchase,PURCHASE,470.1
1361,349,11,2024-12-14,PURCHASE,Purchase,507.9
1362,336,46,2024-08-24,Purchase,Purchase,147.6
1363,126,45,2023-06-16,PRODUCTPAGE,ADDTOCART,201.4
1364,272,24,2023-11-08,Checkout,Drop-off,
1365,70,3,2023-09-12,ProductPage,Click,132.7
1366,79,4,2023-11-18,Purchase,Purchase,394.8
1367,377,28,2023-06-09,Purchase,Purchase,513.9
1368,144,29,2023-06-02,Homepage,Click,304.3
1369,436,4,2023-07-23,Purchase,Purchase,201.3
1370,337,50,2024-04-13,PRODUCTPAGE,VIEW,27.7
1371,105,20,2024-02-18,Checkout,Drop-off,
1372,308,14,2023-07-28,ProductPage,Click,560.2
1373,354,35,2023-11-01,Checkout,ADDTOCART,194.0
1374,290,31,2023-03-06,Homepage,Click,202.5
1375,248,19,2023-05-29,productpage,view,15.4
1376,286,16,2024-12-30,CHECKOUT,ADDTOCART,359.0
1377,5,32,2024-11-05,Checkout,Purchase,248.0
1378,296,16,2024-10-20,ProductPage,View,297.5
1379,249,19,2023-02-20,Purchase,Purchase,147.6
1380,407,10,2023-07-09,checkout,AddToCart,407.3
1381,398,3,2024-09-14,purchase,Purchase,564.1
1382,482,5,2023-07-12,Purchase,Purchase,115.5
1383,260,23,2023-02-05,Purchase,PURCHASE,335.2
1384,419,36,2023-11-29,Homepage,Click,85.1
1385,332,5,2024-12-03,productpage,View,53.2
1386,193,37,2023-08-18,Homepage,Drop-off,
1387,274,29,2023-01-17,Homepage,view,249.2
1388,407,29,2023-10-13,Checkout,purchase,465.4
1389,321,6,2024-08-21,ProductPage,Click,554.7
1390,234,14,2023-05-04,HOMEPAGE,Drop-off,
1391,370,30,2023-01-13,Checkout,AddToCart,449.2
1392,59,3,2024-03-10,Purchase,purchase,297.4
1393,111,6,2024-09-21,ProductPage,View,55.9
1394,451,33,2024-04-11,Checkout,purchase,335.8
1395,232,15,2024-08-14,Homepage,View,342.3
1396,494,14,2023-02-16,ProductPage,Click,254.9
1397,400,50,2024-11-29,Homepage,Click,482.5
1398,169,3,2023-09-22,Purchase,Purchase,128.8
1399,186,22,2024-05-28,homepage,CLICK,390.9
1400,1,3,2024-11-11,Purchase,purchase,543.7
1401,274,37,2023-09-05,Checkout,Purchase,75.4
1402,367,26,2024-02-06,Purchase,purchase,528.9
1403,84,46,2023-08-29,HOMEPAGE,Click,253.5
1404,36,31,2024-11-26,CHECKOUT,AddToCart,72.1
1405,295,19,2023-04-22,Checkout,Purchase,504.5
1406,472,13,2024-01-27,checkout,AddToCart,270.8
1407,300,49,2024-01-04,Homepage,Drop-off,
1408,323,20,2023-02-13,PURCHASE,Purchase,312.8
1409,205,13,2023-03-12,Checkout,PURCHASE,350.6
1410,17,37,2023-02-10,purchase,Purchase,154.1
1411,40,27,2023-04-09,Checkout,Drop-off,
1412,294,42,2023-10-04,Homepage,Click,567.1
1413,473,17,2024-03-23,Purchase,Purchase,218.4
1414,25,12,2023-02-11,homepage,View,288.5
1415,468,23,2023-11-10,ProductPage,Click,487.4
1416,125,24,2023-09-22,PURCHASE,purchase,514.0
1417,195,44,2024-12-23,Purchase,Purchase,523.5
1418,368,34,2023-03-13,Homepage,view,266.1
1419,285,26,2024-07-19,Checkout,DROP-OFF,
1420,102,6,2024-02-29,CHECKOUT,ADDTOCART,531.8
1421,389,6,2024-05-01,Checkout,drop-off,
1422,397,6,2023-12-09,PRODUCTPAGE,Drop-off,
1423,429,2,2024-03-06,ProductPage,View,395.7
1424,336,40,2023-01-18,checkout,Drop-off,
1425,193,37,2024-10-01,Homepage,CLICK,428.2
1426,494,26,2023-09-17,ProductPage,AddToCart,133.2
1427,75,17,2023-05-08,Homepage,CLICK,421.2
1428,434,20,2023-04-26,Purchase,Purchase,280.4
1429,460,39,2024-06-23,ProductPage,Click,225.8
1430,332,26,2024-01-15,checkout,drop-off,
1431,169,8,2023-09-20,Checkout,DROP-OFF,
1432,468,47,2023-01-20,Homepage,CLICK,484.2
1433,429,8,2024-06-29,Homepage,Click,356.4
1434,163,6,2024-11-09,Checkout,Drop-off,
1435,459,20,2023-04-15,checkout,Drop-off,
1436,452,37,2023-08-04,ProductPage,Click,351.1
1437,467,33,2023-09-15,PURCHASE,Purchase,543.6
1438,319,22,2024-03-12,Purchase,Purchase,484.7
1439,348,37,2023-02-27,homepage,CLICK,196.7
1440,51,9,2023-08-28,Checkout,Drop-off,
1441,17,25,2023-09-29,checkout,Drop-off,
1442,147,29,2023-06-10,ProductPage,click,460.1
1443,471,22,2023-02-23,Checkout,Purchase,178.2
1444,157,15,2024-03-18,Purchase,Purchase,517.3
1445,199,7,2024-09-07,homepage,view,272.7
1446,303,21,2023-11-11,Purchase,Purchase,231.5
1447,350,46,2024-08-26,checkout,Drop-off,
1448,355,46,2023-10-12,Homepage,CLICK,253.5
1449,195,11,2023-02-25,Checkout,Drop-off,
1450,456,14,2024-05-28,Purchase,PURCHASE,130.3
1451,144,39,2024-08-23,Purchase,Purchase,212.2
1452,193,2,2024-03-30,ProductPage,Click,131.3
1453,434,41,2024-09-19,purchase,Purchase,297.3
1454,268,29,2024-10-08,productpage,View,327.4
1455,38,17,2024-07-11,Homepage,View,396.1
1456,400,46,2024-05-14,Purchase,PURCHASE,403.9
1457,152,17,2024-03-04,Purchase,Purchase,427.8
1458,179,31,2024-06-27,productpage,DROP-OFF,
1459,272,28,2023-08-23,purchase,Purchase,357.5
1460,269,15,2023-06-29,Homepage,View,40.0
1461,477,45,2024-02-12,Checkout,Drop-off,
1462,204,19,2023-05-05,Purchase,Purchase,380.2
1463,284,44,2024-07-06,Purchase,PURCHASE,308.9
1464,186,31,2024-03-06,Homepage,click,366.6
1465,202,12,2024-10-22,Purchase,Purchase,264.4
1466,108,23,2024-12-24,Purchase,Purchase,99.3
1467,440,15,2023-10-22,Checkout,PURCHASE,164.8
1468,479,28,2023-10-09,ProductPage,View,546.8
1469,244,45,2024-12-09,Purchase,Purchase,351.3
1470,245,20,2023-01-10,purchase,Purchase,480.1
1471,403,44,2023-11-05,HOMEPAGE,View,495.1
1472,417,4,2023-04-23,Purchase,purchase,234.0
1473,454,3,2023-05-08,PURCHASE,Purchase,460.1
1474,199,49,2024-10-22,Checkout,Purchase,230.6
1475,293,48,2024-05-27,homepage,CLICK,559.6
1476,22,38,2024-06-16,Checkout,drop-off,
1477,240,43,2023-03-19,PURCHASE,Purchase,261.9
1478,263,43,2023-11-22,ProductPage,CLICK,231.8
1479,442,2,2023-09-05,Checkout,AddToCart,247.4
1480,157,43,2024-07-07,productpage,AddToCart,514.2
1481,489,1,2024-04-18,CHECKOUT,ADDTOCART,49.5
1482,243,36,2023-02-25,Homepage,CLICK,71.3
1483,72,8,2024-12-12,Purchase,Purchase,341.0
1484,474,14,2023-06-21,productpage,View,145.7
1485,341,47,2023-03-04,ProductPage,VIEW,322.7
1486,318,16,2024-07-15,ProductPage,Drop-off,
1487,148,43,2023-05-09,ProductPage,View,532.1
1488,134,35,2023-12-18,Homepage,Drop-off,
1489,255,2,2024-01-27,Purchase,Purchase,120.4
1490,66,21,2024-02-14,Purchase,PURCHASE,477.7
1491,364,32,2024-04-06,productpage,Click,81.6
1492,488,16,2023-09-21,ProductPage,CLICK,320.8
1493,467,25,2023-10-06,CHECKOUT,Purchase,203.6
1494,464,16,2024-11-06,CHECKOUT,drop-off,
1495,374,29,2023-01-13,Purchase,Purchase,405.8
1496,176,6,2023-09-23,PURCHASE,purchase,496.0
1497,129,43,2023-05-16,Purchase,PURCHASE,437.3
1498,235,11,2023-02-26,ProductPage,VIEW,245.9
1499,155,5,2024-09-19,Checkout,drop-off,
1500,50,16,2023-07-29,homepage,Click,42.8
1501,371,50,2024-10-14,Purchase,purchase,150.2
1502,327,18,2023-10-04,Homepage,Drop-off,
1503,386,23,2023-06-26,PURCHASE,Purchase,373.7
1504,498,14,2023-07-17,ProductPage,View,129.1
1505,23,32,2023-04-13,purchase,purchase,283.6
1506,209,25,2023-01-13,ProductPage,drop-off,
1507,135,10,2023-12-15,CHECKOUT,Purchase,574.1
1508,93,38,2024-11-15,checkout,AddToCart,516.9
1509,74,38,2024-02-27,ProductPage,Click,80.2
1510,17,30,2023-02-21,Checkout,drop-off,
1511,345,4,2024-03-07,PRODUCTPAGE,addtocart,115.8
1512,475,40,2024-03-28,PURCHASE,Purchase,515.2
1513,116,17,2024-02-21,Homepage,Click,242.8
1514,247,19,2024-08-17,ProductPage,View,471.2
1515,432,39,2023-08-26,ProductPage,AddToCart,307.1
1516,307,35,2024-01-26,Checkout,AddToCart,338.5
1517,412,38,2024-03-15,productpage,Click,539.1
1518,279,7,2024-10-10,Purchase,purchase,403.9
1519,471,40,2023-02-16,ProductPage,AddToCart,39.5
1520,319,48,2024-08-20,Homepage,Click,281.2
1521,204,8,2023-02-02,Homepage,Click,261.6
1522,484,41,2023-12-18,ProductPage,click,73.0
1523,152,46,2023-03-26,CHECKOUT,Drop-off,
1524,321,44,2023-08-21,Purchase,Purchase,582.6
1525,15,45,2024-11-12,ProductPage,View,160.0
1526,452,39,2023-12-12,Homepage,Click,332.0
1527,18,25,2023-11-17,Homepage,click,42.3
1528,467,44,2023-12-24,Checkout,PURCHASE,192.5
1529,102,32,2023-12-13,PRODUCTPAGE,View,72.6
1530,437,5,2023-07-06,ProductPage,View,170.6
1531,153,42,2024-09-04,PURCHASE,Purchase,367.6
1532,19,13,2023-01-26,ProductPage,Click,191.6
1533,377,16,2023-09-11,Checkout,PURCHASE,568.3
1534,305,26,2024-05-03,ProductPage,view,398.0
1535,422,47,2023-11-21,Homepage,View,519.9
1536,65,32,2023-08-27,checkout,drop-off,
1537,415,1,2023-05-31,ProductPage,Click,273.8
1538,283,35,2023-07-01,Purchase,Purchase,272.6
1539,418,31,2024-02-22,Homepage,CLICK,578.5
1540,254,21,2023-09-24,Purchase,purchase,364.4
1541,249,5,2023-10-02,Checkout,Drop-off,
1542,112,9,2023-08-28,Homepage,Drop-off,
1543,321,8,2023-08-01,Purchase,Purchase,340.6
1544,66,20,2024-08-21,Purchase,Purchase,221.1
1545,455,25,2023-09-25,Checkout,Drop-off,
1546,172,4,2024-02-21,Checkout,PURCHASE,43.9
1547,202,37,2024-07-16,Purchase,Purchase,262.3
1548,49,11,2024-09-02,PURCHASE,Purchase,217.9
1549,477,10,2024-08-28,Homepage,View,432.3
1550,126,10,2024-12-02,Checkout,AddToCart,334.4
1551,482,28,2023-02-10,Purchase,PURCHASE,368.1
1552,298,31,2024-12-08,homepage,VIEW,590.4
1553,301,18,2023-03-26,PRODUCTPAGE,Drop-off,
1554,436,5,2024-07-13,PURCHASE,Purchase,91.6
1555,93,40,2023-02-16,checkout,Drop-off,
1556,418,1,2024-03-04,PURCHASE,purchase,509.4
1557,139,30,2023-01-22,ProductPage,View,461.9
1558,299,42,2023-02-07,ProductPage,VIEW,243.6
1559,292,37,2023-02-15,Purchase,Purchase,566.7
1560,364,46,2023-05-25,Checkout,Purchase,532.8
1561,198,28,2023-09-10,PRODUCTPAGE,Click,426.9
1562,385,21,2023-09-13,Homepage,View,56.2
1563,34,20,2023-04-28,Checkout,AddToCart,398.1
1564,492,29,2024-01-15,Homepage,View,434.9
1565,314,19,2024-12-30,Purchase,Purchase,204.0
1566,396,45,2023-10-10,ProductPage,View,166.3
1567,406,6,2023-02-06,Checkout,AddToCart,598.6
1568,382,15,2024-11-03,Purchase,Purchase,200.1
1569,106,44,2023-04-13,PURCHASE,Purchase,114.9
1570,1,13,2023-06-24,purchase,Purchase,167.7
1571,419,21,2023-05-22,ProductPage,View,583.5
1572,401,36,2024-05-02,HOMEPAGE,CLICK,535.3
1573,49,26,2024-12-16,HOMEPAGE,View,380.6
1574,262,24,2024-05-17,Purchase,Purchase,367.1
1575,458,6,2024-09-06,ProductPage,View,63.9
1576,157,17,2024-04-04,Purchase,Purchase,597.1
1577,259,38,2024-03-10,Homepage,View,449.2
1578,248,3,2024-09-02,ProductPage,View,422.6
1579,350,46,2023-06-14,Purchase,Purchase,533.9
1580,173,20,2023-11-15,CHECKOUT,Drop-off,
1581,479,43,2023-07-21,checkout,purchase,219.3
1582,255,41,2023-07-10,Purchase,PURCHASE,296.4
1583,376,4,2023-07-19,Checkout,purchase,513.1
1584,228,40,2023-10-03,Purchase,Purchase,152.5
1585,181,19,2024-04-11,ProductPage,AddToCart,117.5
1586,406,50,2024-05-02,ProductPage,View,253.1
1587,4,10,2024-11-03,Checkout,Purchase,262.7
1588,458,10,2024-03-26,PURCHASE,PURCHASE,186.9
1589,308,1,2023-09-08,Checkout,drop-off,
1590,169,2,2024-09-28,ProductPage,Click,57.3
1591,315,45,2024-06-22,HOMEPAGE,Click,87.4
1592,330,10,2024-08-24,Checkout,DROP-OFF,
1593,234,10,2023-06-20,Purchase,Purchase,309.1
1594,225,48,2023-05-27,Purchase,Purchase,560.8
1595,160,33,2023-10-06,homepage,Drop-off,
1596,357,25,2023-04-20,CHECKOUT,Purchase,121.8
1597,387,37,2024-07-23,Purchase,Purchase,119.8
1598,294,20,2023-03-17,PRODUCTPAGE,View,204.7
1599,157,24,2024-10-01,PURCHASE,Purchase,388.5
1600,146,16,2024-07-29,ProductPage,Click,204.6
1601,172,30,2024-02-28,Homepage,drop-off,
1602,381,19,2024-07-21,purchase,Purchase,569.6
1603,278,14,2024-02-23,ProductPage,Click,220.9
1604,417,25,2024-08-02,Homepage,Click,240.0
1605,31,24,2023-02-02,ProductPage,Click,495.4
1606,432,41,2023-01-09,productpage,Click,576.5
1607,196,1,2023-05-05,PRODUCTPAGE,Click,596.8
1608,212,20,2024-05-23,Purchase,Purchase,581.9
1609,294,20,2024-08-02,PURCHASE,purchase,290.4
1610,126,1,2023-11-30,ProductPage,AddToCart,307.7
1611,331,43,2023-03-04,Homepage,View,455.4
1612,328,21,2023-10-11,CHECKOUT,Drop-off,
1613,326,45,2023-01-10,Checkout,addtocart,439.1
1614,292,15,2024-06-19,Checkout,ADDTOCART,418.9
1615,100,37,2023-10-28,productpage,CLICK,146.2
1616,156,30,2024-11-16,HOMEPAGE,View,396.6
1617,403,23,2024-05-12,Checkout,Drop-off,
1618,72,9,2023-01-28,Checkout,ADDTOCART,114.3
1619,392,8,2024-06-23,ProductPage,View,540.0
1620,500,39,2023-01-09,Purchase,Purchase,58.7
1621,210,24,2023-04-20,ProductPage,Click,326.3
1622,48,35,2024-12-10,Checkout,Drop-off,
1623,278,44,2023-07-27,productpage,Click,89.8
1624,220,13,2024-08-03,Checkout,Purchase,108.7
1625,266,14,2024-01-06,productpage,Drop-off,
1626,249,1,2023-02-20,Homepage,Click,90.2
1627,417,38,2024-08-15,purchase,Purchase,31.6
1628,391,36,2023-07-04,Homepage,Click,304.5
1629,287,15,2024-03-31,Checkout,purchase,109.2
1630,28,23,2024-04-21,PURCHASE,PURCHASE,56.1
1631,226,6,2023-08-11,Checkout,Drop-off,
1632,288,49,2023-07-19,Purchase,Purchase,336.8
1633,436,49,2023-02-05,Homepage,Drop-off,
1634,102,30,2023-04-07,ProductPage,Click,200.6
1635,458,3,2024-04-19,Purchase,Purchase,281.6
1636,52,27,2024-05-20,Checkout,PURCHASE,221.7
1637,313,17,2023-03-12,Purchase,Purchase,516.4
1638,461,8,2023-02-23,ProductPage,View,310.1
1639,160,46,2024-02-03,purchase,Purchase,299.4
1640,403,11,2023-06-11,ProductPage,Click,361.2
1641,400,32,2024-04-27,PURCHASE,Purchase,259.2
1642,488,45,2024-05-15,productpage,AddToCart,62.2
1643,73,12,2023-05-03,Homepage,DROP-OFF,
1644,326,27,2023-07-09,Homepage,Click,508.9
1645,64,30,2024-01-15,ProductPage,Click,175.9
1646,30,26,2023-05-19,ProductPage,View,518.4
1647,485,41,2023-10-12,ProductPage,Drop-off,
1648,320,23,2023-05-13,Purchase,Purchase,300.6
1649,130,39,2023-10-20,PURCHASE,Purchase,24.2
1650,207,44,2023-05-02,Purchase,Purchase,517.9
1651,254,25,2023-06-24,Checkout,Drop-off,
1652,266,30,2023-02-25,homepage,View,206.8
1653,417,22,2024-07-30,homepage,View,103.0
1654,88,2,2024-07-27,Purchase,Purchase,215.1
1655,186,45,2023-03-09,Purchase,Purchase,425.7
1656,393,23,2024-02-16,PRODUCTPAGE,Drop-off,
1657,32,39,2023-08-03,Checkout,Purchase,111.7
1658,244,31,2023-09-21,ProductPage,CLICK,404.4
1659,53,44,2023-11-04,ProductPage,Click,462.2
1660,12,22,2023-08-03,ProductPage,View,295.0
1661,86,21,2024-10-30,Checkout,Drop-off,
1662,367,47,2023-06-04,Purchase,Purchase,495.0
1663,154,16,2024-09-26,Homepage,VIEW,355.0
1664,354,44,2023-07-30,checkout,Purchase,108.3
1665,313,3,2024-10-30,Checkout,Purchase,174.9
1666,207,3,2024-06-30,Homepage,View,499.6
1667,331,6,2024-08-09,Checkout,addtocart,106.2
1668,48,48,2024-02-23,Purchase,Purchase,343.0
1669,484,44,2023-06-05,ProductPage,click,16.4
1670,130,3,2023-01-21,Checkout,DROP-OFF,
1671,144,27,2024-10-31,Homepage,View,93.7
1672,452,40,2024-11-27,ProductPage,Click,532.7
1673,362,23,2023-05-06,homepage,Drop-off,
1674,492,31,2024-08-23,checkout,Purchase,500.2
1675,444,40,2024-05-16,CHECKOUT,Drop-off,
1676,22,33,2024-09-20,purchase,Purchase,302.5
1677,33,47,2024-10-04,Purchase,Purchase,236.8
1678,146,21,2023-08-03,checkout,Drop-off,
1679,431,35,2024-03-19,Checkout,Drop-off,
1680,305,44,2024-11-06,HOMEPAGE,Click,108.5
1681,39,12,2024-01-18,homepage,view,519.6
1682,473,47,2024-09-19,Homepage,View,495.2
1683,416,2,2024-08-23,Homepage,View,504.2
1684,432,16,2024-03-05,PRODUCTPAGE,AddToCart,228.3
1685,430,38,2023-04-12,Homepage,Click,349.3
1686,144,6,2023-02-14,ProductPage,drop-off,
1687,191,37,2024-01-26,Purchase,Purchase,76.6
1688,483,34,2023-07-23,ProductPage,VIEW,582.5
1689,465,45,2023-09-02,ProductPage,Click,540.9
1690,254,11,2023-03-18,Purchase,Purchase,174.1
1691,120,21,2024-10-11,purchase,Purchase,350.6
1692,341,19,2024-10-22,ProductPage,CLICK,337.5
1693,168,50,2024-12-07,Purchase,Purchase,124.1
1694,12,6,2024-07-05,Purchase,PURCHASE,585.7
1695,335,47,2023-02-19,Checkout,Drop-off,
1696,135,29,2024-02-13,Checkout,AddToCart,59.2
1697,227,6,2023-05-30,Homepage,VIEW,93.1
1698,465,1,2024-05-27,Checkout,Purchase,146.1
1699,113,8,2023-10-22,PURCHASE,Purchase,400.8
1700,261,33,2024-03-29,Purchase,Purchase,547.7
1701,228,7,2023-02-10,ProductPage,Drop-off,
1702,357,25,2023-08-17,Checkout,Purchase,434.2
1703,133,17,2023-12-07,ProductPage,Drop-off,
1704,79,19,2024-06-01,Homepage,View,435.5
1705,23,1,2024-09-09,ProductPage,View,318.5
1706,393,30,2024-04-26,ProductPage,DROP-OFF,
1707,229,1,2023-03-10,Checkout,ADDTOCART,399.6
1708,163,49,2023-08-14,productpage,Drop-off,
1709,409,37,2023-02-03,Purchase,Purchase,87.1
1710,357,5,2023-07-23,Homepage,VIEW,248.7
1711,328,19,2023-08-12,Purchase,Purchase,152.1
1712,361,5,2023-04-03,Checkout,Drop-off,
1713,323,47,2023-02-13,Homepage,View,533.6
1714,454,25,2024-01-06,Checkout,Drop-off,
1715,302,14,2024-09-04,Purchase,Purchase,263.6
1716,175,10,2023-09-18,HOMEPAGE,view,590.5
1717,27,10,2023-08-09,ProductPage,view,490.5
1718,416,17,2023-06-26,Purchase,Purchase,163.1
1719,380,43,2024-04-18,productpage,AddToCart,255.6
1720,120,39,2024-05-11,purchase,purchase,215.5
1721,234,22,2024-01-08,homepage,Drop-off,
1722,364,40,2024-03-20,Checkout,Drop-off,
1723,22,32,2023-08-13,Homepage,Click,135.8
1724,137,30,2024-09-05,Checkout,addtocart,140.4
1725,181,49,2023-10-25,Checkout,AddToCart,47.8
1726,385,18,2024-07-19,Checkout,Drop-off,
1727,291,35,2024-01-03,Checkout,Drop-off,
1728,86,36,2023-03-12,purchase,Purchase,190.8
1729,143,17,2023-05-16,Checkout,purchase,366.3
1730,209,4,2023-05-29,ProductPage,addtocart,542.4
1731,116,29,2024-10-25,ProductPage,VIEW,515.9
1732,12,22,2023-08-03,ProductPage,View,295.0
1733,323,47,2023-10-03,ProductPage,AddToCart,311.7
1734,350,45,2023-06-25,homepage,View,258.7
1735,354,45,2024-08-13,Homepage,click,350.0
1736,442,45,2023-04-25,Homepage,Click,458.6
1737,314,40,2023-07-21,purchase,purchase,33.3
1738,418,44,2023-01-26,purchase,PURCHASE,494.0
1739,499,47,2024-02-19,Homepage,DROP-OFF,
1740,456,4,2024-12-23,Checkout,Drop-off,
1741,354,45,2024-08-13,Homepage,click,350.0
1742,390,8,2023-09-04,Purchase,Purchase,289.9
1743,444,7,2024-10-07,homepage,Click,445.3
1744,51,23,2023-10-19,ProductPage,View,532.4
1745,302,40,2024-08-31,Checkout,Drop-off,
1746,241,25,2023-11-12,purchase,PURCHASE,312.7
1747,22,7,2023-08-05,Homepage,VIEW,166.8
1748,470,4,2024-06-25,Homepage,View,277.9
1749,41,47,2023-04-13,Homepage,View,172.1
1750,252,31,2023-05-21,ProductPage,view,18.9
1751,390,15,2023-08-31,Homepage,DROP-OFF,
1752,299,49,2023-04-13,Homepage,Click,326.0
1753,401,20,2023-11-23,ProductPage,View,260.8
1754,296,25,2023-02-12,Homepage,Click,252.0
1755,416,31,2024-01-15,Purchase,Purchase,332.1
1756,47,12,2023-09-24,Purchase,Purchase,391.9
1757,375,5,2024-12-01,Purchase,Purchase,576.0
1758,371,34,2023-07-30,ProductPage,View,525.4
1759,221,50,2023-06-17,checkout,Purchase,16.3
1760,413,33,2024-11-09,checkout,DROP-OFF,
1761,38,31,2024-08-22,Purchase,Purchase,137.5
1762,390,7,2024-11-02,Checkout,purchase,179.8
1763,48,9,2024-06-21,Homepage,View,206.9
1764,226,17,2024-01-14,productpage,View,587.0
1765,216,43,2024-11-11,Purchase,PURCHASE,150.0
1766,138,44,2023-01-26,ProductPage,Click,414.3
1767,464,45,2024-10-31,Homepage,Drop-off,
1768,140,43,2024-06-12,Checkout,Drop-off,
1769,402,46,2023-11-28,Purchase,Purchase,580.4
1770,115,22,2024-01-22,CHECKOUT,AddToCart,516.8
1771,245,5,2023-04-26,PURCHASE,Purchase,63.4
1772,94,15,2023-12-11,PRODUCTPAGE,VIEW,262.6
1773,144,6,2023-02-14,ProductPage,drop-off,
1774,333,23,2024-10-09,CHECKOUT,PURCHASE,165.8
1775,180,8,2024-12-24,productpage,Drop-off,
1776,462,21,2024-04-05,PURCHASE,Purchase,402.7
1777,341,4,2024-04-12,productpage,Drop-off,
1778,448,3,2023-07-11,purchase,purchase,227.7
1779,400,13,2023-12-17,CHECKOUT,PURCHASE,444.6
1780,422,19,2024-11-24,ProductPage,Click,181.2
1781,86,3,2023-09-26,Homepage,CLICK,537.7
1782,438,27,2024-05-21,ProductPage,Click,194.8
1783,322,26,2024-11-16,Checkout,AddToCart,154.5
1784,39,18,2023-07-14,HOMEPAGE,Click,300.6
1785,32,10,2024-12-14,Homepage,View,582.7
1786,103,13,2023-10-21,checkout,Drop-off,
1787,52,46,2024-05-12,ProductPage,Click,166.8
1788,292,34,2023-07-13,Purchase,Purchase,398.4
1789,361,9,2023-07-24,homepage,View,265.5
1790,143,21,2024-01-07,Homepage,Click,385.4
1791,34,45,2024-10-23,HOMEPAGE,View,61.7
1792,331,42,2024-11-03,Purchase,PURCHASE,578.0
1793,421,14,2024-02-22,Homepage,View,10.3
1794,78,41,2024-07-10,Purchase,Purchase,328.7
1795,7,48,2024-11-21,homepage,VIEW,421.9
1796,40,12,2023-04-13,PRODUCTPAGE,View,280.2
1797,139,27,2024-02-01,ProductPage,Click,68.9
1798,134,38,2024-10-23,purchase,Purchase,125.2
1799,389,44,2024-03-09,Checkout,Purchase,171.6
1800,274,35,2023-08-23,homepage,VIEW,49.0
1801,29,48,2023-03-14,Purchase,Purchase,151.6
1802,21,39,2024-04-20,PRODUCTPAGE,View,52.9
1803,469,17,2023-12-03,homepage,Click,302.8
1804,420,14,2023-08-28,Checkout,PURCHASE,42.7
1805,190,27,2023-10-14,Homepage,View,228.1
1806,393,19,2023-06-01,Purchase,Purchase,577.2
1807,113,17,2023-06-28,Checkout,Drop-off,
1808,88,15,2023-02-16,ProductPage,VIEW,173.9
1809,57,36,2024-10-10,HOMEPAGE,View,60.7
1810,460,36,2023-10-24,Checkout,Drop-off,
1811,424,3,2024-10-06,checkout,DROP-OFF,
1812,157,11,2023-09-24,PRODUCTPAGE,click,37.9
1813,35,20,2024-10-29,PRODUCTPAGE,drop-off,
1814,400,43,2023-10-31,Purchase,Purchase,95.7
1815,231,48,2024-03-22,checkout,drop-off,
1816,386,15,2023-01-02,Homepage,Click,545.3
1817,458,27,2023-05-28,Purchase,Purchase,118.4
1818,76,38,2023-02-01,homepage,Drop-off,
1819,286,24,2024-03-03,Purchase,purchase,535.6
1820,264,1,2024-08-06,ProductPage,CLICK,593.8
1821,297,23,2023-05-28,Homepage,view,253.1
1822,89,27,2023-04-13,Homepage,Click,190.2
1823,204,46,2024-08-23,Homepage,Click,499.6
1824,166,10,2023-01-30,homepage,Click,380.7
1825,163,34,2023-08-14,productpage,Click,330.4
1826,323,7,2024-04-05,Checkout,Purchase,487.9
1827,383,43,2024-12-20,Homepage,CLICK,82.8
1828,459,47,2023-10-02,Checkout,Drop-off,
1829,243,21,2023-06-04,Purchase,Purchase,544.4
1830,409,4,2024-09-13,Purchase,Purchase,197.0
1831,3,25,2023-01-18,productpage,View,147.9
1832,103,26,2023-12-03,HOMEPAGE,View,424.4
1833,346,25,2024-11-29,Checkout,AddToCart,419.8
1834,364,11,2023-08-18,Checkout,Drop-off,
1835,467,5,2024-01-22,purchase,purchase,431.4
1836,351,49,2023-11-04,Purchase,PURCHASE,547.6
1837,165,3,2023-06-07,PRODUCTPAGE,View,412.9
1838,218,6,2023-09-06,Purchase,Purchase,389.2
1839,22,2,2023-12-29,ProductPage,View,39.7
1840,344,50,2023-07-25,Purchase,purchase,563.9
1841,282,4,2023-12-29,CHECKOUT,Drop-off,
1842,110,15,2024-10-24,ProductPage,AddToCart,21.8
1843,40,1,2023-06-02,ProductPage,click,473.5
1844,217,6,2024-03-31,Purchase,PURCHASE,407.2
1845,9,1,2024-12-17,Homepage,view,592.7
1846,5,1,2024-11-21,ProductPage,Click,518.5
1847,281,34,2024-01-18,Homepage,View,432.9
1848,369,26,2024-09-02,Homepage,View,213.2
1849,62,23,2024-12-01,PRODUCTPAGE,Click,133.9
1850,55,17,2023-06-12,ProductPage,View,345.7
1851,319,32,2023-07-12,Checkout,AddToCart,119.7
1852,108,23,2023-09-05,Homepage,Click,585.5
1853,39,17,2023-12-04,Purchase,Purchase,91.3
1854,285,42,2023-05-09,Checkout,drop-off,
1855,185,6,2024-11-06,checkout,drop-off,
1856,216,13,2024-11-19,Checkout,purchase,235.1
1857,74,17,2024-03-23,Checkout,DROP-OFF,
1858,65,16,2023-05-16,Checkout,addtocart,225.7
1859,281,42,2023-01-03,productpage,Drop-off,
1860,50,47,2023-09-08,Purchase,Purchase,530.6
1861,112,41,2023-01-31,ProductPage,Click,326.5
1862,385,36,2023-01-07,productpage,View,391.8
1863,395,34,2024-08-19,Checkout,ADDTOCART,598.6
1864,291,6,2023-05-05,checkout,AddToCart,573.4
1865,33,23,2024-02-20,PURCHASE,Purchase,415.4
1866,134,15,2023-01-08,ProductPage,CLICK,537.4
1867,378,7,2024-07-20,HOMEPAGE,Drop-off,
1868,215,5,2024-02-03,Checkout,addtocart,566.4
1869,9,25,2023-02-14,Checkout,DROP-OFF,
1870,48,40,2023-11-30,PURCHASE,PURCHASE,571.3
1871,321,9,2023-05-15,ProductPage,VIEW,201.9
1872,27,39,2024-07-07,checkout,AddToCart,498.6
1873,219,19,2023-05-27,homepage,View,250.8
1874,6,36,2024-09-03,ProductPage,View,201.0
1875,425,47,2023-02-10,CHECKOUT,Purchase,269.6
1876,52,1,2023-03-04,Checkout,Drop-off,
1877,454,9,2024-08-28,HOMEPAGE,drop-off,
1878,266,38,2024-11-04,ProductPage,view,516.6
1879,350,44,2024-01-01,Homepage,Click,511.3
1880,179,24,2023-05-23,checkout,Purchase,559.5
1881,315,27,2023-04-08,Homepage,Click,26.7
1882,148,5,2023-10-29,Homepage,click,82.8
1883,366,48,2023-02-18,PURCHASE,purchase,532.7
1884,197,47,2024-06-07,ProductPage,click,548.2
1885,159,36,2023-03-31,Purchase,Purchase,561.1
1886,293,47,2023-09-14,Purchase,Purchase,395.2
1887,346,6,2023-06-03,HOMEPAGE,View,126.6
1888,409,19,2023-10-24,PRODUCTPAGE,view,438.9
1889,300,44,2024-06-07,Homepage,Click,580.7
1890,310,38,2024-06-21,ProductPage,Drop-off,
1891,269,45,2024-01-13,Homepage,Click,424.2
1892,298,8,2024-11-18,ProductPage,VIEW,449.5
1893,149,32,2023-01-25,Purchase,Purchase,357.9
1894,100,49,2023-07-07,Homepage,Click,34.4
1895,404,31,2023-04-12,Homepage,CLICK,471.8
1896,338,44,2023-08-07,ProductPage,View,490.7
1897,177,23,2023-09-12,Checkout,Purchase,594.7
1898,172,35,2024-04-03,Homepage,Click,53.0
1899,48,21,2023-02-26,ProductPage,CLICK,174.0
1900,278,43,2023-10-29,Purchase,Purchase,459.1
1901,181,13,2024-11-12,PRODUCTPAGE,Click,158.7
1902,305,33,2024-08-21,PURCHASE,PURCHASE,59.3
1903,216,12,2023-06-17,Purchase,purchase,284.3
1904,403,49,2024-06-26,Homepage,Click,275.1
1905,37,15,2023-10-10,ProductPage,drop-off,
1906,245,9,2023-11-19,purchase,Purchase,514.5
1907,404,36,2023-07-01,purchase,Purchase,31.1
1908,110,44,2023-06-08,ProductPage,AddToCart,469.7
1909,485,26,2024-10-29,Homepage,Drop-off,
1910,257,34,2023-07-02,CHECKOUT,Purchase,500.7
1911,274,27,2023-05-12,ProductPage,CLICK,13.0
1912,7,26,2023-02-04,Homepage,VIEW,264.7
1913,470,14,2024-06-08,Purchase,Purchase,419.3
1914,408,46,2024-04-03,Homepage,View,265.0
1915,73,48,2023-12-31,Homepage,view,282.3
1916,23,15,2023-07-30,Purchase,Purchase,40.8
1917,456,2,2023-11-17,Homepage,View,322.2
1918,63,33,2024-07-01,Purchase,Purchase,372.5
1919,400,19,2023-06-11,Checkout,AddToCart,350.5
1920,412,11,2023-12-11,ProductPage,CLICK,69.4
1921,97,10,2024-06-13,productpage,drop-off,
1922,216,29,2024-10-22,Homepage,VIEW,147.1
1923,191,26,2023-02-15,ProductPage,View,530.3
1924,8,3,2024-01-26,ProductPage,Drop-off,
1925,83,38,2023-09-19,homepage,View,100.7
1926,359,2,2024-02-20,Purchase,Purchase,35.6
1927,58,27,2024-12-27,Purchase,Purchase,540.9
1928,344,9,2023-06-19,Homepage,Drop-off,
1929,236,16,2024-12-01,PURCHASE,purchase,584.0
1930,233,46,2023-05-10,Checkout,AddToCart,525.1
1931,496,39,2023-02-05,homepage,Click,336.1
1932,383,1,2023-11-15,Checkout,Drop-off,
1933,350,27,2023-03-20,Homepage,Drop-off,
1934,473,30,2024-09-16,productpage,AddToCart,173.4
1935,321,33,2023-03-25,PRODUCTPAGE,Drop-off,
1936,290,24,2024-09-18,Checkout,Drop-off,
1937,242,17,2024-10-30,Homepage,View,533.9
1938,53,35,2023-10-31,homepage,Click,548.2
1939,279,32,2023-12-19,Checkout,Purchase,139.2
1940,102,31,2024-11-12,Checkout,AddToCart,412.2
1941,457,50,2024-08-26,Checkout,AddToCart,224.7
1942,276,17,2023-07-08,Homepage,Click,469.7
1943,42,32,2023-12-07,ProductPage,Click,133.5
1944,361,47,2024-07-09,Purchase,PURCHASE,531.4
1945,248,48,2023-03-08,ProductPage,AddToCart,332.5
1946,233,2,2023-01-09,Checkout,ADDTOCART,340.4
1947,6,43,2023-09-02,ProductPage,AddToCart,344.2
1948,362,22,2024-06-06,CHECKOUT,Drop-off,
1949,356,44,2023-03-19,purchase,Purchase,288.2
1950,363,31,2024-06-10,Homepage,Drop-off,
1951,351,15,2023-08-18,Purchase,purchase,205.1
1952,22,43,2023-05-18,ProductPage,Click,103.5
1953,43,45,2023-07-14,PURCHASE,Purchase,472.4
1954,308,16,2024-02-20,ProductPage,View,498.1
1955,281,17,2023-12-19,Checkout,addtocart,303.1
1956,314,40,2023-10-01,ProductPage,Click,56.9
1957,139,46,2023-05-15,Homepage,View,583.6
1958,263,28,2024-03-15,productpage,view,354.2
1959,387,27,2023-03-07,Homepage,click,53.0
1960,315,42,2023-04-19,purchase,Purchase,53.0
1961,481,40,2024-06-05,purchase,PURCHASE,455.1
1962,9,41,2024-01-04,homepage,Drop-off,
1963,191,4,2024-06-06,Homepage,View,15.2
1964,295,44,2023-08-23,homepage,Click,515.2
1965,156,24,2023-05-29,Checkout,purchase,275.3
1966,402,28,2023-05-04,Purchase,PURCHASE,406.1
1967,38,11,2024-03-12,PURCHASE,Purchase,480.8
1968,457,33,2023-01-08,Purchase,Purchase,49.8
1969,484,48,2023-08-04,Purchase,Purchase,373.1
1970,413,25,2023-03-26,homepage,Click,485.6
1971,338,40,2024-01-08,Purchase,purchase,250.8
1972,296,18,2023-05-15,Checkout,Purchase,561.4
1973,270,25,2024-12-01,ProductPage,Click,451.4
1974,162,47,2024-01-20,Homepage,Click,202.7
1975,32,16,2023-08-07,ProductPage,AddToCart,363.9
1976,274,43,2023-07-10,ProductPage,Click,11.0
1977,246,6,2024-05-22,productpage,Click,346.1
1978,66,44,2023-11-04,ProductPage,Click,55.2
1979,351,34,2023-10-13,productpage,Drop-off,
1980,79,32,2024-02-27,Purchase,Purchase,386.2
1981,220,16,2024-09-24,ProductPage,AddToCart,77.9
1982,112,27,2023-03-27,Homepage,Click,551.9
1983,79,2,2024-11-09,Purchase,Purchase,12.7
1984,217,43,2023-11-19,productpage,VIEW,255.3
1985,80,43,2023-10-08,homepage,CLICK,154.8
1986,144,25,2023-03-03,Homepage,Click,148.7
1987,295,1,2024-10-29,productpage,AddToCart,73.1
1988,50,25,2024-05-18,CHECKOUT,Purchase,130.6
1989,285,32,2023-07-25,ProductPage,Click,75.7
1990,372,49,2024-06-25,PRODUCTPAGE,Click,501.8
1991,430,24,2023-08-04,Purchase,Purchase,277.7
1992,60,37,2024-01-12,PRODUCTPAGE,Drop-off,
1993,308,5,2023-01-16,Checkout,Drop-off,
1994,452,36,2024-05-05,Homepage,View,389.2
1995,387,25,2024-01-26,Checkout,Drop-off,
1996,81,44,2023-11-08,HOMEPAGE,View,429.6
1997,61,40,2024-09-25,Purchase,Purchase,168.3
1998,365,11,2023-05-07,Homepage,View,319.1
1999,318,19,2024-10-30,PRODUCTPAGE,View,362.7
2000,80,4,2024-10-19,Homepage,Click,243.9
2001,53,19,2023-10-03,productpage,AddToCart,98.9
2002,148,24,2024-04-30,ProductPage,AddToCart,261.8
2003,492,4,2023-09-09,PRODUCTPAGE,Drop-off,
2004,321,43,2023-04-15,Checkout,AddToCart,244.1
2005,295,18,2024-02-05,ProductPage,DROP-OFF,
2006,428,16,2023-06-15,Purchase,Purchase,295.5
2007,50,31,2024-05-19,ProductPage,view,94.1
2008,418,50,2023-09-22,Checkout,PURCHASE,396.5
2009,254,11,2024-09-10,Purchase,Purchase,543.4
2010,129,12,2024-11-06,CHECKOUT,Purchase,316.8
2011,34,33,2024-05-20,ProductPage,click,577.5
2012,426,43,2023-08-06,Checkout,drop-off,
2013,330,8,2023-11-30,Checkout,AddToCart,29.9
2014,212,42,2024-06-08,ProductPage,view,124.7
2015,224,17,2023-12-23,PRODUCTPAGE,View,103.3
2016,203,7,2023-12-29,ProductPage,Drop-off,
2017,352,14,2024-12-31,purchase,purchase,161.2
2018,211,14,2023-02-13,ProductPage,Click,353.1
2019,337,47,2023-06-03,purchase,Purchase,573.6
2020,151,43,2024-06-30,Purchase,Purchase,194.6
2021,311,25,2023-06-10,ProductPage,Click,248.5
2022,327,47,2023-06-28,PURCHASE,PURCHASE,227.2
2023,53,34,2024-10-06,ProductPage,ADDTOCART,208.7
2024,122,29,2024-02-02,Homepage,DROP-OFF,
2025,472,11,2023-04-15,ProductPage,View,539.3
2026,313,41,2024-03-18,Homepage,View,511.5
2027,380,32,2024-11-14,ProductPage,drop-off,
2028,326,2,2024-06-08,checkout,AddToCart,104.8
2029,158,46,2023-11-19,Homepage,VIEW,229.2
2030,462,29,2023-10-28,ProductPage,View,415.2
2031,449,1,2023-01-04,Purchase,Purchase,406.7
2032,444,6,2024-07-31,productpage,CLICK,526.0
2033,142,17,2024-10-17,checkout,PURCHASE,59.0
2034,86,13,2024-09-27,purchase,purchase,49.5
2035,328,7,2023-11-03,ProductPage,ADDTOCART,296.2
2036,491,15,2024-08-01,Purchase,Purchase,528.3
2037,133,37,2023-10-09,Homepage,Click,140.4
2038,399,28,2024-11-16,Homepage,View,204.1
2039,51,15,2023-09-10,Homepage,Drop-off,
2040,94,29,2023-11-18,Checkout,Drop-off,
2041,40,20,2024-09-10,HOMEPAGE,Drop-off,
2042,35,37,2024-08-21,Checkout,DROP-OFF,
2043,247,50,2024-02-09,Checkout,purchase,16.2
2044,343,38,2024-09-01,CHECKOUT,DROP-OFF,
2045,436,46,2023-11-08,Purchase,Purchase,270.7
2046,434,16,2023-07-01,Homepage,View,459.7
2047,15,46,2024-12-18,Checkout,Drop-off,
2048,452,21,2024-05-31,Purchase,Purchase,418.6
2049,374,19,2024-09-02,HOMEPAGE,DROP-OFF,
2050,101,38,2024-03-29,Purchase,Purchase,227.3
2051,441,27,2024-02-05,ProductPage,Drop-off,
2052,280,17,2024-09-19,PURCHASE,Purchase,265.1
2053,126,47,2024-01-23,Checkout,DROP-OFF,
2054,377,26,2023-11-18,Homepage,VIEW,306.4
2055,12,45,2024-08-31,PRODUCTPAGE,View,529.9
2056,115,17,2024-09-14,checkout,Drop-off,
2057,245,43,2024-05-16,checkout,Purchase,165.6
2058,97,50,2024-09-19,ProductPage,Drop-off,
2059,79,19,2024-05-02,Checkout,AddToCart,431.6
2060,98,34,2024-11-30,purchase,Purchase,177.0
2061,121,47,2024-03-31,checkout,PURCHASE,145.7
2062,106,7,2024-08-24,productpage,Click,333.2
2063,275,21,2023-04-18,productpage,AddToCart,336.9
2064,350,38,2024-05-20,productpage,ADDTOCART,78.5
2065,236,3,2024-06-07,ProductPage,CLICK,461.0
2066,24,5,2023-09-25,CHECKOUT,AddToCart,448.7
2067,293,39,2023-09-25,checkout,purchase,337.4
2068,217,12,2023-06-09,Homepage,View,62.1
2069,184,33,2023-11-04,PRODUCTPAGE,Drop-off,
2070,352,28,2023-06-07,Homepage,Drop-off,
2071,381,40,2023-02-21,Homepage,click,181.9
2072,395,16,2023-12-14,Purchase,PURCHASE,518.6
2073,395,44,2024-12-16,Homepage,CLICK,191.2
2074,308,1,2023-01-10,homepage,CLICK,60.1
2075,300,45,2024-07-13,ProductPage,Click,277.7
2076,1,20,2023-03-05,PRODUCTPAGE,Drop-off,
2077,132,40,2024-03-15,Purchase,Purchase,59.2
2078,337,28,2023-05-20,homepage,VIEW,537.2
2079,92,32,2024-12-05,productpage,View,582.7
2080,464,6,2024-08-17,Purchase,Purchase,301.7
2081,473,14,2023-01-16,purchase,Purchase,500.1
2082,81,43,2024-01-29,Purchase,Purchase,419.4
2083,347,39,2024-08-25,Purchase,Purchase,81.2
2084,142,43,2024-04-02,Homepage,Click,19.8
2085,396,1,2023-04-08,Checkout,Drop-off,
2086,416,24,2024-09-20,ProductPage,Click,211.6
2087,219,14,2023-12-22,Homepage,click,265.4
2088,63,24,2023-02-25,Homepage,Drop-off,
2089,328,33,2024-02-08,Homepage,view,592.1
2090,153,40,2024-11-17,Purchase,Purchase,341.0
2091,321,16,2024-06-13,checkout,purchase,253.6
2092,58,42,2024-11-06,Purchase,PURCHASE,102.7
2093,279,15,2023-01-26,Checkout,Purchase,331.2
2094,41,41,2024-04-28,ProductPage,View,476.8
2095,81,20,2024-08-04,Checkout,drop-off,
2096,303,43,2024-11-04,Homepage,Click,540.4
2097,300,11,2024-12-27,purchase,Purchase,70.8
2098,255,6,2023-03-27,Checkout,Drop-off,
2099,457,38,2024-10-06,Purchase,Purchase,492.3
2100,234,38,2024-08-12,purchase,Purchase,153.7
2101,138,9,2023-03-16,ProductPage,CLICK,397.5
2102,449,30,2023-01-16,ProductPage,View,558.8
2103,386,50,2024-07-22,Purchase,Purchase,252.4
2104,81,39,2024-12-15,CHECKOUT,AddToCart,268.0
2105,291,23,2023-10-23,Homepage,Drop-off,
2106,243,3,2024-10-23,ProductPage,CLICK,326.8
2107,33,24,2024-05-31,Checkout,AddToCart,12.6
2108,22,8,2024-09-24,homepage,Click,556.1
2109,470,35,2023-03-19,Checkout,purchase,504.3
2110,136,10,2023-01-24,Purchase,Purchase,191.8
2111,9,37,2024-03-21,PRODUCTPAGE,Click,273.6
2112,297,35,2024-04-20,PRODUCTPAGE,AddToCart,591.3
2113,427,9,2024-10-11,Purchase,Purchase,31.5
2114,145,12,2023-04-13,homepage,View,379.0
2115,204,44,2024-01-22,Homepage,View,113.3
2116,333,4,2023-11-27,purchase,Purchase,81.8
2117,194,35,2024-08-04,Purchase,Purchase,473.1
2118,444,33,2023-07-06,purchase,PURCHASE,311.4
2119,398,14,2023-03-02,Homepage,Click,512.2
2120,15,36,2023-01-28,Purchase,Purchase,545.0
2121,153,10,2024-02-02,HOMEPAGE,View,224.7
2122,433,38,2023-11-19,CHECKOUT,Drop-off,
2123,344,24,2023-09-25,checkout,Purchase,325.7
2124,345,1,2023-02-13,Purchase,PURCHASE,550.2
2125,371,48,2023-06-29,ProductPage,drop-off,
2126,74,10,2024-08-26,Purchase,PURCHASE,534.5
2127,110,8,2024-08-23,productpage,Click,490.8
2128,15,12,2023-07-18,CHECKOUT,Drop-off,
2129,440,22,2023-04-13,Purchase,Purchase,509.3
2130,232,29,2024-02-02,Purchase,Purchase,245.3
2131,389,20,2024-09-01,ProductPage,Click,190.4
2132,255,48,2024-10-31,Homepage,View,10.1
2133,2,40,2024-03-31,productpage,View,330.4
2134,497,4,2023-05-21,Purchase,Purchase,188.5
2135,306,32,2024-08-12,Purchase,Purchase,594.1
2136,447,45,2023-08-03,PRODUCTPAGE,Click,259.5
2137,106,13,2024-02-25,HOMEPAGE,View,177.0
2138,6,8,2023-12-12,Checkout,Purchase,366.2
2139,211,28,2023-02-02,Homepage,Drop-off,
2140,249,46,2024-03-24,Checkout,Drop-off,
2141,453,41,2023-05-12,Homepage,View,556.5
2142,206,37,2023-04-21,ProductPage,View,126.4
2143,223,23,2024-01-24,Checkout,Drop-off,
2144,360,2,2024-09-27,Purchase,purchase,144.9
2145,265,20,2023-02-16,Purchase,Purchase,16.1
2146,390,22,2023-05-03,Homepage,Click,326.9
2147,161,21,2024-11-27,homepage,View,480.9
2148,175,26,2024-11-03,ProductPage,VIEW,371.3
2149,92,43,2024-08-03,Homepage,View,597.0
2150,227,45,2023-11-17,Checkout,Purchase,252.1
2151,351,18,2024-10-05,Homepage,Click,241.1
2152,418,50,2023-07-27,Homepage,View,541.6
2153,116,46,2024-09-15,ProductPage,View,582.8
2154,360,19,2023-12-19,Purchase,purchase,362.7
2155,330,20,2023-12-07,PRODUCTPAGE,Drop-off,
2156,417,45,2024-08-28,purchase,Purchase,474.5
2157,298,20,2024-06-02,Checkout,Drop-off,
2158,377,14,2024-12-12,Homepage,View,405.6
2159,332,46,2023-10-30,PURCHASE,PURCHASE,455.0
2160,26,46,2023-07-26,ProductPage,View,283.3
2161,189,30,2024-04-28,PRODUCTPAGE,click,329.1
2162,65,3,2023-12-05,Homepage,Drop-off,
2163,184,18,2023-07-27,Checkout,AddToCart,90.5
2164,210,2,2024-12-05,ProductPage,AddToCart,126.1
2165,430,33,2024-12-30,Checkout,AddToCart,452.4
2166,273,44,2024-11-26,PRODUCTPAGE,Drop-off,
2167,320,50,2024-10-13,ProductPage,view,557.6
2168,463,43,2023-11-28,Checkout,addtocart,235.9
2169,498,5,2023-06-19,purchase,Purchase,469.8
2170,31,20,2023-12-10,homepage,click,328.5
2171,130,31,2024-12-19,ProductPage,View,258.3
2172,474,14,2024-05-31,Purchase,Purchase,269.4
2173,93,40,2023-08-27,Checkout,Drop-off,
2174,405,24,2023-04-02,Checkout,Drop-off,
2175,483,47,2023-07-04,Checkout,AddToCart,242.6
2176,467,17,2023-08-21,ProductPage,View,389.3
2177,202,41,2023-11-22,Purchase,Purchase,134.6
2178,211,15,2024-11-06,ProductPage,Click,420.5
2179,65,34,2024-01-15,CHECKOUT,Purchase,331.2
2180,31,38,2023-05-01,ProductPage,View,53.3
2181,359,2,2023-06-19,Checkout,Drop-off,
2182,240,47,2024-04-14,Checkout,AddToCart,518.0
2183,208,49,2023-09-15,Purchase,PURCHASE,84.5
2184,299,18,2024-06-07,Purchase,Purchase,262.3
2185,43,12,2024-03-30,Homepage,View,112.1
2186,280,28,2024-09-23,ProductPage,AddToCart,334.2
2187,31,44,2024-01-18,HOMEPAGE,View,12.8
2188,44,9,2023-04-09,Homepage,Click,335.4
2189,18,33,2023-09-17,Purchase,purchase,390.6
2190,263,15,2023-11-17,Checkout,Drop-off,
2191,298,46,2024-03-07,ProductPage,AddToCart,596.4
2192,211,35,2024-08-13,Checkout,AddToCart,227.5
2193,370,27,2023-04-20,Checkout,DROP-OFF,
2194,455,31,2024-08-11,Checkout,drop-off,
2195,279,35,2024-10-01,homepage,Drop-off,
2196,119,14,2024-11-28,ProductPage,ADDTOCART,314.6
2197,436,26,2024-01-05,PURCHASE,Purchase,487.3
2198,344,49,2023-01-12,Checkout,AddToCart,30.3
2199,246,36,2024-09-03,Checkout,DROP-OFF,
2200,328,48,2023-08-27,Homepage,VIEW,192.2
2201,103,21,2024-03-29,Checkout,ADDTOCART,137.8
2202,168,25,2023-10-15,ProductPage,ADDTOCART,405.7
2203,175,26,2024-11-03,ProductPage,VIEW,371.3
2204,43,48,2023-01-09,ProductPage,Click,582.3
2205,215,36,2024-05-24,Purchase,purchase,236.9
2206,491,1,2024-09-01,CHECKOUT,Purchase,194.6
2207,302,17,2023-11-18,Homepage,view,410.9
2208,429,43,2024-11-16,homepage,View,440.1
2209,319,28,2023-03-18,Checkout,Purchase,279.1
2210,399,3,2024-11-01,Purchase,Purchase,130.5
2211,357,16,2024-05-05,Checkout,DROP-OFF,
2212,184,18,2023-07-27,Checkout,AddToCart,90.5
2213,15,7,2024-11-10,Homepage,Drop-off,
2214,496,31,2024-05-24,PRODUCTPAGE,View,224.9
2215,80,46,2024-05-14,productpage,DROP-OFF,
2216,332,29,2024-04-16,homepage,Drop-off,
2217,11,1,2024-02-07,Purchase,purchase,509.4
2218,208,26,2023-09-23,Homepage,View,35.8
2219,325,22,2023-12-31,ProductPage,AddToCart,512.0
2220,468,49,2024-02-17,ProductPage,Click,189.8
2221,120,21,2023-10-02,HOMEPAGE,CLICK,403.4
2222,385,19,2024-07-23,PURCHASE,Purchase,327.2
2223,368,27,2023-09-27,ProductPage,AddToCart,75.4
2224,323,4,2023-04-13,Checkout,ADDTOCART,77.1
2225,204,15,2023-08-21,ProductPage,click,457.0
2226,27,30,2023-07-21,CHECKOUT,AddToCart,125.7
2227,483,30,2023-02-21,ProductPage,drop-off,
2228,488,42,2023-11-03,Checkout,Drop-off,
2229,254,36,2024-09-19,homepage,Drop-off,
2230,4,28,2023-10-24,HOMEPAGE,Click,298.7
2231,14,26,2024-02-23,Purchase,Purchase,161.1
2232,346,35,2023-08-10,Purchase,purchase,488.8
2233,425,36,2023-10-16,Checkout,Purchase,586.5
2234,426,28,2024-03-05,Purchase,Purchase,111.3
2235,217,21,2024-03-26,ProductPage,CLICK,592.6
2236,354,22,2024-07-02,homepage,view,198.3
2237,105,41,2024-10-10,Purchase,Purchase,69.2
2238,39,20,2023-08-16,ProductPage,View,316.6
2239,164,15,2024-08-24,ProductPage,View,92.5
2240,414,42,2023-06-30,Purchase,Purchase,210.6
2241,260,15,2024-07-17,Purchase,Purchase,280.9
2242,84,27,2023-06-07,Checkout,Drop-off,
2243,485,2,2024-11-07,Homepage,Click,579.9
2244,141,1,2023-04-11,PURCHASE,Purchase,571.6
2245,474,9,2023-07-14,ProductPage,Click,263.4
2246,338,17,2023-11-11,Purchase,Purchase,546.3
2247,401,31,2023-03-23,Checkout,Purchase,308.1
2248,239,42,2024-06-16,Checkout,drop-off,
2249,369,47,2024-11-08,Checkout,Drop-off,
2250,338,20,2024-02-08,Homepage,Drop-off,
2251,238,45,2023-02-02,checkout,AddToCart,167.2
2252,251,47,2024-10-22,purchase,PURCHASE,139.1
2253,408,11,2023-03-19,Checkout,DROP-OFF,
2254,173,20,2023-11-27,productpage,Drop-off,
2255,9,3,2024-08-18,ProductPage,Click,39.4
2256,218,10,2023-10-19,checkout,Purchase,575.5
2257,236,49,2023-10-24,ProductPage,View,122.7
2258,398,46,2024-08-25,Homepage,VIEW,178.7
2259,199,15,2023-12-23,homepage,view,45.1
2260,205,29,2024-12-12,PRODUCTPAGE,view,28.8
2261,270,17,2024-08-24,Checkout,drop-off,
2262,212,26,2024-03-17,homepage,click,138.3
2263,73,9,2023-07-29,Purchase,Purchase,295.0
2264,203,1,2024-04-01,homepage,Drop-off,
2265,153,11,2023-07-23,Checkout,Drop-off,
2266,189,14,2024-10-23,productpage,Drop-off,
2267,485,18,2023-01-01,checkout,PURCHASE,67.4
2268,16,19,2023-05-04,productpage,View,159.5
2269,46,29,2023-11-12,Checkout,Purchase,318.8
2270,200,31,2023-01-17,CHECKOUT,Drop-off,
2271,183,21,2024-07-01,Purchase,Purchase,580.2
2272,119,23,2024-10-13,ProductPage,VIEW,413.4
2273,414,10,2023-04-15,Homepage,View,435.5
2274,230,1,2024-10-27,homepage,Drop-off,
2275,170,43,2024-03-26,checkout,AddToCart,374.0
2276,262,32,2024-04-02,Homepage,View,95.5
2277,281,30,2023-06-22,PURCHASE,Purchase,329.0
2278,458,2,2024-05-18,CHECKOUT,DROP-OFF,
2279,274,25,2023-07-12,Purchase,Purchase,276.4
2280,491,8,2024-11-14,Homepage,View,51.5
2281,218,19,2023-02-09,Homepage,VIEW,90.8
2282,20,49,2024-08-29,Checkout,PURCHASE,135.2
2283,199,2,2023-12-16,Checkout,AddToCart,510.7
2284,163,9,2024-05-11,Homepage,CLICK,291.1
2285,80,49,2023-03-29,Homepage,Click,97.1
2286,64,2,2024-09-22,Checkout,Drop-off,
2287,179,44,2023-08-04,Checkout,Drop-off,
2288,24,45,2024-04-23,Purchase,purchase,545.1
2289,435,20,2024-01-26,Homepage,View,495.5
2290,469,6,2023-02-09,ProductPage,AddToCart,410.1
2291,29,33,2024-11-21,Checkout,Drop-off,
2292,439,10,2024-02-04,Purchase,Purchase,172.6
2293,442,4,2023-12-06,HOMEPAGE,View,98.9
2294,43,31,2024-08-08,Homepage,Click,266.3
2295,426,25,2024-03-25,checkout,Drop-off,
2296,229,25,2024-05-02,Checkout,drop-off,
2297,324,25,2023-06-10,Checkout,Drop-off,
2298,173,29,2024-01-06,ProductPage,Drop-off,
2299,417,17,2023-12-30,checkout,Drop-off,
2300,232,33,2024-10-24,Purchase,Purchase,204.4
2301,385,5,2023-10-24,purchase,purchase,347.7
2302,130,37,2024-05-25,Homepage,view,517.8
2303,5,1,2024-11-21,ProductPage,Click,518.5
2304,493,7,2023-12-30,checkout,Drop-off,
2305,189,30,2023-06-01,Purchase,Purchase,360.4
2306,372,41,2024-04-30,PURCHASE,PURCHASE,343.6
2307,187,25,2023-06-03,PRODUCTPAGE,Drop-off,
2308,63,1,2023-11-23,Homepage,Click,199.7
2309,263,48,2023-10-12,ProductPage,drop-off,
2310,91,12,2023-12-25,Purchase,Purchase,584.2
2311,185,44,2023-11-17,purchase,Purchase,457.3
2312,210,41,2024-05-22,Homepage,Click,335.5
2313,223,12,2023-11-20,Homepage,View,251.1
2314,376,1,2023-04-07,productpage,Click,190.1
2315,326,2,2023-07-09,ProductPage,Drop-off,
2316,437,27,2023-08-05,ProductPage,AddToCart,515.2
2317,176,27,2024-08-06,Purchase,PURCHASE,116.4
2318,141,1,2024-09-19,Checkout,AddToCart,328.1
2319,125,14,2023-06-24,HOMEPAGE,View,558.1
2320,105,19,2023-07-07,ProductPage,Drop-off,
2321,424,20,2023-12-23,Purchase,Purchase,79.3
2322,80,9,2024-02-17,HOMEPAGE,View,39.3
2323,128,12,2023-03-28,Homepage,View,536.7
2324,278,3,2024-01-03,Purchase,PURCHASE,446.3
2325,38,9,2024-06-11,PURCHASE,Purchase,247.4
2326,41,50,2023-02-27,checkout,Purchase,522.0
2327,315,19,2023-04-02,ProductPage,Drop-off,
2328,456,36,2023-08-18,ProductPage,Click,574.0
2329,63,26,2024-08-06,ProductPage,addtocart,516.1
2330,412,20,2024-09-16,Purchase,Purchase,165.6
2331,47,42,2024-07-11,Purchase,PURCHASE,227.9
2332,128,44,2024-09-15,purchase,Purchase,591.9
2333,164,17,2023-04-18,HOMEPAGE,View,54.3
2334,270,28,2023-04-12,Purchase,Purchase,98.1
2335,469,3,2024-04-20,productpage,click,300.4
2336,321,14,2023-11-13,purchase,Purchase,216.3
2337,233,14,2024-08-04,Checkout,Drop-off,
2338,87,44,2023-02-06,Checkout,Purchase,598.1
2339,260,27,2024-04-05,Purchase,PURCHASE,91.5
2340,482,20,2024-06-28,Homepage,VIEW,208.2
2341,395,22,2024-12-05,checkout,Drop-off,
2342,317,29,2024-07-04,Homepage,Drop-off,
2343,146,42,2024-10-31,ProductPage,View,485.7
2344,421,44,2024-06-05,ProductPage,Drop-off,
2345,68,6,2024-12-16,Purchase,Purchase,390.2
2346,196,42,2024-10-19,purchase,Purchase,78.3
2347,208,2,2024-01-18,Checkout,purchase,550.5
2348,385,5,2024-05-19,Purchase,Purchase,388.7
2349,167,20,2024-10-13,Homepage,Click,445.8
2350,83,11,2023-01-19,Homepage,view,109.4
2351,88,21,2024-02-03,productpage,CLICK,323.7
2352,332,8,2023-11-12,Purchase,PURCHASE,223.0
2353,278,31,2024-05-19,Homepage,click,127.0
2354,479,11,2024-06-07,Purchase,Purchase,477.0
2355,30,11,2023-12-15,purchase,Purchase,576.4
2356,51,10,2024-02-21,Checkout,Purchase,58.4
2357,429,3,2023-03-25,Homepage,Drop-off,
2358,305,27,2024-10-27,Purchase,Purchase,157.1
2359,150,48,2024-07-09,ProductPage,View,571.9
2360,214,44,2024-10-30,checkout,drop-off,
2361,156,45,2024-03-25,ProductPage,DROP-OFF,
2362,87,14,2024-05-16,ProductPage,view,318.8
2363,296,25,2023-01-24,ProductPage,Drop-off,
2364,410,32,2023-01-17,PURCHASE,Purchase,159.1
2365,92,3,2023-07-26,Homepage,Click,503.4
2366,380,7,2024-06-11,Homepage,Click,179.1
2367,12,11,2023-02-15,HOMEPAGE,Click,507.0
2368,68,9,2024-03-25,Purchase,PURCHASE,420.3
2369,380,49,2024-12-14,Homepage,click,547.0
2370,487,18,2023-02-18,Homepage,Click,226.8
2371,227,45,2023-12-20,purchase,PURCHASE,59.7
2372,212,39,2024-12-17,Checkout,Drop-off,
2373,51,48,2024-09-29,Purchase,Purchase,193.6
2374,320,30,2024-08-31,ProductPage,VIEW,213.5
2375,210,27,2024-06-01,ProductPage,click,540.9
2376,24,7,2024-06-17,checkout,AddToCart,133.8
2377,57,43,2024-01-24,HOMEPAGE,Click,388.4
2378,458,30,2023-05-20,Purchase,Purchase,126.0
2379,73,30,2024-10-23,Purchase,Purchase,116.1
2380,381,50,2023-06-09,Homepage,View,82.6
2381,170,7,2023-01-04,PURCHASE,Purchase,502.9
2382,353,22,2024-01-30,purchase,Purchase,160.3
2383,353,32,2024-03-02,ProductPage,view,86.3
2384,52,43,2024-06-16,checkout,Drop-off,
2385,362,5,2023-07-17,Purchase,Purchase,385.4
2386,213,27,2024-03-21,HOMEPAGE,view,550.0
2387,421,7,2024-04-08,Purchase,Purchase,17.3
2388,439,45,2023-05-26,ProductPage,CLICK,260.6
2389,371,5,2024-06-24,Checkout,Drop-off,
2390,57,21,2024-07-03,Homepage,VIEW,596.1
2391,17,21,2023-05-26,homepage,Click,277.6
2392,350,18,2023-07-15,productpage,drop-off,
2393,432,36,2023-03-08,Checkout,PURCHASE,204.2
2394,85,4,2023-08-31,Homepage,View,210.0
2395,272,39,2023-05-24,Checkout,DROP-OFF,
2396,16,22,2024-01-15,Homepage,VIEW,557.4
2397,404,8,2024-07-11,Homepage,Click,382.2
2398,138,23,2024-03-14,Checkout,Drop-off,
2399,127,26,2023-06-17,Purchase,purchase,25.7
2400,467,23,2024-09-12,ProductPage,AddToCart,31.7
2401,417,14,2023-07-10,ProductPage,view,163.0
2402,279,23,2023-11-28,Purchase,purchase,549.5
2403,39,6,2024-11-15,ProductPage,DROP-OFF,
2404,273,34,2024-02-08,ProductPage,view,182.8
2405,199,20,2023-05-14,ProductPage,Drop-off,
2406,335,18,2023-09-11,Homepage,Click,251.8
2407,405,15,2024-05-11,Checkout,purchase,541.7
2408,78,3,2023-11-26,PURCHASE,Purchase,133.4
2409,474,9,2023-01-27,Homepage,Drop-off,
2410,38,31,2024-08-22,Purchase,Purchase,137.5
2411,65,40,2023-08-17,ProductPage,DROP-OFF,
2412,292,48,2024-04-19,Purchase,Purchase,235.2
2413,304,36,2023-09-10,Purchase,Purchase,200.1
2414,11,34,2024-05-04,Homepage,view,211.0
2415,4,45,2024-09-07,Checkout,PURCHASE,63.6
2416,430,37,2023-08-27,Homepage,Click,209.3
2417,203,36,2023-02-20,Checkout,AddToCart,36.4
2418,102,16,2023-11-28,CHECKOUT,Drop-off,
2419,38,31,2024-08-31,ProductPage,View,55.5
2420,302,40,2023-03-02,Purchase,Purchase,501.0
2421,390,3,2023-02-14,CHECKOUT,Drop-off,
2422,81,7,2024-12-06,checkout,Drop-off,
2423,125,8,2024-06-11,PRODUCTPAGE,Click,209.7
2424,418,10,2023-02-06,ProductPage,AddToCart,77.4
2425,465,8,2024-08-10,Purchase,Purchase,311.9
2426,331,26,2023-10-05,purchase,PURCHASE,451.3
2427,70,38,2024-09-11,Checkout,Drop-off,
2428,112,5,2023-09-25,Checkout,Drop-off,
2429,391,7,2024-02-01,PRODUCTPAGE,Click,203.0
2430,440,48,2024-08-02,ProductPage,AddToCart,517.5
2431,311,29,2023-08-28,PURCHASE,Purchase,495.3
2432,462,5,2024-01-12,Checkout,Drop-off,
2433,233,7,2023-05-31,purchase,Purchase,46.7
2434,492,13,2023-01-04,Checkout,AddToCart,486.4
2435,156,33,2024-08-02,PURCHASE,PURCHASE,84.1
2436,88,38,2024-08-30,Purchase,Purchase,146.3
2437,107,31,2023-05-14,Purchase,Purchase,467.3
2438,68,42,2023-06-25,PRODUCTPAGE,AddToCart,373.9
2439,182,5,2023-06-02,Checkout,Drop-off,
2440,422,8,2024-09-06,ProductPage,Click,273.2
2441,31,40,2024-05-09,Checkout,AddToCart,452.9
2442,455,22,2024-01-16,Checkout,Drop-off,
2443,346,38,2024-11-12,productpage,AddToCart,79.6
2444,310,10,2023-07-02,Purchase,Purchase,410.9
2445,499,4,2023-04-27,ProductPage,drop-off,
2446,309,38,2024-11-09,productpage,View,551.0
2447,453,12,2024-01-20,Homepage,View,218.3
2448,244,1,2023-01-10,PRODUCTPAGE,click,459.9
2449,1,45,2024-08-09,PURCHASE,purchase,344.8
2450,254,9,2023-08-21,ProductPage,View,77.5
2451,375,47,2023-07-19,Homepage,View,104.3
2452,273,12,2023-01-20,Checkout,drop-off,
2453,349,10,2023-09-06,productpage,Click,43.1
2454,421,23,2023-01-08,ProductPage,View,38.8
2455,243,17,2024-03-28,PRODUCTPAGE,Drop-off,
2456,162,1,2024-09-16,Homepage,Click,586.6
2457,338,34,2023-03-13,Purchase,Purchase,111.4
2458,291,30,2023-04-01,Purchase,Purchase,252.9
2459,419,48,2023-10-04,Homepage,view,442.3
2460,359,8,2023-11-21,Purchase,Purchase,173.9
2461,111,20,2023-01-13,ProductPage,AddToCart,215.4
2462,270,29,2024-08-08,Homepage,View,133.4
2463,70,8,2024-05-05,PRODUCTPAGE,addtocart,116.4
2464,194,8,2023-10-11,Homepage,View,407.0
2465,356,14,2024-01-12,Purchase,Purchase,530.9
2466,190,7,2023-02-20,purchase,Purchase,183.5
2467,441,11,2023-07-10,Checkout,addtocart,162.3
2468,198,41,2024-05-04,Purchase,Purchase,99.2
2469,180,4,2024-11-08,ProductPage,View,547.1
2470,92,17,2024-07-25,Homepage,Click,238.9
2471,212,43,2023-07-12,HOMEPAGE,drop-off,
2472,177,2,2024-02-26,Homepage,View,350.3
2473,21,29,2024-01-01,Purchase,Purchase,434.7
2474,498,24,2023-04-25,ProductPage,Drop-off,
2475,216,31,2023-10-27,PRODUCTPAGE,View,11.5
2476,19,41,2024-10-04,Homepage,VIEW,139.9
2477,74,32,2024-12-07,PRODUCTPAGE,click,434.4
2478,233,31,2023-06-06,Purchase,Purchase,95.2
2479,64,34,2023-07-17,Homepage,View,465.9
2480,140,10,2023-06-11,CHECKOUT,AddToCart,70.4
2481,163,18,2024-01-27,Homepage,View,221.9
2482,373,34,2024-10-13,ProductPage,view,82.9
2483,250,8,2024-08-29,Purchase,Purchase,272.7
2484,108,45,2024-03-20,Checkout,Drop-off,
2485,382,40,2023-10-16,Checkout,Drop-off,
2486,171,47,2023-12-23,productpage,VIEW,361.6
2487,129,18,2023-05-31,HOMEPAGE,Drop-off,
2488,92,30,2024-10-28,Checkout,drop-off,
2489,291,38,2024-03-11,productpage,Drop-off,
2490,124,4,2024-06-04,Homepage,View,327.2
2491,205,26,2024-05-12,Homepage,Drop-off,
2492,471,7,2023-06-14,Checkout,Drop-off,
2493,413,37,2024-04-07,CHECKOUT,purchase,180.1
2494,148,36,2023-02-11,Homepage,View,364.2
2495,385,26,2024-12-02,PURCHASE,PURCHASE,119.7
2496,497,27,2023-01-07,ProductPage,Drop-off,
2497,435,42,2023-11-04,ProductPage,Drop-off,
2498,276,5,2024-11-21,ProductPage,View,62.4
2499,152,6,2023-03-31,Checkout,Drop-off,
2500,197,11,2023-02-12,Homepage,Click,564.8
2501,463,17,2024-05-20,PURCHASE,PURCHASE,72.7
2502,303,9,2023-06-22,Homepage,View,542.2
2503,480,30,2024-09-11,productpage,Click,47.9
2504,11,1,2024-07-08,ProductPage,View,500.6
2505,471,24,2023-03-20,ProductPage,View,167.8
2506,148,18,2023-09-13,Homepage,Click,10.9
2507,126,34,2024-07-04,PURCHASE,Purchase,238.6
2508,157,33,2023-03-31,Checkout,AddToCart,474.1
2509,469,8,2024-01-28,Purchase,Purchase,281.2
2510,282,18,2023-08-22,productpage,Click,568.9
2511,3,6,2024-04-30,CHECKOUT,Purchase,251.0
2512,345,11,2024-09-07,Checkout,drop-off,
2513,273,48,2024-03-07,ProductPage,Drop-off,
2514,180,41,2023-02-06,Purchase,Purchase,338.5
2515,442,23,2024-02-10,Checkout,Drop-off,
2516,297,50,2023-08-31,Purchase,Purchase,218.2
2517,414,11,2023-07-24,Purchase,Purchase,83.6
2518,145,2,2024-04-22,productpage,AddToCart,324.7
2519,118,43,2023-08-02,ProductPage,Click,562.4
2520,398,26,2023-06-30,Homepage,click,515.0
2521,329,25,2024-12-07,HOMEPAGE,VIEW,511.4
2522,392,8,2024-08-21,homepage,Click,163.1
2523,61,34,2023-11-15,Homepage,Click,268.6
2524,326,6,2024-06-12,ProductPage,View,133.0
2525,174,36,2023-02-18,Checkout,AddToCart,80.4
2526,102,14,2023-07-09,purchase,Purchase,550.9
2527,72,39,2023-11-09,Homepage,View,502.4
2528,18,24,2023-06-10,Purchase,Purchase,28.5
2529,274,7,2023-10-16,Homepage,Drop-off,
2530,476,43,2024-07-15,purchase,PURCHASE,404.5
2531,356,44,2023-10-04,Purchase,purchase,513.6
2532,43,23,2024-12-03,Homepage,click,104.9
2533,250,18,2024-09-16,Homepage,Click,569.5
2534,197,12,2024-05-25,Purchase,Purchase,227.7
2535,290,14,2023-06-13,checkout,purchase,389.5
2536,332,27,2023-07-04,checkout,AddToCart,486.7
2537,391,14,2024-10-20,Homepage,Click,121.2
2538,401,37,2024-12-14,Homepage,Click,228.5
2539,6,49,2023-04-09,Homepage,DROP-OFF,
2540,293,13,2023-12-18,ProductPage,AddToCart,565.0
2541,205,40,2024-11-25,Checkout,Drop-off,
2542,131,45,2024-04-29,purchase,purchase,259.4
2543,432,30,2024-02-21,Homepage,Drop-off,
2544,91,39,2023-09-12,Checkout,Purchase,170.4
2545,268,26,2023-11-27,Checkout,Drop-off,
2546,499,8,2024-01-21,Purchase,Purchase,136.9
2547,478,37,2024-09-07,Homepage,click,444.2
2548,475,18,2023-11-28,homepage,Click,427.4
2549,34,22,2023-09-10,CHECKOUT,AddToCart,478.5
2550,361,41,2023-01-02,Homepage,View,185.0
2551,138,47,2024-03-02,Homepage,view,447.2
2552,316,18,2024-06-25,homepage,Click,137.4
2553,207,6,2023-12-24,ProductPage,Drop-off,
2554,101,36,2024-09-22,ProductPage,View,414.0
2555,494,32,2024-08-06,Homepage,Click,549.3
2556,251,30,2024-01-11,Homepage,Drop-off,
2557,306,4,2023-06-29,Purchase,Purchase,397.6
2558,195,21,2023-09-19,ProductPage,Drop-off,
2559,189,46,2024-11-08,CHECKOUT,Drop-off,
2560,345,46,2024-09-10,purchase,purchase,33.5
2561,181,35,2024-03-12,Checkout,AddToCart,114.4
2562,135,45,2023-09-11,Purchase,purchase,487.9
2563,398,12,2024-03-28,checkout,Drop-off,
2564,417,36,2023-12-01,Purchase,purchase,388.4
2565,330,20,2023-08-07,Purchase,Purchase,394.8
2566,17,33,2023-02-07,ProductPage,Click,149.8
2567,43,14,2024-12-04,Purchase,PURCHASE,95.7
2568,246,7,2023-05-21,Checkout,Purchase,45.0
2569,349,7,2023-07-04,homepage,Drop-off,
2570,386,18,2024-12-15,ProductPage,ADDTOCART,444.1
2571,363,33,2024-04-11,Checkout,Drop-off,
2572,104,3,2024-03-30,HOMEPAGE,View,348.5
2573,395,12,2023-05-16,Purchase,Purchase,26.7
2574,42,20,2024-12-30,PURCHASE,Purchase,405.1
2575,466,39,2023-04-14,Purchase,PURCHASE,224.5
2576,226,11,2023-08-24,Homepage,Click,102.8
2577,391,8,2023-03-21,homepage,Click,73.6
2578,224,26,2023-09-28,Purchase,Purchase,179.6
2579,458,41,2024-06-13,Checkout,Drop-off,
2580,341,9,2024-07-01,Purchase,Purchase,524.4
2581,348,19,2023-10-07,Homepage,Click,86.6
2582,264,2,2024-10-23,Checkout,AddToCart,396.3
2583,475,15,2023-05-19,ProductPage,View,592.6
2584,10,44,2023-01-05,PRODUCTPAGE,View,70.6
2585,332,32,2024-01-19,productpage,CLICK,280.9
2586,429,33,2024-09-22,Homepage,Click,104.2
2587,393,40,2024-09-06,purchase,Purchase,277.0
2588,242,39,2024-11-05,PRODUCTPAGE,click,320.0
2589,397,41,2023-05-31,PURCHASE,purchase,452.0
2590,389,19,2024-10-20,CHECKOUT,addtocart,281.2
2591,476,6,2024-07-18,PURCHASE,Purchase,34.6
2592,307,48,2023-11-21,Purchase,Purchase,553.6
2593,275,7,2023-05-19,Checkout,Purchase,266.0
2594,226,17,2023-04-05,Purchase,Purchase,465.7
2595,182,28,2023-08-06,ProductPage,Click,270.4
2596,232,14,2023-06-15,Homepage,Drop-off,
2597,306,1,2023-11-13,ProductPage,Click,168.8
2598,202,49,2023-02-07,ProductPage,Drop-off,
2599,35,23,2023-12-06,ProductPage,Click,69.8
2600,13,45,2023-12-01,PURCHASE,Purchase,486.0
2601,225,12,2024-09-17,purchase,Purchase,518.9
2602,452,30,2024-05-26,Checkout,PURCHASE,356.2
2603,188,41,2023-01-22,CHECKOUT,Purchase,580.1
2604,305,29,2024-04-16,Homepage,View,259.3
2605,463,30,2023-12-09,Purchase,PURCHASE,597.0
2606,252,49,2023-09-08,Checkout,Purchase,275.7
2607,192,32,2024-07-22,Purchase,PURCHASE,315.0
2608,253,41,2024-12-17,Checkout,Drop-off,
2609,426,9,2023-06-22,Checkout,drop-off,
2610,276,22,2024-02-04,ProductPage,Click,311.9
2611,337,32,2024-06-22,Checkout,addtocart,17.7
2612,280,1,2023-05-19,PURCHASE,Purchase,94.2
2613,174,42,2024-11-22,Homepage,Click,70.6
2614,390,42,2023-11-27,Purchase,PURCHASE,294.0
2615,98,4,2023-11-11,Checkout,AddToCart,430.2
2616,206,39,2023-10-06,ProductPage,View,421.1
2617,492,30,2024-02-24,purchase,Purchase,77.9
2618,63,42,2024-11-15,Checkout,Drop-off,
2619,127,31,2023-04-23,Homepage,DROP-OFF,
2620,369,17,2024-09-18,Purchase,Purchase,194.3
2621,31,9,2023-07-29,Checkout,DROP-OFF,
2622,60,12,2024-04-20,Checkout,Drop-off,
2623,40,16,2023-12-22,CHECKOUT,AddToCart,428.3
2624,269,29,2023-12-12,purchase,PURCHASE,181.8
2625,263,18,2024-06-16,HOMEPAGE,Click,150.9
2626,284,46,2023-01-20,ProductPage,Click,87.8
2627,401,24,2023-08-13,ProductPage,Click,180.2
2628,280,33,2023-05-29,Checkout,drop-off,
2629,13,15,2024-03-13,Purchase,Purchase,143.3
2630,52,31,2024-01-17,ProductPage,AddToCart,571.0
2631,165,48,2024-10-16,Checkout,Purchase,590.3
2632,313,36,2023-11-18,Homepage,click,163.1
2633,479,30,2024-08-18,purchase,Purchase,239.0
2634,19,14,2023-03-17,Checkout,DROP-OFF,
2635,476,46,2024-03-13,Homepage,Click,232.0
2636,248,29,2024-02-29,productpage,Click,380.1
2637,431,9,2023-11-14,Purchase,Purchase,274.9
2638,224,18,2023-07-01,PRODUCTPAGE,View,356.7
2639,445,13,2023-05-02,Purchase,Purchase,226.5
2640,304,4,2023-06-22,CHECKOUT,AddToCart,35.4
2641,435,25,2024-04-01,productpage,View,272.0
2642,440,18,2023-12-10,Checkout,Purchase,240.8
2643,6,44,2023-01-09,Homepage,View,273.1
2644,35,3,2023-06-07,checkout,Drop-off,
2645,161,21,2024-04-12,purchase,purchase,150.1
2646,432,28,2023-06-13,Homepage,Drop-off,
2647,170,7,2023-04-01,ProductPage,Drop-off,
2648,92,24,2023-12-25,Homepage,View,131.8
2649,382,18,2023-02-18,Purchase,Purchase,492.3
2650,228,18,2024-10-04,Purchase,Purchase,259.6
2651,141,48,2024-07-24,Purchase,Purchase,202.9
2652,333,22,2023-11-07,CHECKOUT,Drop-off,
2653,381,7,2023-05-10,Homepage,Drop-off,
2654,361,13,2023-08-02,Checkout,Purchase,476.6
2655,223,49,2024-01-14,Checkout,Purchase,221.3
2656,440,25,2023-09-21,ProductPage,View,354.7
2657,238,44,2023-08-18,ProductPage,Drop-off,
2658,277,42,2023-06-21,Checkout,Purchase,468.0
2659,77,41,2024-02-16,PURCHASE,Purchase,534.0
2660,160,34,2023-12-15,PRODUCTPAGE,View,162.6
2661,42,47,2023-09-10,Checkout,DROP-OFF,
2662,272,20,2024-02-28,Homepage,DROP-OFF,
2663,221,36,2023-01-17,HOMEPAGE,View,521.3
2664,163,27,2023-07-15,productpage,Drop-off,
2665,327,49,2024-07-07,Purchase,Purchase,99.4
2666,165,36,2024-05-26,Purchase,Purchase,424.5
2667,415,1,2023-05-31,ProductPage,Click,273.8
2668,222,12,2023-06-01,HOMEPAGE,View,438.8
2669,292,26,2023-08-11,CHECKOUT,Drop-off,
2670,75,2,2024-06-25,ProductPage,addtocart,428.0
2671,442,44,2023-09-04,CHECKOUT,Drop-off,
2672,37,6,2023-06-15,Checkout,Purchase,167.8
2673,47,41,2023-03-23,HOMEPAGE,Click,43.9
2674,319,45,2023-01-24,Purchase,Purchase,279.7
2675,90,20,2023-04-03,PURCHASE,purchase,50.7
2676,150,27,2023-01-30,purchase,Purchase,492.8
2677,116,38,2024-04-05,ProductPage,click,99.1
2678,419,19,2024-12-07,homepage,VIEW,422.6
2679,76,22,2024-09-25,checkout,Purchase,578.6
2680,41,49,2024-10-20,Purchase,purchase,187.2
2681,229,28,2024-09-02,Checkout,Drop-off,
2682,128,19,2023-04-06,Purchase,purchase,54.9
2683,500,44,2023-11-17,Homepage,View,470.7
2684,232,1,2024-06-05,purchase,purchase,238.6
2685,275,31,2023-05-17,ProductPage,CLICK,208.7
2686,157,9,2023-10-15,ProductPage,View,312.3
2687,407,43,2024-06-09,HOMEPAGE,Click,188.0
2688,421,34,2023-12-03,Checkout,Drop-off,
2689,329,43,2024-11-06,Homepage,View,12.8
2690,64,23,2024-01-21,checkout,purchase,590.4
2691,1,5,2023-06-17,Homepage,View,286.3
2692,5,15,2023-11-27,Purchase,PURCHASE,354.8
2693,189,33,2024-07-04,ProductPage,View,533.8
2694,426,23,2024-05-15,Checkout,DROP-OFF,
2695,448,28,2024-06-04,ProductPage,Click,136.6
2696,2,4,2023-01-22,Homepage,click,448.8
2697,52,1,2023-12-24,PRODUCTPAGE,View,290.7
2698,49,15,2023-05-14,Purchase,Purchase,365.6
2699,278,47,2023-12-11,checkout,Drop-off,
2700,221,24,2023-07-31,HOMEPAGE,View,579.6
2701,94,35,2023-10-03,Homepage,Drop-off,
2702,290,4,2024-12-11,ProductPage,AddToCart,523.5
2703,267,1,2023-09-20,PRODUCTPAGE,CLICK,322.4
2704,68,27,2023-07-04,productpage,Click,11.6
2705,85,9,2023-05-16,Homepage,Click,22.1
2706,378,4,2023-08-13,Purchase,purchase,508.7
2707,251,42,2024-10-12,purchase,Purchase,278.8
2708,176,2,2024-11-04,ProductPage,Drop-off,
2709,472,20,2024-09-03,Checkout,ADDTOCART,484.6
2710,99,46,2024-04-01,Homepage,View,438.0
2711,30,24,2024-06-28,ProductPage,View,491.0
2712,62,18,2024-10-20,PURCHASE,Purchase,554.9
2713,349,34,2023-01-01,Purchase,Purchase,477.5
2714,101,33,2023-02-13,Purchase,Purchase,282.5
2715,409,34,2023-09-13,homepage,Drop-off,
2716,354,38,2023-08-10,purchase,purchase,312.7
2717,199,30,2024-11-16,Homepage,View,492.8
2718,57,26,2023-07-16,homepage,View,394.8
2719,127,14,2023-11-25,PURCHASE,Purchase,313.7
2720,443,34,2023-01-09,Homepage,Drop-off,
2721,283,7,2023-01-16,Checkout,Purchase,279.3
2722,95,41,2024-03-30,ProductPage,View,349.7
2723,297,42,2024-08-30,ProductPage,View,65.6
2724,421,38,2024-11-02,Homepage,click,98.1
2725,167,36,2024-07-27,ProductPage,AddToCart,171.6
2726,269,24,2024-05-22,ProductPage,Click,215.7
2727,264,10,2024-04-30,productpage,Drop-off,
2728,475,4,2024-03-22,purchase,Purchase,289.2
2729,469,47,2024-10-19,Checkout,Drop-off,
2730,237,39,2023-09-30,homepage,click,173.0
2731,200,4,2024-12-04,ProductPage,view,228.9
2732,320,39,2024-07-08,CHECKOUT,DROP-OFF,
2733,140,37,2023-07-12,Purchase,Purchase,134.5
2734,100,50,2024-10-05,ProductPage,AddToCart,200.3
2735,240,38,2023-02-25,Checkout,DROP-OFF,
2736,470,11,2024-07-21,Purchase,purchase,505.3
2737,494,31,2024-12-11,Purchase,Purchase,196.4
2738,164,33,2023-04-27,homepage,Drop-off,
2739,250,22,2023-06-01,Homepage,Drop-off,
2740,187,44,2023-05-10,ProductPage,VIEW,196.4
2741,498,15,2023-05-18,Checkout,drop-off,
2742,310,43,2023-04-17,Homepage,Drop-off,
2743,189,17,2024-09-13,ProductPage,Drop-off,
2744,327,14,2023-01-12,ProductPage,AddToCart,187.2
2745,48,29,2024-06-02,HOMEPAGE,Click,210.7
2746,492,34,2024-06-01,homepage,Click,338.1
2747,364,13,2024-12-18,homepage,click,85.3
2748,100,21,2024-03-29,ProductPage,View,554.9
2749,486,36,2023-10-26,ProductPage,View,35.3
2750,203,22,2024-07-07,HOMEPAGE,drop-off,
2751,266,7,2023-04-14,ProductPage,Click,156.8
2752,78,2,2023-02-20,Checkout,Drop-off,
2753,111,40,2024-04-26,ProductPage,Drop-off,
2754,188,33,2024-10-01,Checkout,Purchase,165.1
2755,276,13,2023-09-27,HOMEPAGE,click,382.7
2756,175,12,2023-08-05,PRODUCTPAGE,View,407.3
2757,25,22,2023-02-23,Purchase,Purchase,150.8
2758,443,15,2024-10-24,Purchase,purchase,481.3
2759,314,8,2023-04-06,Checkout,Drop-off,
2760,23,39,2023-08-29,Checkout,AddToCart,55.7
2761,262,49,2023-02-18,Purchase,purchase,462.2
2762,306,47,2024-07-21,Checkout,AddToCart,437.5
2763,430,5,2024-11-01,Homepage,Drop-off,
2764,262,21,2023-05-01,Purchase,Purchase,63.2
2765,373,29,2024-08-16,ProductPage,view,438.9
2766,364,4,2023-11-18,Homepage,DROP-OFF,
2767,334,30,2023-12-13,productpage,Drop-off,
2768,410,37,2023-06-28,productpage,AddToCart,371.4
2769,260,47,2023-05-31,ProductPage,Click,464.0
2770,453,35,2023-07-24,ProductPage,Drop-off,
2771,66,32,2024-06-23,Checkout,Drop-off,
2772,289,5,2023-08-11,Checkout,addtocart,302.5
2773,337,36,2023-06-23,Checkout,drop-off,
2774,16,31,2023-06-10,ProductPage,view,332.0
2775,171,42,2023-12-31,Checkout,AddToCart,141.8
2776,491,18,2023-07-27,productpage,Click,429.7
2777,402,28,2024-02-21,Checkout,AddToCart,123.8
2778,237,5,2024-03-16,Checkout,Drop-off,
2779,35,25,2023-01-29,Homepage,VIEW,64.5
2780,293,27,2023-06-12,ProductPage,ADDTOCART,263.3
2781,488,28,2024-07-22,Purchase,purchase,577.1
2782,295,6,2023-04-26,Purchase,Purchase,199.2
2783,238,32,2024-07-27,Purchase,PURCHASE,129.2
2784,488,3,2024-11-06,Purchase,PURCHASE,297.4
2785,25,18,2024-03-06,Purchase,Purchase,207.5
2786,443,36,2023-07-28,ProductPage,click,221.3
2787,170,24,2024-06-09,Purchase,Purchase,140.1
2788,478,37,2024-02-21,ProductPage,VIEW,506.8
2789,266,50,2024-02-09,Checkout,DROP-OFF,
2790,357,47,2023-03-02,PRODUCTPAGE,View,345.7
2791,83,12,2023-05-02,ProductPage,view,276.6
2792,466,39,2023-12-04,Purchase,Purchase,91.8
2793,240,13,2023-11-16,ProductPage,view,402.3
2794,258,35,2024-06-29,Purchase,Purchase,456.5
2795,410,40,2024-01-17,Checkout,addtocart,305.6
2796,421,8,2024-07-08,Purchase,PURCHASE,455.0
2797,11,8,2023-01-14,homepage,View,563.8
2798,198,37,2024-11-14,productpage,View,102.0
2799,257,35,2023-02-12,Homepage,Click,566.0
2800,477,31,2024-11-11,Homepage,View,79.6
2801,133,24,2024-06-04,Purchase,PURCHASE,583.7
2802,14,14,2024-04-23,homepage,Click,111.2
2803,91,34,2023-03-26,purchase,Purchase,492.0
2804,468,27,2023-02-17,purchase,purchase,110.1
2805,400,46,2023-12-08,Checkout,Drop-off,
2806,66,37,2024-06-03,Purchase,Purchase,395.8
2807,374,10,2024-12-12,HOMEPAGE,View,160.7
2808,345,32,2024-03-23,Checkout,Purchase,504.5
2809,208,14,2023-07-09,homepage,view,525.8
2810,245,2,2024-03-29,Homepage,View,480.6
2811,329,45,2023-03-02,Homepage,View,115.0
2812,483,39,2024-01-15,Purchase,Purchase,180.3
2813,356,18,2024-06-16,homepage,VIEW,403.9
2814,468,17,2023-01-09,Checkout,PURCHASE,568.0
2815,456,15,2023-04-13,Homepage,Drop-off,
2816,150,42,2024-02-28,ProductPage,addtocart,591.0
2817,19,21,2024-12-02,ProductPage,addtocart,157.6
2818,28,29,2024-03-30,Checkout,Drop-off,
2819,443,29,2024-09-21,Homepage,View,248.1
2820,320,10,2024-03-27,Homepage,Drop-off,
2821,329,28,2024-07-20,homepage,click,494.2
2822,371,46,2023-03-04,Purchase,Purchase,519.2
2823,272,20,2024-02-28,Homepage,DROP-OFF,
2824,244,30,2024-07-07,Checkout,DROP-OFF,
2825,459,20,2023-04-06,ProductPage,View,416.5
2826,478,17,2024-04-08,PRODUCTPAGE,View,550.4
2827,240,21,2023-05-20,Checkout,AddToCart,193.8
2828,138,33,2023-08-22,Checkout,Purchase,110.4
2829,283,22,2023-09-13,PRODUCTPAGE,view,594.0
2830,322,45,2023-12-15,Purchase,PURCHASE,551.0
2831,366,43,2024-06-16,CHECKOUT,purchase,525.4
2832,389,44,2023-09-08,Checkout,Drop-off,
2833,351,8,2024-12-05,purchase,purchase,151.9
2834,138,9,2023-04-09,Purchase,PURCHASE,344.3
2835,383,9,2024-05-14,Checkout,Purchase,329.7
2836,306,10,2024-01-16,Homepage,View,209.7
2837,89,46,2024-07-10,Homepage,Click,128.1
2838,491,29,2023-12-15,ProductPage,Click,288.8
2839,451,37,2023-01-26,ProductPage,Drop-off,
2840,129,12,2024-10-23,HOMEPAGE,view,155.0
2841,287,37,2023-08-02,CHECKOUT,Drop-off,
2842,410,21,2023-05-06,Homepage,View,341.9
2843,71,37,2024-06-10,Purchase,Purchase,182.3
2844,224,41,2023-10-18,homepage,Drop-off,
2845,491,10,2024-08-03,Purchase,Purchase,462.1
2846,376,16,2023-01-14,homepage,Drop-off,
2847,403,21,2023-08-24,Checkout,Drop-off,
2848,357,47,2023-01-07,purchase,Purchase,253.0
2849,491,7,2023-07-05,Checkout,Drop-off,
2850,160,44,2024-03-30,ProductPage,CLICK,121.4
2851,235,2,2023-07-28,ProductPage,AddToCart,277.1
2852,393,2,2024-08-23,Checkout,Drop-off,
2853,121,32,2023-07-05,Homepage,View,561.0
2854,79,37,2024-11-24,checkout,Purchase,107.5
2855,159,50,2023-05-25,Checkout,Purchase,97.0
2856,430,36,2024-09-19,HOMEPAGE,View,286.9
2857,236,25,2024-09-24,ProductPage,VIEW,377.0
2858,135,12,2023-04-06,Homepage,click,240.6
2859,94,28,2023-02-08,Purchase,PURCHASE,489.1
2860,288,33,2023-11-13,Purchase,purchase,117.5
2861,336,48,2023-06-30,CHECKOUT,DROP-OFF,
2862,343,37,2023-01-27,purchase,Purchase,327.7
2863,407,15,2024-01-13,Homepage,DROP-OFF,
2864,381,3,2024-06-15,Homepage,view,20.6
2865,384,37,2024-08-30,PRODUCTPAGE,View,235.5
2866,397,10,2023-01-25,Purchase,PURCHASE,32.1
2867,207,8,2023-08-27,purchase,Purchase,431.0
2868,211,11,2024-01-30,ProductPage,CLICK,150.3
2869,385,7,2023-08-20,Purchase,Purchase,454.5
2870,338,4,2023-10-18,ProductPage,AddToCart,363.2
2871,99,43,2024-01-18,Purchase,purchase,142.6
2872,461,16,2023-11-24,Checkout,AddToCart,498.2
2873,210,42,2023-11-26,Homepage,View,563.3
2874,432,14,2024-09-10,Purchase,Purchase,584.4
2875,35,5,2023-03-31,Checkout,Drop-off,
2876,280,29,2023-05-01,Checkout,Drop-off,
2877,498,49,2023-04-13,Purchase,Purchase,288.3
2878,333,20,2024-02-10,PRODUCTPAGE,VIEW,159.2
2879,187,19,2024-02-15,PURCHASE,PURCHASE,86.1
2880,142,21,2023-08-06,ProductPage,AddToCart,286.6
2881,178,4,2023-06-24,Checkout,Drop-off,
2882,114,47,2023-03-18,Checkout,AddToCart,444.0
2883,32,46,2023-09-23,checkout,addtocart,328.9
2884,452,20,2023-01-13,HOMEPAGE,drop-off,
2885,136,47,2024-01-10,productpage,View,592.6
2886,57,46,2023-12-06,checkout,Drop-off,
2887,434,41,2024-09-19,purchase,Purchase,297.3
2888,371,47,2023-04-14,Checkout,DROP-OFF,
2889,274,25,2023-06-24,Checkout,Drop-off,
2890,460,42,2023-09-10,purchase,Purchase,41.6
2891,487,8,2023-12-26,Purchase,purchase,425.3
2892,236,9,2024-08-22,Checkout,AddToCart,308.3
2893,48,6,2023-01-27,Purchase,purchase,100.3
2894,76,24,2024-04-04,ProductPage,Click,559.3
2895,366,47,2023-09-30,PURCHASE,Purchase,78.6
2896,330,21,2024-11-18,Purchase,purchase,403.6
2897,149,8,2024-03-27,homepage,Drop-off,
2898,453,49,2023-01-20,ProductPage,DROP-OFF,
2899,270,33,2024-03-03,Purchase,PURCHASE,209.2
2900,100,6,2024-06-17,ProductPage,ADDTOCART,229.8
2901,95,11,2024-02-25,ProductPage,View,277.7
2902,454,8,2023-12-13,ProductPage,click,399.9
2903,39,18,2024-07-02,Purchase,PURCHASE,442.3
2904,236,33,2024-12-12,Homepage,View,324.6
2905,398,3,2024-09-14,purchase,Purchase,564.1
2906,410,31,2024-02-20,Purchase,Purchase,322.9
2907,395,38,2023-04-22,ProductPage,View,81.2
2908,361,12,2024-12-24,ProductPage,Click,243.1
2909,64,49,2023-08-01,Homepage,View,337.3
2910,334,12,2024-10-19,Checkout,purchase,295.9
2911,390,37,2024-04-01,ProductPage,VIEW,459.4
2912,217,37,2024-06-11,Purchase,Purchase,356.9
2913,2,48,2023-09-13,Purchase,Purchase,63.9
2914,468,37,2023-01-06,PURCHASE,Purchase,287.7
2915,209,3,2024-05-15,Homepage,Click,169.4
2916,200,46,2024-01-02,Homepage,Drop-off,
2917,9,24,2024-07-25,PURCHASE,PURCHASE,45.2
2918,398,41,2024-06-02,purchase,PURCHASE,375.6
2919,277,18,2024-03-11,Purchase,Purchase,132.7
2920,322,16,2024-10-05,PURCHASE,PURCHASE,582.0
2921,58,23,2023-08-04,Checkout,DROP-OFF,
2922,93,13,2024-01-25,Homepage,view,404.1
2923,317,45,2024-08-22,ProductPage,Click,434.4
2924,121,32,2023-03-16,Homepage,View,446.2
2925,148,17,2024-09-12,Homepage,Drop-off,
2926,52,47,2024-12-14,PURCHASE,Purchase,131.6
2927,295,19,2023-01-26,ProductPage,DROP-OFF,
2928,404,26,2024-01-26,ProductPage,Click,185.1
2929,85,4,2023-07-28,checkout,Purchase,144.5
2930,462,50,2023-03-14,Homepage,View,341.3
2931,263,3,2023-08-30,Checkout,drop-off,
2932,276,42,2024-01-16,homepage,Click,434.3
2933,337,47,2024-08-09,ProductPage,Drop-off,
2934,199,25,2023-02-03,Checkout,Purchase,335.5
2935,80,43,2024-11-15,Homepage,view,454.8
2936,351,41,2024-10-19,homepage,View,157.3
2937,63,37,2023-09-04,HOMEPAGE,View,513.2
2938,203,38,2023-08-08,Purchase,Purchase,153.5
2939,69,2,2023-08-29,Purchase,PURCHASE,335.5
2940,133,33,2023-12-04,CHECKOUT,DROP-OFF,
2941,186,1,2023-03-17,Checkout,AddToCart,124.7
2942,385,28,2023-04-03,Checkout,Drop-off,
2943,57,11,2023-09-13,ProductPage,drop-off,
2944,265,8,2023-06-16,ProductPage,View,452.3
2945,249,40,2024-12-05,ProductPage,View,81.4
2946,309,46,2023-05-02,ProductPage,Click,408.4
2947,271,15,2024-07-06,Purchase,Purchase,384.8
2948,100,50,2023-04-22,ProductPage,View,322.9
2949,25,41,2023-06-04,ProductPage,VIEW,555.2
2950,454,32,2023-08-03,homepage,Click,108.8
2951,6,12,2023-01-07,ProductPage,addtocart,154.0
2952,249,39,2024-06-28,Homepage,View,556.5
2953,311,17,2023-06-11,Homepage,Click,242.1
2954,207,12,2024-08-31,Checkout,Drop-off,
2955,163,10,2023-01-31,Checkout,Drop-off,
2956,494,22,2024-09-22,Checkout,Purchase,475.6
2957,211,43,2023-05-14,ProductPage,Click,524.7
2958,240,9,2024-11-26,purchase,Purchase,555.5
2959,322,2,2024-10-15,HOMEPAGE,View,93.7
2960,335,22,2024-09-22,ProductPage,drop-off,
2961,301,14,2023-04-17,ProductPage,Drop-off,
2962,279,26,2024-04-03,Purchase,Purchase,583.5
2963,22,7,2024-06-28,Checkout,DROP-OFF,
2964,467,50,2023-03-20,productpage,View,475.1
2965,305,11,2024-07-09,Purchase,purchase,416.2
2966,474,16,2023-10-08,PRODUCTPAGE,AddToCart,369.3
2967,101,41,2024-02-10,Homepage,Drop-off,
2968,345,50,2023-03-17,Checkout,Drop-off,
2969,102,42,2024-03-30,productpage,view,82.3
2970,77,18,2023-12-12,ProductPage,View,573.6
2971,35,1,2023-11-16,ProductPage,View,65.9
2972,439,40,2024-08-11,PRODUCTPAGE,AddToCart,575.6
2973,181,13,2023-12-18,PURCHASE,Purchase,64.3
2974,238,7,2024-11-03,Homepage,view,35.7
2975,20,25,2023-05-26,PRODUCTPAGE,View,267.4
2976,54,1,2024-05-12,Homepage,Click,249.2
2977,357,11,2024-08-13,Homepage,View,421.5
2978,440,1,2024-02-10,productpage,drop-off,
2979,211,46,2024-09-28,Purchase,Purchase,90.9
2980,367,48,2024-10-23,purchase,Purchase,56.7
2981,378,25,2023-08-30,Purchase,Purchase,136.3
2982,62,16,2023-03-20,Purchase,Purchase,168.0
2983,492,15,2023-05-08,homepage,view,591.0
2984,466,38,2023-06-04,Purchase,Purchase,471.7
2985,19,6,2024-09-14,Homepage,VIEW,70.6
2986,418,40,2023-10-29,ProductPage,AddToCart,324.3
2987,96,16,2023-02-14,Checkout,Purchase,470.1
2988,231,36,2024-05-23,Checkout,drop-off,
2989,294,48,2023-01-06,Purchase,Purchase,450.0
2990,425,5,2023-02-19,Homepage,Drop-off,
2991,343,32,2024-05-16,Purchase,Purchase,184.3
2992,332,11,2024-06-21,Purchase,PURCHASE,18.4
2993,129,49,2024-02-21,Checkout,Purchase,313.4
2994,273,38,2023-01-20,PRODUCTPAGE,View,542.4
2995,17,12,2024-07-24,Checkout,Drop-off,
2996,436,6,2024-05-06,Checkout,Purchase,465.2
2997,458,35,2023-07-28,Checkout,Drop-off,
2998,88,42,2023-10-29,Purchase,PURCHASE,468.1
2999,480,34,2023-06-05,PRODUCTPAGE,click,27.7
3000,354,44,2024-12-07,purchase,Purchase,89.7
3001,428,15,2024-06-21,productpage,AddToCart,484.3
3002,454,43,2023-06-15,purchase,Purchase,479.5
3003,186,17,2023-06-08,PURCHASE,Purchase,459.8
3004,450,30,2023-05-16,Homepage,View,78.9
3005,5,7,2024-10-07,PURCHASE,purchase,444.9
3006,351,28,2023-04-17,productpage,CLICK,467.4
3007,91,21,2023-03-02,homepage,View,75.4
3008,466,2,2024-06-04,purchase,Purchase,333.2
3009,387,19,2023-09-06,Purchase,purchase,535.9
3010,421,16,2023-10-11,Checkout,AddToCart,248.8
3011,86,36,2024-06-25,Purchase,Purchase,91.2
3012,146,25,2024-07-29,Purchase,Purchase,286.9
3013,223,46,2024-04-17,Purchase,purchase,185.3
3014,249,18,2024-02-17,ProductPage,Click,131.7
3015,334,3,2024-01-20,Checkout,Drop-off,
3016,335,25,2024-11-30,PRODUCTPAGE,VIEW,426.8
3017,383,15,2024-04-02,ProductPage,view,482.5
3018,388,26,2024-02-05,Homepage,Click,125.1
3019,316,9,2023-11-19,PURCHASE,Purchase,94.4
3020,55,21,2023-01-17,Purchase,Purchase,569.7
3021,317,3,2024-01-10,Checkout,AddToCart,428.5
3022,352,24,2024-12-30,Checkout,Purchase,79.2
3023,74,32,2023-04-28,PURCHASE,Purchase,43.6
3024,273,31,2023-12-15,PRODUCTPAGE,View,461.2
3025,443,37,2024-10-28,ProductPage,view,184.0
3026,305,42,2023-01-25,Checkout,addtocart,483.6
3027,287,24,2023-05-02,Purchase,Purchase,180.9
3028,21,9,2024-02-09,purchase,PURCHASE,104.6
3029,378,25,2024-10-15,Purchase,PURCHASE,451.9
3030,354,20,2024-01-03,productpage,Click,232.6
3031,3,10,2023-07-26,PRODUCTPAGE,CLICK,20.0
3032,146,45,2023-08-02,ProductPage,ADDTOCART,183.8
3033,265,3,2024-12-26,homepage,CLICK,292.5
3034,148,44,2023-11-30,Checkout,Drop-off,
3035,228,2,2024-07-04,Checkout,drop-off,
3036,261,39,2023-10-25,PRODUCTPAGE,View,484.5
3037,270,46,2023-12-29,Homepage,View,127.9
3038,34,36,2023-03-28,ProductPage,AddToCart,175.7
3039,330,26,2023-02-22,Purchase,Purchase,586.6
3040,457,15,2023-10-16,Homepage,Drop-off,
3041,328,4,2024-01-05,purchase,purchase,44.4
3042,361,31,2024-05-08,ProductPage,View,415.6
3043,393,13,2023-08-04,Checkout,AddToCart,517.1
3044,22,35,2024-07-08,Homepage,Drop-off,
3045,45,49,2024-08-12,ProductPage,Drop-off,
3046,115,21,2023-06-11,Checkout,Drop-off,
3047,431,2,2023-09-03,Homepage,click,596.6
3048,274,11,2024-08-07,Purchase,Purchase,471.6
3049,343,20,2023-06-15,PURCHASE,purchase,24.4
3050,106,44,2023-11-21,CHECKOUT,Drop-off,
3051,380,38,2023-08-27,Homepage,View,288.0
3052,77,10,2023-04-26,Purchase,Purchase,414.2
3053,362,33,2024-11-09,Purchase,Purchase,277.9
3054,450,27,2023-04-06,Checkout,Purchase,569.9
3055,196,28,2024-08-20,Purchase,purchase,346.2
3056,145,44,2024-03-10,Purchase,Purchase,405.2
3057,56,6,2023-07-04,HOMEPAGE,drop-off,
3058,316,25,2024-04-05,ProductPage,AddToCart,592.9
3059,166,45,2024-03-22,ProductPage,VIEW,227.6
3060,326,16,2023-02-17,ProductPage,Drop-off,
3061,116,45,2023-02-23,productpage,Drop-off,
3062,2,16,2023-03-09,Checkout,Drop-off,
3063,380,35,2023-10-10,Homepage,Click,57.9
3064,231,20,2023-04-02,purchase,Purchase,215.1
3065,328,39,2024-04-07,HOMEPAGE,click,322.2
3066,331,44,2023-05-05,PURCHASE,purchase,552.7
3067,180,8,2023-12-29,Homepage,Click,186.9
3068,190,37,2024-01-07,checkout,Purchase,189.8
3069,457,24,2024-08-16,Checkout,Drop-off,
3070,495,34,2023-12-27,Purchase,Purchase,200.4
3071,108,21,2023-07-22,Homepage,Click,406.1
3072,22,39,2023-04-21,Homepage,click,222.8
3073,407,31,2023-05-19,purchase,Purchase,309.7
3074,134,35,2024-07-06,Purchase,Purchase,241.6
3075,34,23,2024-08-20,Homepage,View,188.5
3076,187,36,2023-06-07,purchase,Purchase,584.8
3077,257,14,2023-05-26,Checkout,Drop-off,
3078,175,35,2024-10-09,ProductPage,DROP-OFF,
3079,307,38,2024-07-15,HOMEPAGE,VIEW,138.5
3080,210,23,2024-10-23,productpage,Drop-off,
3081,335,48,2024-01-20,HOMEPAGE,Click,172.4
3082,471,34,2024-05-23,ProductPage,Drop-off,
3083,416,25,2024-07-20,Purchase,Purchase,56.2
3084,345,9,2024-12-28,ProductPage,Click,78.1
3085,138,31,2023-08-24,Checkout,Drop-off,
3086,384,29,2023-10-11,Purchase,Purchase,190.8
3087,253,24,2024-11-14,Checkout,Purchase,256.0
3088,16,47,2023-06-12,ProductPage,VIEW,291.1
3089,12,3,2023-09-11,Checkout,Purchase,214.6
3090,253,41,2023-08-18,Homepage,View,490.1
3091,386,34,2024-03-31,Homepage,Click,186.9
3092,300,30,2023-07-17,CHECKOUT,drop-off,
3093,204,46,2024-04-17,Purchase,Purchase,305.7
3094,4,21,2023-01-19,Purchase,PURCHASE,255.3
3095,114,37,2023-06-20,ProductPage,ADDTOCART,370.3
3096,90,46,2024-12-10,ProductPage,VIEW,349.0
3097,49,26,2024-08-10,purchase,Purchase,289.9
3098,325,18,2023-09-27,ProductPage,Click,540.0
3099,227,7,2023-01-28,Purchase,purchase,283.7
3100,237,47,2024-08-20,Purchase,Purchase,471.4
3101,209,36,2023-10-13,Purchase,purchase,308.9
3102,368,3,2023-12-06,Homepage,Click,314.4
3103,321,8,2023-08-01,Purchase,Purchase,340.6
3104,426,8,2023-01-23,Checkout,Purchase,253.8
3105,237,28,2023-10-08,Homepage,drop-off,
3106,417,40,2024-04-10,Purchase,Purchase,81.7
3107,349,9,2023-09-17,Purchase,purchase,518.5
3108,44,38,2024-08-23,Checkout,DROP-OFF,
3109,206,37,2023-07-22,ProductPage,CLICK,87.0
3110,21,2,2023-08-26,homepage,View,154.9
3111,341,41,2023-09-05,ProductPage,AddToCart,577.4
3112,268,32,2023-08-10,purchase,Purchase,440.7
3113,381,38,2024-01-24,purchase,Purchase,542.7
3114,354,46,2024-10-19,Homepage,CLICK,442.9
3115,56,47,2023-11-10,Purchase,purchase,355.9
3116,16,8,2024-10-08,PRODUCTPAGE,Click,146.2
3117,247,7,2024-08-29,ProductPage,Drop-off,
3118,118,37,2024-04-29,Checkout,Purchase,290.9
3119,178,41,2023-09-18,productpage,Click,285.3
3120,103,49,2024-08-06,Checkout,DROP-OFF,
3121,106,48,2024-06-15,PRODUCTPAGE,View,28.6
3122,230,26,2023-12-09,Purchase,Purchase,227.1
3123,315,40,2023-09-01,Homepage,View,391.8
3124,481,50,2024-08-20,Homepage,CLICK,161.8
3125,298,20,2024-12-20,Purchase,Purchase,541.8
3126,386,46,2023-11-11,PRODUCTPAGE,Drop-off,
3127,431,5,2024-12-10,Purchase,Purchase,249.0
3128,79,22,2024-08-04,PURCHASE,Purchase,240.5
3129,278,23,2024-07-16,CHECKOUT,purchase,348.7
3130,22,23,2023-03-02,purchase,PURCHASE,427.5
3131,131,29,2024-08-06,HOMEPAGE,view,228.1
3132,419,13,2023-01-08,Purchase,purchase,14.7
3133,371,50,2024-08-26,Homepage,View,407.6
3134,390,36,2024-07-08,Homepage,Drop-off,
3135,196,1,2023-05-05,PRODUCTPAGE,Click,596.8
3136,213,47,2024-06-02,Homepage,Drop-off,
3137,177,13,2024-10-05,Purchase,Purchase,376.6
3138,108,28,2023-09-15,CHECKOUT,Drop-off,
3139,84,25,2024-04-23,ProductPage,view,571.1
3140,367,41,2023-04-07,Purchase,Purchase,366.1
3141,237,11,2024-03-08,Checkout,Drop-off,
3142,440,15,2024-03-30,checkout,Drop-off,
3143,477,12,2024-05-02,CHECKOUT,Purchase,568.8
3144,361,33,2024-06-25,Homepage,Click,102.5
3145,218,1,2023-09-03,Purchase,purchase,388.7
3146,47,11,2024-08-16,Homepage,Click,194.7
3147,253,40,2023-02-18,Purchase,PURCHASE,301.1
3148,373,8,2023-12-20,Checkout,DROP-OFF,
3149,149,6,2023-05-03,ProductPage,Drop-off,
3150,246,15,2024-08-14,Homepage,CLICK,428.2
3151,89,13,2024-06-12,purchase,Purchase,395.2
3152,317,47,2023-04-16,Homepage,Click,235.6
3153,204,18,2024-05-22,Homepage,VIEW,275.8
3154,102,17,2023-05-28,productpage,AddToCart,120.4
3155,395,26,2023-04-02,Homepage,drop-off,
3156,402,2,2023-12-06,Homepage,DROP-OFF,
3157,369,39,2023-05-16,ProductPage,Click,275.0
3158,375,38,2023-02-04,Homepage,VIEW,137.1
3159,53,38,2024-08-24,Checkout,addtocart,265.7
3160,56,4,2024-05-10,Purchase,PURCHASE,223.6
3161,406,50,2024-05-02,ProductPage,View,253.1
3162,88,24,2023-02-05,PRODUCTPAGE,AddToCart,461.0
3163,448,45,2023-01-09,Checkout,AddToCart,302.4
3164,439,11,2023-03-07,Homepage,VIEW,112.0
3165,177,30,2024-12-06,PRODUCTPAGE,DROP-OFF,
3166,205,30,2024-12-30,Purchase,Purchase,86.9
3167,318,4,2024-08-14,Checkout,DROP-OFF,
3168,321,41,2024-09-10,ProductPage,Drop-off,
3169,415,9,2024-12-24,Homepage,Click,141.3
3170,107,15,2023-09-07,Purchase,Purchase,471.0
3171,229,50,2023-02-10,CHECKOUT,Drop-off,
3172,482,42,2024-06-19,Checkout,drop-off,
3173,80,15,2024-04-14,Checkout,PURCHASE,346.2
3174,164,48,2024-01-18,Homepage,Click,111.8
3175,32,44,2024-12-05,Checkout,AddToCart,513.2
3176,127,2,2023-05-02,Purchase,Purchase,571.1
3177,72,44,2023-07-24,Checkout,AddToCart,60.5
3178,438,2,2023-02-19,Homepage,View,57.3
3179,105,20,2024-09-23,ProductPage,Click,266.7
3180,407,14,2023-01-23,Purchase,Purchase,302.2
3181,197,20,2023-01-29,CHECKOUT,Drop-off,
3182,461,34,2023-05-22,HOMEPAGE,drop-off,
3183,243,20,2023-05-18,Checkout,Purchase,348.6
3184,285,18,2024-03-18,PRODUCTPAGE,AddToCart,412.4
3185,446,23,2023-01-09,Homepage,click,561.0
3186,133,7,2024-05-17,ProductPage,Drop-off,
3187,139,27,2023-08-16,ProductPage,ADDTOCART,591.5
3188,202,14,2024-04-13,ProductPage,AddToCart,556.7
3189,266,30,2024-05-22,Checkout,drop-off,
3190,448,11,2024-06-19,PURCHASE,Purchase,117.5
3191,265,48,2024-09-15,Homepage,Drop-off,
3192,41,47,2023-04-08,Checkout,Drop-off,
3193,113,47,2023-10-14,ProductPage,View,522.1
3194,423,41,2024-03-05,Homepage,View,166.1
3195,249,38,2023-04-13,ProductPage,Drop-off,
3196,197,36,2023-05-31,homepage,Click,212.4
3197,427,50,2023-11-08,PURCHASE,Purchase,45.4
3198,323,39,2023-03-16,Checkout,AddToCart,381.4
3199,286,18,2023-11-22,productpage,View,446.1
3200,162,48,2023-04-29,PRODUCTPAGE,Click,57.0
3201,359,11,2024-05-20,ProductPage,CLICK,79.5
3202,338,6,2023-04-08,Purchase,Purchase,157.4
3203,89,33,2024-10-08,ProductPage,Drop-off,
3204,304,11,2023-05-18,Homepage,Drop-off,
3205,129,12,2023-12-25,Purchase,Purchase,240.9
3206,311,28,2023-06-10,Homepage,View,421.3
3207,414,2,2024-08-29,Checkout,Drop-off,
3208,30,23,2023-03-15,Purchase,Purchase,72.8
3209,376,6,2024-01-17,Checkout,ADDTOCART,170.4
3210,120,37,2024-06-04,Purchase,Purchase,412.0
3211,24,16,2024-12-31,Checkout,AddToCart,372.4
3212,336,14,2023-05-15,HOMEPAGE,VIEW,350.6
3213,429,36,2023-07-17,Purchase,Purchase,148.7
3214,202,12,2024-10-22,Purchase,Purchase,264.4
3215,43,19,2024-09-04,Purchase,Purchase,448.8
3216,402,24,2024-08-16,Purchase,Purchase,96.7
3217,391,13,2024-07-05,ProductPage,View,61.2
3218,206,38,2024-03-31,HOMEPAGE,View,298.6
3219,164,18,2023-03-21,Checkout,AddToCart,141.7
3220,323,28,2024-12-25,Checkout,Drop-off,
3221,181,36,2024-05-06,Purchase,PURCHASE,325.0
3222,421,34,2024-11-23,ProductPage,View,520.2
3223,300,8,2024-02-10,ProductPage,view,290.4
3224,443,13,2023-06-15,Purchase,PURCHASE,113.4
3225,157,11,2023-09-24,PRODUCTPAGE,click,37.9
3226,465,1,2024-01-29,PRODUCTPAGE,Click,344.2
3227,488,18,2023-03-08,CHECKOUT,drop-off,
3228,371,19,2024-10-15,productpage,view,118.0
3229,410,13,2023-01-07,purchase,Purchase,129.9
3230,47,11,2024-01-15,checkout,AddToCart,438.5
3231,159,44,2024-09-09,ProductPage,Click,127.9
3232,481,37,2024-07-12,HOMEPAGE,Click,87.7
3233,437,34,2024-05-04,Checkout,drop-off,
3234,36,12,2023-05-19,CHECKOUT,Drop-off,
3235,153,13,2024-11-29,Homepage,View,484.0
3236,396,19,2023-09-12,ProductPage,AddToCart,56.9
3237,207,12,2024-08-27,ProductPage,AddToCart,229.2
3238,163,4,2023-04-25,Homepage,Click,110.2
3239,154,16,2023-03-22,CHECKOUT,Drop-off,
3240,125,24,2024-12-03,Checkout,AddToCart,45.0
3241,142,26,2023-08-14,Homepage,View,256.8
3242,156,8,2023-10-03,Checkout,Purchase,198.7
3243,55,9,2024-10-06,HOMEPAGE,VIEW,492.3
3244,92,29,2024-04-18,Homepage,CLICK,293.3
3245,96,36,2023-09-27,PRODUCTPAGE,View,118.5
3246,433,36,2023-08-12,Purchase,PURCHASE,173.1
3247,66,6,2024-08-16,Homepage,Click,17.8
3248,260,7,2024-07-26,Homepage,Click,312.8
3249,383,37,2024-09-05,checkout,Purchase,262.7
3250,227,11,2024-07-08,ProductPage,Drop-off,
3251,404,17,2023-01-29,ProductPage,Click,176.0
3252,325,28,2024-02-18,PURCHASE,Purchase,32.3
3253,346,11,2023-03-30,Purchase,Purchase,18.8
3254,152,42,2023-07-17,CHECKOUT,Drop-off,
3255,209,41,2023-08-28,HOMEPAGE,View,155.3
3256,321,28,2024-02-18,Purchase,Purchase,299.8
3257,108,37,2023-12-20,homepage,Click,108.9
3258,487,36,2023-11-29,homepage,click,179.5
3259,462,50,2023-03-14,Homepage,Click,167.6
3260,409,41,2023-11-27,Homepage,Drop-off,
3261,169,43,2024-07-13,Checkout,AddToCart,55.5
3262,231,38,2024-07-05,Checkout,Purchase,423.2
3263,338,43,2024-10-18,Purchase,Purchase,532.0
3264,4,6,2023-07-02,Homepage,Click,398.1
3265,160,21,2023-03-30,Purchase,Purchase,342.6
3266,339,18,2023-04-06,Purchase,Purchase,381.9
3267,28,5,2024-01-17,Checkout,purchase,287.4
3268,18,45,2024-07-24,Checkout,ADDTOCART,108.2
3269,32,28,2024-11-09,ProductPage,View,482.5
3270,149,18,2023-06-22,Checkout,DROP-OFF,
3271,89,49,2023-08-09,checkout,Drop-off,
3272,423,40,2024-02-11,HOMEPAGE,VIEW,505.2
3273,159,26,2024-07-05,CHECKOUT,PURCHASE,593.2
3274,15,31,2024-11-08,Purchase,Purchase,334.7
3275,380,18,2023-06-28,Homepage,View,358.1
3276,53,16,2024-01-17,productpage,View,65.2
3277,65,34,2023-04-24,Homepage,view,283.0
3278,312,32,2023-09-01,ProductPage,Click,56.8
3279,156,5,2024-03-24,Purchase,Purchase,336.4
3280,36,23,2023-01-25,Checkout,PURCHASE,342.2
3281,290,43,2023-06-03,ProductPage,drop-off,
3282,259,26,2024-10-12,Homepage,Click,273.2
3283,102,11,2024-02-28,Homepage,Click,26.6
3284,285,34,2023-02-09,CHECKOUT,Drop-off,
3285,392,41,2023-02-20,ProductPage,View,498.3
3286,387,26,2023-05-09,Purchase,Purchase,460.2
3287,292,19,2023-11-12,homepage,Click,487.2
3288,167,20,2024-09-19,checkout,Drop-off,
3289,478,21,2024-01-15,Homepage,View,234.9
3290,317,4,2023-08-13,Purchase,purchase,340.0
3291,115,30,2023-10-03,Homepage,Click,48.1
3292,307,3,2024-02-01,purchase,Purchase,130.6
3293,367,39,2023-08-25,Purchase,Purchase,542.8
3294,385,34,2024-05-19,Purchase,Purchase,299.2
3295,4,7,2024-01-09,Homepage,Click,588.9
3296,279,3,2023-03-16,Homepage,VIEW,464.1
3297,46,47,2023-03-05,Homepage,Drop-off,
3298,120,32,2024-01-07,HOMEPAGE,view,133.4
3299,202,13,2024-05-17,Checkout,Drop-off,
3300,161,23,2024-05-23,Homepage,drop-off,
3301,275,1,2023-04-21,Purchase,PURCHASE,293.9
3302,430,31,2023-01-03,PURCHASE,Purchase,348.5
3303,488,12,2023-08-12,Checkout,drop-off,
3304,164,29,2024-05-04,ProductPage,view,481.7
3305,281,24,2023-07-13,PURCHASE,Purchase,157.4
3306,484,3,2024-05-31,ProductPage,View,198.0
3307,301,48,2024-08-07,productpage,AddToCart,37.9
3308,53,19,2023-10-03,productpage,AddToCart,98.9
3309,129,13,2023-10-01,Purchase,Purchase,479.8
3310,8,13,2023-10-09,CHECKOUT,Drop-off,
3311,78,11,2024-03-01,Homepage,Click,335.9
3312,379,15,2024-12-01,Checkout,purchase,230.3
3313,72,36,2024-12-19,Checkout,AddToCart,51.0
3314,46,17,2023-12-10,PURCHASE,Purchase,89.4
3315,41,50,2023-02-27,checkout,Purchase,522.0
3316,384,14,2024-02-12,Checkout,AddToCart,67.2
3317,471,48,2023-04-29,Homepage,Drop-off,
3318,180,17,2023-04-21,Homepage,View,108.1
3319,34,29,2023-01-12,ProductPage,Click,588.9
3320,220,29,2023-07-18,PRODUCTPAGE,DROP-OFF,
3321,58,6,2023-08-29,PURCHASE,Purchase,338.9
3322,117,49,2023-06-29,Checkout,Purchase,399.3
3323,285,18,2023-04-23,ProductPage,Click,186.3
3324,82,32,2024-11-12,Homepage,VIEW,426.6
3325,464,8,2024-03-29,ProductPage,click,595.4
3326,272,41,2024-04-02,Purchase,Purchase,144.9
3327,400,7,2024-07-03,CHECKOUT,Drop-off,
3328,315,3,2024-03-22,ProductPage,Drop-off,
3329,31,41,2023-08-01,Checkout,ADDTOCART,485.7
3330,446,50,2023-08-21,Homepage,Click,319.4
3331,177,2,2024-06-29,ProductPage,addtocart,402.4
3332,105,42,2023-02-08,ProductPage,DROP-OFF,
3333,232,48,2023-06-05,Checkout,AddToCart,321.4
3334,156,48,2024-09-29,ProductPage,Click,465.8
3335,467,14,2024-12-05,Purchase,Purchase,406.3
3336,239,25,2023-05-28,Checkout,AddToCart,504.6
3337,267,41,2023-01-24,Checkout,PURCHASE,289.6
3338,10,42,2024-08-12,Homepage,drop-off,
3339,110,20,2023-03-09,Checkout,DROP-OFF,
3340,331,45,2024-03-04,ProductPage,AddToCart,170.2
3341,493,27,2023-03-27,PURCHASE,Purchase,106.3
3342,140,24,2024-12-29,checkout,PURCHASE,43.5
3343,316,18,2024-06-25,homepage,Click,137.4
3344,373,3,2024-10-17,purchase,Purchase,41.7
3345,426,20,2024-09-17,Checkout,AddToCart,131.7
3346,406,14,2024-12-10,Purchase,Purchase,76.0
3347,396,24,2024-09-19,Checkout,DROP-OFF,
3348,137,2,2023-01-18,CHECKOUT,addtocart,567.5
3349,233,32,2023-01-31,Homepage,Click,110.8
3350,163,25,2024-08-07,Purchase,Purchase,298.1
3351,83,35,2023-12-11,ProductPage,Click,199.8
3352,152,44,2023-10-25,Purchase,Purchase,40.6
3353,267,29,2024-02-28,ProductPage,view,400.6
3354,95,50,2024-03-04,Checkout,Drop-off,
3355,369,31,2023-07-27,Checkout,ADDTOCART,148.5
3356,98,8,2023-01-17,ProductPage,Drop-off,
3357,65,34,2024-08-24,Purchase,purchase,359.4
3358,214,49,2024-12-17,Homepage,View,434.5
3359,24,33,2023-04-21,Purchase,Purchase,435.0
3360,430,14,2023-05-24,ProductPage,AddToCart,271.0
3361,55,36,2023-12-22,PURCHASE,Purchase,98.1
3362,390,29,2023-09-12,productpage,Drop-off,
3363,283,42,2023-09-12,ProductPage,click,336.4
3364,210,24,2023-04-20,ProductPage,Click,326.3
3365,204,16,2023-02-02,ProductPage,Click,386.1
3366,430,39,2023-11-02,Checkout,Drop-off,
3367,171,2,2024-02-22,HOMEPAGE,CLICK,549.3
3368,75,31,2024-09-06,Purchase,Purchase,228.8
3369,184,12,2023-08-16,Homepage,view,320.0
3370,100,25,2023-07-12,Homepage,View,93.5
3371,9,46,2024-04-08,Checkout,drop-off,
3372,294,49,2024-04-05,homepage,Click,385.6
3373,71,32,2023-07-12,Homepage,View,395.9
3374,156,47,2024-05-12,Purchase,Purchase,134.7
3375,380,45,2024-07-13,ProductPage,Click,575.9
3376,449,36,2024-01-23,Checkout,Drop-off,
3377,483,7,2024-09-29,Checkout,Drop-off,
3378,127,7,2023-12-02,productpage,ADDTOCART,363.7
3379,209,44,2024-05-22,Checkout,ADDTOCART,475.5
3380,184,50,2023-08-01,Purchase,Purchase,80.7
3381,302,1,2023-04-20,Purchase,purchase,249.5
3382,275,44,2024-05-01,ProductPage,CLICK,431.4
3383,55,9,2023-08-13,Checkout,Purchase,129.8
3384,392,23,2024-04-10,ProductPage,Click,514.3
3385,120,15,2024-07-04,Purchase,Purchase,502.5
3386,410,21,2024-11-04,Homepage,Click,149.5
3387,439,13,2023-06-29,productpage,view,141.6
3388,89,26,2023-11-22,ProductPage,click,307.5
3389,246,46,2024-08-04,Purchase,purchase,46.9
3390,258,4,2024-10-02,Purchase,PURCHASE,19.6
3391,113,15,2023-11-12,Checkout,drop-off,
3392,246,26,2024-10-27,ProductPage,VIEW,481.4
3393,74,25,2024-08-04,checkout,ADDTOCART,427.4
3394,123,14,2023-08-10,productpage,Drop-off,
3395,486,47,2023-01-29,Purchase,purchase,88.7
3396,491,22,2023-02-25,Checkout,Drop-off,
3397,474,23,2024-08-13,ProductPage,View,69.5
3398,177,23,2023-11-17,ProductPage,ADDTOCART,256.5
3399,62,8,2024-04-08,ProductPage,AddToCart,22.5
3400,11,4,2024-12-25,Purchase,purchase,170.5
3401,220,3,2024-01-26,purchase,Purchase,378.7
3402,60,11,2023-06-06,PURCHASE,Purchase,517.3
3403,39,32,2023-11-12,Checkout,Purchase,119.0
3404,187,30,2023-01-14,Checkout,Purchase,401.7
3405,117,45,2023-03-22,Checkout,DROP-OFF,
3406,55,10,2024-07-22,ProductPage,DROP-OFF,
3407,344,46,2024-09-19,purchase,Purchase,57.4
3408,459,25,2023-12-24,Purchase,Purchase,409.5
3409,112,44,2024-04-16,purchase,Purchase,25.9
3410,153,11,2024-11-04,Checkout,Purchase,563.9
3411,470,9,2024-11-24,Purchase,Purchase,69.0
3412,119,25,2024-09-06,PURCHASE,Purchase,342.4
3413,389,28,2023-02-23,Homepage,VIEW,168.1
3414,47,42,2024-07-11,Purchase,PURCHASE,227.9
3415,451,9,2023-11-24,productpage,Drop-off,
3416,11,29,2023-10-03,productpage,Click,215.0
3417,50,19,2024-08-02,Purchase,PURCHASE,81.7
3418,188,16,2023-12-17,PRODUCTPAGE,Drop-off,
3419,381,6,2024-08-15,Homepage,Click,323.3
3420,499,49,2024-07-26,CHECKOUT,DROP-OFF,
3421,423,21,2024-04-18,productpage,View,210.0
3422,67,9,2023-10-16,Homepage,VIEW,498.4
3423,323,26,2024-03-19,Checkout,AddToCart,388.4
3424,121,2,2023-07-20,Homepage,view,115.5
3425,252,31,2023-01-03,Homepage,VIEW,482.7
3426,77,48,2024-01-29,Purchase,purchase,131.0
3427,463,35,2023-01-06,homepage,View,568.8
3428,316,7,2023-02-16,Homepage,Click,251.2
3429,312,3,2024-01-29,Purchase,Purchase,429.8
3430,258,28,2023-08-05,Checkout,purchase,529.6
3431,234,19,2024-05-06,Homepage,Click,341.1
3432,196,25,2023-11-03,Checkout,addtocart,137.2
3433,444,47,2023-11-30,Homepage,Click,147.4
3434,321,17,2024-02-01,HOMEPAGE,Drop-off,
3435,130,31,2024-12-19,ProductPage,View,258.3
3436,460,11,2023-03-20,Homepage,Click,566.2
3437,107,18,2023-10-23,Checkout,Drop-off,
3438,359,35,2024-03-26,Checkout,Drop-off,
3439,307,15,2023-10-14,Homepage,View,562.6
3440,50,18,2023-03-23,Purchase,Purchase,597.2
3441,4,23,2023-01-27,ProductPage,click,574.6
3442,208,46,2023-03-02,ProductPage,AddToCart,87.8
3443,173,28,2023-04-27,ProductPage,View,210.8
3444,486,47,2024-08-05,ProductPage,View,200.7
3445,8,22,2023-07-16,HOMEPAGE,view,500.0
3446,364,22,2024-09-06,productpage,Drop-off,
3447,445,13,2024-07-23,Purchase,Purchase,500.1
3448,86,22,2024-04-01,Homepage,View,42.9
3449,146,5,2023-03-15,CHECKOUT,DROP-OFF,
3450,111,12,2024-05-15,Homepage,VIEW,256.4
3451,40,7,2023-12-06,Checkout,purchase,323.1
3452,222,30,2023-06-12,homepage,click,319.3
3453,61,31,2024-06-25,purchase,Purchase,28.1
3454,132,18,2024-04-28,homepage,CLICK,477.9
3455,492,2,2024-12-02,Purchase,Purchase,360.3
3456,156,19,2024-06-16,Purchase,Purchase,432.9
3457,438,48,2024-05-25,ProductPage,Click,247.7
3458,428,8,2023-04-01,Checkout,drop-off,
3459,168,4,2023-05-19,Checkout,Purchase,544.4
3460,20,12,2024-12-01,Purchase,Purchase,433.2
3461,15,11,2024-06-08,PRODUCTPAGE,DROP-OFF,
3462,114,42,2024-05-07,Checkout,Drop-off,
3463,359,7,2023-03-24,PURCHASE,Purchase,258.2
3464,217,47,2024-10-11,Homepage,Click,173.0
3465,91,17,2023-04-14,Homepage,Drop-off,
3466,195,44,2024-12-01,Homepage,click,420.3
3467,223,28,2023-04-08,ProductPage,View,40.4
3468,211,25,2024-11-06,Checkout,Purchase,132.0
3469,269,1,2023-09-08,Purchase,Purchase,303.4
3470,409,50,2023-05-19,PRODUCTPAGE,Drop-off,
3471,145,23,2023-03-20,CHECKOUT,ADDTOCART,538.4
3472,46,27,2023-02-26,ProductPage,AddToCart,399.7
3473,491,24,2023-06-24,Homepage,view,557.7
3474,307,48,2024-01-06,Purchase,PURCHASE,380.5
3475,395,13,2023-08-19,Purchase,Purchase,366.7
3476,247,8,2023-09-22,homepage,View,423.7
3477,306,26,2024-07-04,homepage,VIEW,212.9
3478,113,38,2024-10-22,PRODUCTPAGE,Drop-off,
3479,276,6,2024-10-26,HOMEPAGE,click,272.7
3480,431,49,2023-04-24,Homepage,CLICK,70.1
3481,215,20,2023-11-13,Purchase,Purchase,540.1
3482,497,30,2024-08-31,Homepage,Click,148.8
3483,251,23,2023-07-12,PRODUCTPAGE,Drop-off,
3484,140,29,2023-11-10,ProductPage,View,478.4
3485,462,25,2023-12-04,Checkout,Purchase,300.4
3486,207,33,2024-09-04,purchase,purchase,147.3
3487,260,32,2023-06-05,productpage,addtocart,509.0
3488,238,50,2024-10-03,ProductPage,view,414.3
3489,235,6,2023-01-11,Purchase,Purchase,418.9
3490,407,2,2023-09-22,Purchase,PURCHASE,189.1
3491,259,25,2023-02-24,Homepage,View,72.0
3492,28,5,2024-01-17,Checkout,purchase,287.4
3493,229,31,2023-12-13,ProductPage,View,541.5
3494,241,13,2023-02-08,PURCHASE,Purchase,373.7
3495,367,43,2024-04-24,productpage,Drop-off,
3496,255,29,2024-10-15,Purchase,Purchase,203.1
3497,188,29,2024-12-24,productpage,AddToCart,269.1
3498,312,16,2024-07-30,ProductPage,click,222.4
3499,451,47,2023-08-24,HOMEPAGE,Click,148.5
3500,150,40,2024-08-03,ProductPage,View,347.1
3501,262,39,2024-12-30,Purchase,purchase,134.0
3502,442,12,2023-09-28,Homepage,View,524.7
3503,52,47,2024-06-23,productpage,AddToCart,232.9
3504,124,2,2023-08-29,Checkout,Drop-off,
3505,322,37,2024-01-16,Homepage,Click,333.7
3506,15,46,2024-12-18,Checkout,Drop-off,
3507,217,44,2024-04-10,Checkout,drop-off,
3508,106,12,2023-03-04,Homepage,CLICK,408.9
3509,86,47,2023-06-21,Homepage,Click,341.6
3510,396,45,2024-06-29,Checkout,AddToCart,311.6
3511,475,1,2023-10-16,CHECKOUT,Drop-off,
3512,112,47,2023-03-21,Checkout,drop-off,
3513,245,6,2023-12-28,ProductPage,Drop-off,
3514,482,34,2024-09-30,PURCHASE,Purchase,95.2
3515,321,30,2024-10-08,Checkout,Drop-off,
3516,437,30,2024-04-14,Purchase,Purchase,533.0
3517,191,17,2024-10-04,checkout,ADDTOCART,274.8
3518,41,30,2023-01-11,PRODUCTPAGE,Drop-off,
3519,479,23,2024-07-20,productpage,Drop-off,
3520,281,41,2023-03-12,HOMEPAGE,DROP-OFF,
3521,439,40,2024-07-25,Purchase,purchase,20.0
3522,429,44,2024-08-25,Homepage,Click,574.2
3523,404,48,2023-12-06,homepage,View,250.3
3524,421,7,2024-04-08,Purchase,Purchase,17.3
3525,456,21,2024-10-10,purchase,Purchase,16.0
3526,495,25,2023-03-02,checkout,addtocart,561.3
3527,89,49,2024-01-21,checkout,Drop-off,
3528,346,43,2024-02-10,homepage,VIEW,394.2
3529,45,8,2023-04-02,CHECKOUT,drop-off,
3530,410,21,2024-02-27,Checkout,drop-off,
3531,5,8,2024-11-15,CHECKOUT,Purchase,376.5
3532,108,30,2024-09-05,Checkout,AddToCart,11.2
3533,414,49,2024-09-09,Purchase,PURCHASE,58.1
3534,48,28,2023-11-03,productpage,Drop-off,
3535,426,34,2023-03-03,Checkout,AddToCart,307.5
3536,443,43,2023-08-12,Homepage,View,478.7
3537,249,48,2024-08-11,Checkout,Drop-off,
3538,103,47,2024-01-18,homepage,Drop-off,
3539,438,3,2023-03-20,Homepage,Drop-off,
3540,423,2,2023-04-20,Homepage,View,448.7
3541,437,17,2024-02-03,ProductPage,DROP-OFF,
3542,377,33,2023-05-03,Purchase,Purchase,165.9
3543,84,26,2023-05-23,Purchase,Purchase,336.2
3544,115,27,2024-11-10,HOMEPAGE,View,221.1
3545,134,41,2023-09-22,ProductPage,CLICK,156.9
3546,396,44,2023-09-05,ProductPage,CLICK,194.8
3547,442,44,2023-06-18,HOMEPAGE,VIEW,95.6
3548,397,11,2024-08-13,productpage,Click,372.5
3549,242,31,2023-06-24,ProductPage,drop-off,
3550,218,37,2024-02-07,Purchase,PURCHASE,42.6
3551,11,28,2023-11-04,ProductPage,VIEW,512.5
3552,106,29,2023-05-28,productpage,ADDTOCART,201.8
3553,155,50,2023-11-21,checkout,Purchase,253.5
3554,317,10,2023-03-28,Purchase,Purchase,177.7
3555,214,5,2023-09-10,Purchase,PURCHASE,25.3
3556,375,4,2024-01-06,ProductPage,Click,221.5
3557,392,45,2023-03-21,Purchase,Purchase,250.2
3558,356,31,2024-05-21,Purchase,Purchase,553.5
3559,70,50,2024-06-20,HOMEPAGE,View,44.0
3560,147,24,2023-01-23,HOMEPAGE,CLICK,551.1
3561,264,3,2024-11-13,Homepage,drop-off,
3562,159,41,2024-12-18,Checkout,Drop-off,
3563,258,15,2023-12-16,PURCHASE,purchase,148.3
3564,186,50,2024-01-15,Purchase,Purchase,369.7
3565,350,42,2023-11-26,Purchase,purchase,305.1
3566,453,17,2024-02-26,Homepage,View,296.6
3567,477,32,2023-11-20,homepage,Click,15.1
3568,91,28,2024-06-01,Purchase,purchase,393.8
3569,45,39,2023-09-17,ProductPage,Click,454.7
3570,328,14,2023-11-24,homepage,Drop-off,
3571,379,13,2024-12-02,Homepage,Drop-off,
3572,107,20,2023-10-26,purchase,purchase,239.4
3573,61,23,2024-08-06,PURCHASE,Purchase,228.0
3574,206,7,2024-09-24,Purchase,Purchase,399.2
3575,30,44,2024-05-04,CHECKOUT,PURCHASE,36.2
3576,451,47,2023-05-14,PURCHASE,Purchase,252.7
3577,450,28,2023-01-14,Homepage,View,127.9
3578,225,39,2024-01-19,Purchase,Purchase,346.0
3579,122,42,2023-02-18,checkout,addtocart,171.2
3580,142,19,2023-04-30,ProductPage,Click,239.1
3581,19,37,2023-09-30,ProductPage,View,375.9
3582,482,48,2024-12-18,Homepage,View,562.7
3583,398,7,2023-01-01,Homepage,view,128.7
3584,156,32,2023-11-04,PRODUCTPAGE,Drop-off,
3585,159,13,2023-02-01,Checkout,AddToCart,81.4
3586,59,46,2023-05-20,Checkout,Drop-off,
3587,331,15,2024-01-01,homepage,Click,517.0
3588,307,34,2023-10-22,purchase,Purchase,28.2
3589,357,38,2024-06-20,Purchase,Purchase,502.6
3590,154,24,2024-03-22,productpage,click,505.8
3591,281,10,2023-04-24,productpage,View,159.1
3592,72,31,2024-07-30,purchase,Purchase,292.6
3593,401,8,2023-06-29,checkout,Drop-off,
3594,237,12,2024-05-05,Purchase,Purchase,391.9
3595,429,45,2023-03-30,Purchase,PURCHASE,117.7
3596,129,9,2023-06-07,Homepage,click,380.7
3597,320,44,2023-02-21,ProductPage,View,271.7
3598,462,4,2023-01-19,productpage,View,71.6
3599,91,33,2023-06-16,CHECKOUT,Drop-off,
3600,87,13,2024-05-28,HOMEPAGE,View,92.6
3601,270,32,2023-11-16,Checkout,Drop-off,
3602,374,38,2023-12-23,Homepage,View,522.0
3603,395,48,2024-11-20,Homepage,View,548.8
3604,459,50,2023-10-15,Homepage,Drop-off,
3605,414,45,2024-10-25,ProductPage,Drop-off,
3606,415,45,2023-09-09,Checkout,AddToCart,210.6
3607,28,49,2024-03-18,Purchase,purchase,367.0
3608,93,25,2024-05-10,Purchase,Purchase,201.9
3609,60,36,2023-02-10,ProductPage,view,240.5
3610,244,45,2023-05-03,Checkout,drop-off,
3611,293,47,2023-09-14,Purchase,Purchase,395.2
3612,488,22,2024-06-03,HOMEPAGE,view,327.3
3613,310,47,2024-05-03,ProductPage,Drop-off,
3614,117,30,2024-01-06,CHECKOUT,AddToCart,366.1
3615,215,23,2024-06-10,PRODUCTPAGE,AddToCart,474.1
3616,200,31,2024-07-25,Homepage,view,99.5
3617,354,1,2024-03-01,Purchase,purchase,121.8
3618,56,49,2023-05-03,purchase,PURCHASE,570.6
3619,417,21,2023-07-22,ProductPage,View,171.9
3620,208,29,2024-07-23,ProductPage,view,81.7
3621,71,18,2023-03-04,ProductPage,View,145.9
3622,333,2,2024-09-23,Purchase,purchase,378.1
3623,212,32,2024-01-23,Checkout,Drop-off,
3624,230,2,2024-07-17,Checkout,addtocart,50.9
3625,82,38,2024-06-27,productpage,View,506.9
3626,64,50,2024-04-18,Checkout,DROP-OFF,
3627,157,3,2024-07-08,CHECKOUT,drop-off,
3628,92,3,2024-03-04,Checkout,Drop-off,
3629,215,2,2023-05-23,CHECKOUT,Purchase,225.8
3630,318,32,2023-07-06,ProductPage,Drop-off,
3631,399,17,2024-06-19,ProductPage,Click,333.4
3632,95,24,2023-05-28,Homepage,Click,136.7
3633,353,13,2024-04-16,Checkout,Drop-off,
3634,469,8,2023-05-21,HOMEPAGE,Drop-off,
3635,292,27,2023-06-03,ProductPage,Click,569.8
3636,229,36,2024-08-29,homepage,View,17.8
3637,212,38,2024-07-22,ProductPage,Drop-off,
3638,422,18,2024-07-30,PRODUCTPAGE,Click,346.8
3639,262,49,2024-06-13,purchase,Purchase,464.4
3640,455,38,2024-03-30,Homepage,Drop-off,
3641,361,20,2023-11-18,purchase,Purchase,486.6
3642,7,19,2024-04-04,Purchase,PURCHASE,412.9
3643,260,29,2023-03-12,ProductPage,Click,555.7
3644,135,36,2024-06-08,Purchase,Purchase,518.1
3645,268,45,2024-07-01,PRODUCTPAGE,Click,27.6
3646,371,37,2023-08-18,Checkout,Drop-off,
3647,80,40,2024-08-21,ProductPage,AddToCart,461.3
3648,118,27,2023-11-16,ProductPage,Click,40.8
3649,97,18,2024-02-24,ProductPage,View,366.7
3650,258,37,2024-06-13,productpage,View,590.8
3651,439,45,2024-12-17,Homepage,View,344.7
3652,253,38,2023-06-04,Checkout,AddToCart,280.0
3653,416,34,2023-04-03,Purchase,Purchase,469.6
3654,276,13,2023-09-27,HOMEPAGE,click,382.7
3655,328,6,2024-05-18,ProductPage,View,584.5
3656,344,24,2023-05-16,Homepage,Click,558.9
3657,421,43,2024-07-24,Homepage,Drop-off,
3658,88,5,2023-11-15,Checkout,Drop-off,
3659,58,40,2023-05-25,purchase,Purchase,124.1
3660,5,14,2024-08-21,PRODUCTPAGE,view,597.0
3661,155,26,2023-08-02,Purchase,PURCHASE,400.9
3662,456,20,2023-05-15,PRODUCTPAGE,AddToCart,424.5
3663,463,8,2023-04-01,Purchase,Purchase,90.3
3664,491,42,2023-04-03,CHECKOUT,Drop-off,
3665,373,19,2024-12-26,purchase,Purchase,523.6
3666,200,39,2023-10-17,ProductPage,Drop-off,
3667,4,1,2023-07-03,Homepage,Click,419.2
3668,429,49,2023-02-05,checkout,Purchase,311.9
3669,426,16,2023-06-09,Homepage,DROP-OFF,
3670,214,2,2024-10-19,Purchase,Purchase,341.4
3671,254,45,2023-05-23,Purchase,Purchase,315.9
3672,336,47,2024-07-30,CHECKOUT,Purchase,473.1
3673,473,16,2023-01-14,PURCHASE,Purchase,151.4
3674,360,16,2024-07-05,PRODUCTPAGE,VIEW,427.9
3675,464,50,2024-12-18,Purchase,Purchase,412.0
3676,443,39,2024-05-10,Homepage,View,97.3
3677,361,17,2023-10-08,homepage,DROP-OFF,
3678,390,15,2023-04-03,ProductPage,View,56.8
3679,34,43,2023-10-13,CHECKOUT,AddToCart,462.9
3680,456,38,2023-09-13,ProductPage,View,345.7
3681,325,41,2024-01-02,PRODUCTPAGE,View,325.9
3682,347,13,2024-09-02,Checkout,AddToCart,204.5
3683,57,21,2023-08-22,Homepage,View,535.9
3684,265,40,2024-10-08,Homepage,View,180.5
3685,317,5,2024-08-22,Homepage,CLICK,72.6
3686,446,29,2023-08-19,Checkout,Drop-off,
3687,19,31,2023-09-24,ProductPage,ADDTOCART,557.1
3688,374,42,2024-01-18,Homepage,Click,13.0
3689,109,5,2023-06-07,Purchase,Purchase,489.4
3690,271,27,2023-10-18,Homepage,View,295.9
3691,131,33,2023-04-25,Purchase,Purchase,257.8
3692,156,25,2023-07-12,Checkout,drop-off,
3693,17,8,2024-06-13,ProductPage,Click,342.6
3694,135,50,2023-06-14,PRODUCTPAGE,Click,447.0
3695,440,8,2024-08-11,ProductPage,Drop-off,
3696,437,7,2023-10-25,Purchase,Purchase,53.1
3697,407,24,2023-02-18,ProductPage,VIEW,259.1
3698,69,32,2023-01-05,Homepage,Click,555.4
3699,481,38,2023-04-17,Homepage,DROP-OFF,
3700,406,8,2023-06-23,Checkout,PURCHASE,479.4
3701,225,34,2023-10-30,homepage,Drop-off,
3702,497,35,2023-08-01,Checkout,AddToCart,357.0
3703,411,34,2024-08-22,homepage,Drop-off,
3704,396,7,2023-08-26,Checkout,Purchase,319.9
3705,164,35,2024-08-01,ProductPage,Click,407.4
3706,168,21,2023-07-27,Homepage,View,136.5
3707,96,2,2024-09-22,Purchase,purchase,578.5
3708,71,23,2023-10-18,productpage,Drop-off,
3709,402,11,2024-12-14,Purchase,Purchase,239.6
3710,9,31,2023-12-23,Checkout,Drop-off,
3711,140,9,2023-01-30,Checkout,Drop-off,
3712,251,2,2023-07-11,PRODUCTPAGE,View,147.5
3713,412,34,2023-10-20,ProductPage,View,146.7
3714,277,3,2024-06-14,Homepage,Click,364.4
3715,120,28,2023-09-08,Purchase,purchase,391.0
3716,349,4,2024-10-23,ProductPage,Drop-off,
3717,300,16,2023-07-26,checkout,Drop-off,
3718,242,39,2023-10-03,Homepage,Click,516.1
3719,491,21,2024-10-11,PRODUCTPAGE,Click,186.8
3720,312,16,2024-03-09,ProductPage,Click,254.2
3721,273,44,2024-06-29,Checkout,Purchase,419.0
3722,93,11,2023-08-21,ProductPage,Click,340.9
3723,366,29,2024-11-20,checkout,AddToCart,368.4
3724,486,32,2023-10-30,Checkout,Purchase,571.6
3725,3,37,2024-08-30,PRODUCTPAGE,ADDTOCART,196.1
3726,481,46,2024-02-14,Purchase,Purchase,85.0
3727,176,45,2024-05-30,checkout,AddToCart,285.9
3728,217,11,2023-10-06,HOMEPAGE,Click,135.0
3729,342,47,2023-11-11,Purchase,Purchase,528.9
3730,134,23,2024-11-24,PRODUCTPAGE,View,486.0
3731,378,28,2023-09-07,Homepage,View,99.5
3732,371,24,2024-09-07,Checkout,Purchase,558.1
3733,203,45,2023-06-08,Homepage,Drop-off,
3734,307,46,2023-07-25,Homepage,view,357.7
3735,18,22,2023-02-07,ProductPage,ADDTOCART,359.4
3736,381,4,2024-05-30,Purchase,Purchase,102.5
3737,339,48,2024-04-23,Checkout,Drop-off,
3738,27,27,2024-09-03,PURCHASE,Purchase,49.2
3739,394,20,2023-11-27,checkout,drop-off,
3740,62,9,2024-02-15,Homepage,View,20.4
3741,399,45,2024-07-04,Checkout,purchase,554.1
3742,109,18,2024-11-15,Homepage,Click,368.4
3743,488,32,2024-04-24,PRODUCTPAGE,addtocart,125.4
3744,363,30,2024-08-20,CHECKOUT,Drop-off,
3745,386,29,2024-10-29,Checkout,Drop-off,
3746,41,4,2024-04-02,productpage,View,562.4
3747,466,38,2024-05-06,ProductPage,DROP-OFF,
3748,271,14,2023-07-16,checkout,AddToCart,438.0
3749,379,21,2024-01-05,purchase,Purchase,199.5
3750,305,30,2023-11-11,Purchase,Purchase,374.5
3751,339,35,2024-04-18,Homepage,Drop-off,
3752,242,38,2023-05-16,ProductPage,View,344.3
3753,412,5,2023-05-30,ProductPage,drop-off,
3754,381,5,2024-02-03,ProductPage,View,428.7
3755,243,43,2024-08-14,Purchase,Purchase,14.9
3756,216,16,2023-08-04,ProductPage,VIEW,425.3
3757,32,10,2024-12-14,Homepage,View,582.7
3758,256,3,2023-10-04,Checkout,DROP-OFF,
3759,421,34,2024-08-05,Purchase,Purchase,32.6
3760,72,22,2023-01-09,Checkout,Drop-off,
3761,323,23,2024-06-26,productpage,View,204.8
3762,439,1,2024-10-19,Homepage,Click,265.2
3763,260,6,2024-03-12,Purchase,purchase,154.5
3764,150,43,2023-03-10,ProductPage,drop-off,
3765,378,32,2023-06-04,Purchase,Purchase,145.6
3766,479,44,2024-05-14,ProductPage,AddToCart,196.4
3767,56,2,2023-11-05,productpage,AddToCart,447.5
3768,312,24,2024-02-16,ProductPage,drop-off,
3769,409,30,2024-05-29,Checkout,PURCHASE,530.0
3770,315,38,2023-10-03,Purchase,Purchase,226.7
3771,408,8,2023-02-21,Purchase,Purchase,83.4
3772,361,11,2024-01-13,CHECKOUT,Purchase,485.2
3773,191,30,2023-03-28,Homepage,Click,359.2
3774,114,47,2023-08-28,productpage,Click,499.3
3775,13,4,2023-03-29,ProductPage,Click,27.5
3776,25,43,2023-04-21,Homepage,View,82.9
3777,186,25,2023-09-27,Purchase,Purchase,145.6
3778,453,12,2023-11-05,Checkout,AddToCart,63.2
3779,396,25,2023-07-26,ProductPage,Click,258.8
3780,367,49,2023-02-12,HOMEPAGE,Drop-off,
3781,474,22,2024-01-19,PRODUCTPAGE,View,411.0
3782,451,1,2024-04-30,ProductPage,Drop-off,
3783,198,16,2024-07-22,Homepage,click,443.0
3784,75,35,2024-01-11,Checkout,purchase,452.4
3785,366,49,2024-11-17,homepage,Drop-off,
3786,307,9,2024-06-26,Checkout,Purchase,85.6
3787,22,13,2023-02-26,ProductPage,Click,492.7
3788,391,2,2024-01-31,ProductPage,ADDTOCART,135.6
3789,343,48,2024-06-11,Purchase,PURCHASE,255.8
3790,62,36,2023-06-07,purchase,PURCHASE,464.0
3791,499,39,2024-05-22,Purchase,Purchase,120.9
3792,437,19,2023-03-05,CHECKOUT,Drop-off,
3793,462,29,2023-12-17,Homepage,Click,424.8
3794,226,3,2024-03-16,Homepage,View,524.9
3795,342,25,2023-07-17,Checkout,Purchase,547.3
3796,428,16,2024-09-25,Checkout,ADDTOCART,408.7
3797,372,37,2023-04-15,PRODUCTPAGE,Click,109.3
3798,158,3,2023-12-27,checkout,Purchase,454.8
3799,154,21,2023-04-06,homepage,Click,54.9
3800,468,50,2024-03-14,Purchase,Purchase,466.0
3801,491,3,2024-11-29,checkout,Purchase,161.4
3802,215,4,2024-04-30,PURCHASE,Purchase,138.8
3803,142,48,2024-09-22,Purchase,Purchase,146.8
3804,417,15,2023-11-09,Homepage,Drop-off,
3805,450,41,2023-10-09,ProductPage,Drop-off,
3806,475,31,2024-09-14,Purchase,Purchase,526.2
3807,72,13,2023-06-07,Purchase,Purchase,461.6
3808,419,7,2024-03-17,Checkout,Purchase,412.4
3809,241,45,2023-10-15,ProductPage,Drop-off,
3810,206,33,2023-12-12,ProductPage,CLICK,542.5
3811,267,12,2023-03-21,Checkout,Purchase,361.5
3812,11,24,2024-12-10,Checkout,Purchase,77.3
3813,442,11,2024-07-20,Checkout,Purchase,377.8
3814,404,26,2023-08-01,ProductPage,Click,181.5
3815,108,17,2023-04-10,Checkout,DROP-OFF,
3816,69,24,2024-02-11,Homepage,CLICK,166.5
3817,303,30,2024-10-15,ProductPage,View,418.5
3818,389,11,2024-01-25,Purchase,Purchase,292.7
3819,65,10,2023-12-19,Homepage,Click,211.9
3820,482,43,2023-10-21,Purchase,Purchase,263.2
3821,33,34,2023-09-04,ProductPage,AddToCart,588.1
3822,102,9,2023-10-30,Purchase,Purchase,375.0
3823,5,11,2024-03-07,Purchase,Purchase,69.1
3824,230,28,2023-04-06,Purchase,Purchase,175.6
3825,489,18,2024-05-18,Checkout,AddToCart,126.0
3826,42,22,2024-04-07,Homepage,Click,589.4
3827,159,22,2023-04-13,Homepage,Drop-off,
3828,405,47,2024-05-05,ProductPage,View,170.2
3829,440,1,2023-09-18,Checkout,PURCHASE,239.8
3830,368,20,2023-11-23,Checkout,AddToCart,459.1
3831,114,1,2024-07-23,productpage,Drop-off,
3832,288,14,2024-11-03,CHECKOUT,purchase,598.1
3833,102,32,2023-08-10,ProductPage,Click,530.6
3834,400,26,2023-12-28,Purchase,Purchase,19.1
3835,54,33,2024-02-07,ProductPage,addtocart,205.5
3836,355,8,2023-08-11,Purchase,Purchase,61.2
3837,410,20,2023-11-30,Checkout,ADDTOCART,362.6
3838,274,28,2023-02-14,ProductPage,DROP-OFF,
3839,207,30,2023-09-03,Homepage,Click,463.2
3840,49,15,2023-01-09,Homepage,CLICK,123.9
3841,404,8,2023-04-17,productpage,Drop-off,
3842,496,37,2023-08-16,Checkout,Drop-off,
3843,127,40,2023-12-21,Checkout,Drop-off,
3844,51,35,2024-08-31,productpage,VIEW,397.3
3845,418,43,2023-06-13,Homepage,Click,594.3
3846,183,38,2023-09-06,Purchase,Purchase,10.2
3847,447,35,2024-11-03,checkout,Drop-off,
3848,188,23,2024-04-21,Homepage,View,183.0
3849,114,20,2024-12-27,checkout,Drop-off,
3850,409,21,2024-07-05,Purchase,Purchase,49.6
3851,380,26,2023-01-08,Checkout,Drop-off,
3852,236,8,2023-05-10,checkout,DROP-OFF,
3853,140,46,2024-07-09,Purchase,PURCHASE,175.5
3854,194,2,2023-11-24,Homepage,Click,133.0
3855,151,6,2024-01-01,Checkout,Drop-off,
3856,411,37,2024-04-03,Homepage,Drop-off,
3857,389,21,2023-04-21,Checkout,Purchase,178.0
3858,472,47,2024-11-04,ProductPage,Drop-off,
3859,109,42,2024-11-14,PURCHASE,PURCHASE,326.6
3860,85,3,2023-07-23,Homepage,View,101.0
3861,222,27,2023-02-28,Homepage,drop-off,
3862,400,46,2024-08-31,Homepage,CLICK,236.1
3863,273,43,2024-08-03,ProductPage,Drop-off,
3864,168,10,2024-06-22,ProductPage,Click,28.9
3865,163,27,2024-02-05,Purchase,Purchase,42.2
3866,125,4,2024-07-10,Checkout,drop-off,
3867,360,48,2024-12-12,HOMEPAGE,Click,180.2
3868,338,17,2024-10-30,Homepage,View,166.1
3869,112,50,2023-12-30,HOMEPAGE,View,502.2
3870,262,31,2023-05-19,Checkout,Purchase,481.0
3871,115,2,2024-01-30,ProductPage,ADDTOCART,389.1
3872,229,39,2023-10-23,HOMEPAGE,View,323.2
3873,382,13,2023-08-22,ProductPage,View,282.4
3874,392,41,2023-12-16,Purchase,Purchase,220.8
3875,418,2,2024-03-20,Purchase,PURCHASE,187.3
3876,325,23,2023-01-31,purchase,Purchase,339.1
3877,259,25,2023-04-28,Checkout,AddToCart,295.7
3878,112,44,2024-11-02,CHECKOUT,Drop-off,
3879,10,50,2023-04-11,Checkout,AddToCart,159.2
3880,246,21,2023-11-05,Checkout,addtocart,228.6
3881,487,8,2024-03-08,Checkout,Drop-off,
3882,137,46,2024-06-16,Checkout,DROP-OFF,
3883,100,21,2024-05-12,Purchase,Purchase,419.1
3884,27,13,2024-03-08,ProductPage,View,361.1
3885,378,44,2024-02-16,Checkout,AddToCart,199.7
3886,448,5,2024-08-05,Homepage,View,304.2
3887,385,35,2023-04-17,Homepage,view,426.3
3888,256,43,2023-05-12,checkout,AddToCart,443.4
3889,428,22,2024-01-25,ProductPage,click,564.2
3890,252,2,2024-02-28,Homepage,Click,257.7
3891,65,14,2024-06-25,purchase,purchase,368.4
3892,474,41,2024-03-13,Homepage,View,166.1
3893,456,2,2024-01-22,Checkout,Drop-off,
3894,419,26,2024-04-27,Homepage,click,258.2
3895,389,21,2024-02-03,Homepage,Click,336.0
3896,162,27,2023-08-20,ProductPage,VIEW,163.0
3897,175,12,2024-11-29,Purchase,Purchase,498.3
3898,386,35,2024-08-01,productpage,Drop-off,
3899,66,50,2024-05-10,Purchase,Purchase,27.1
3900,404,28,2024-07-08,HOMEPAGE,view,402.4
3901,469,24,2024-12-14,ProductPage,View,249.9
3902,375,4,2024-07-07,ProductPage,VIEW,450.6
3903,135,34,2023-05-08,Purchase,PURCHASE,285.1
3904,37,22,2023-08-04,ProductPage,View,523.8
3905,269,25,2024-05-01,Homepage,Drop-off,
3906,52,26,2023-04-29,Checkout,Purchase,42.3
3907,440,26,2023-12-31,Purchase,Purchase,380.5
3908,498,22,2023-02-23,Homepage,Click,336.9
3909,44,16,2024-07-09,Checkout,Purchase,223.4
3910,298,48,2023-01-17,Homepage,Click,480.3
3911,306,30,2024-06-23,purchase,Purchase,427.7
3912,241,27,2023-12-12,purchase,Purchase,179.2
3913,371,15,2024-06-16,ProductPage,CLICK,393.6
3914,496,23,2024-02-10,Homepage,CLICK,28.3
3915,139,40,2023-10-28,Purchase,Purchase,104.2
3916,270,24,2023-03-16,Checkout,Drop-off,
3917,402,16,2023-12-19,PRODUCTPAGE,AddToCart,537.0
3918,136,22,2023-04-30,Homepage,View,35.5
3919,36,12,2023-11-04,purchase,Purchase,555.2
3920,208,11,2023-06-21,Checkout,AddToCart,195.8
3921,4,37,2024-06-19,Homepage,Click,484.5
3922,449,44,2023-02-13,Homepage,click,14.7
3923,131,34,2023-06-26,HOMEPAGE,Click,368.7
3924,453,17,2023-08-11,Homepage,View,207.0
3925,271,9,2024-02-22,Homepage,View,83.2
3926,291,42,2024-04-09,Purchase,PURCHASE,290.0
3927,66,12,2024-01-30,Checkout,Purchase,254.2
3928,95,45,2024-09-24,Homepage,Click,102.6
3929,329,8,2024-01-18,Homepage,View,72.0
3930,186,26,2024-01-11,HOMEPAGE,View,401.4
3931,228,3,2023-03-26,Purchase,Purchase,65.0
3932,94,23,2024-11-01,CHECKOUT,Purchase,268.5
3933,337,14,2024-09-05,Homepage,CLICK,86.6
3934,463,1,2023-07-06,Checkout,drop-off,
3935,14,17,2024-07-07,Homepage,Click,499.0
3936,40,40,2023-04-20,Homepage,DROP-OFF,
3937,389,8,2024-04-07,checkout,Drop-off,
3938,415,26,2024-08-25,Homepage,drop-off,
3939,391,4,2024-08-24,Homepage,View,543.7
3940,123,9,2023-10-16,PURCHASE,Purchase,225.7
3941,450,9,2023-01-22,Purchase,Purchase,439.1
3942,273,46,2024-01-19,Homepage,click,142.4
3943,239,29,2024-08-17,Checkout,drop-off,
3944,52,32,2023-07-17,PRODUCTPAGE,DROP-OFF,
3945,308,43,2024-03-09,productpage,Click,599.4
3946,424,44,2024-05-21,Homepage,VIEW,489.9
3947,349,8,2023-03-15,Purchase,Purchase,185.9
3948,316,44,2023-02-01,Homepage,Click,236.1
3949,392,16,2024-02-05,ProductPage,AddToCart,502.3
3950,304,15,2024-01-27,Homepage,Click,322.0
3951,160,33,2024-01-26,CHECKOUT,Drop-off,
3952,22,34,2024-12-30,ProductPage,click,247.4
3953,365,21,2024-12-16,Checkout,purchase,317.9
3954,235,34,2024-06-13,Purchase,Purchase,47.5
3955,364,26,2024-01-14,Checkout,AddToCart,574.2
3956,237,32,2024-11-05,Homepage,View,414.2
3957,272,38,2023-09-14,PRODUCTPAGE,VIEW,412.6
3958,18,8,2023-09-04,Purchase,Purchase,573.2
3959,426,35,2023-05-01,Checkout,Purchase,445.4
3960,369,6,2023-01-23,Homepage,Drop-off,
3961,147,2,2023-11-20,Checkout,Drop-off,
3962,418,25,2023-12-28,ProductPage,AddToCart,272.6
3963,444,22,2024-03-07,Homepage,Drop-off,
3964,242,31,2023-06-24,ProductPage,drop-off,
3965,32,18,2024-03-27,Checkout,Drop-off,
3966,107,15,2024-08-19,Purchase,purchase,353.1
3967,303,39,2024-11-04,productpage,click,443.1
3968,257,42,2023-04-24,CHECKOUT,Drop-off,
3969,299,36,2024-01-26,ProductPage,Click,370.8
3970,73,16,2024-12-06,productpage,Click,38.9
3971,154,47,2024-07-24,Homepage,Drop-off,
3972,337,49,2024-10-25,ProductPage,Drop-off,
3973,261,36,2023-07-07,Purchase,Purchase,510.0
3974,140,24,2024-03-05,Checkout,AddToCart,55.3
3975,89,40,2023-10-31,ProductPage,View,162.9
3976,438,42,2023-01-23,Purchase,Purchase,163.9
3977,133,25,2023-07-13,Checkout,addtocart,193.9
3978,44,14,2023-08-25,checkout,Drop-off,
3979,203,20,2023-11-13,Purchase,Purchase,274.2
3980,255,16,2024-02-19,ProductPage,drop-off,
3981,294,20,2023-06-03,Homepage,view,17.1
3982,227,50,2023-10-05,Purchase,Purchase,147.7
3983,293,19,2024-02-20,Checkout,addtocart,483.2
3984,173,14,2024-01-16,Homepage,DROP-OFF,
3985,396,31,2024-09-04,Purchase,purchase,467.4
3986,59,43,2023-11-13,Homepage,Click,546.3
3987,59,44,2024-02-21,Checkout,Drop-off,
3988,474,24,2023-10-10,purchase,Purchase,230.5
3989,233,30,2023-05-22,Purchase,PURCHASE,379.8
3990,389,32,2024-06-02,ProductPage,DROP-OFF,
3991,171,4,2023-09-22,Checkout,ADDTOCART,128.4
3992,187,22,2023-01-31,Purchase,PURCHASE,260.3
3993,153,17,2023-07-29,ProductPage,View,258.6
3994,336,16,2023-10-27,ProductPage,AddToCart,55.3
3995,414,26,2023-10-24,ProductPage,Drop-off,
3996,376,7,2023-02-21,ProductPage,Click,305.5
3997,396,15,2024-04-19,HOMEPAGE,Click,259.5
3998,300,15,2023-06-13,Homepage,View,476.8
3999,467,28,2023-03-11,Purchase,PURCHASE,307.3
4000,307,46,2024-06-02,Purchase,purchase,534.4
